[2026-09-01 01:48:36] [GATE-0] [INFO] === Gate 0 Pre-Flight Verification ===
[2026-09-01 01:48:36] [GATE-0] [INFO] CHECK 1: Verifying proof artifacts...
[2026-09-01 01:48:36] [GATE-0] [INFO]   ✓ Found: 1_agentacct_config.json
[2026-09-01 01:48:36] [GATE-0] [WARN]   ✗ Missing: 2_unlazy_gates.md (will be generated during execution)
[2026-09-01 01:48:36] [GATE-0] [WARN]   ✗ Missing: 3_is_agentic.json (will be generated during execution)
[2026-09-01 01:48:36] [GATE-0] [WARN]   ✗ Missing: 4_canirun_grades.json (will be generated during execution)
[2026-09-01 01:48:36] [GATE-0] [INFO]   ✓ Found: 5_ap2_ledger_pqc.md
[2026-09-01 01:48:36] [GATE-0] [INFO]   ✓ Found: 6_ragas_golden_set.json
[2026-09-01 01:48:36] [GATE-0] [INFO]   ✓ Found: 7_freetoken_benchmark.json
[2026-09-01 01:48:36] [GATE-0] [INFO] CHECK 2: Verifying git state...
[2026-09-01 01:48:36] [GATE-0] [INFO]   ✓ Valid git repository
[2026-09-01 01:48:39] [GATE-0] [WARN]   ⚠ Uncommitted changes detected (non-blocking)
[2026-09-01 01:48:39] [GATE-0] [WARN]   ⚠ Last commit not signed (warning only)
[2026-09-01 01:48:39] [GATE-0] [INFO] CHECK 3: Verifying AP2 ledger structure...
[2026-09-01 01:48:39] [GATE-0] [INFO]   ✓ AP2 ledger will be initialized on first tool use
[2026-09-01 01:48:39] [GATE-0] [INFO] CHECK 4: Verifying work receipts directory...
[2026-09-01 01:48:39] [GATE-0] [INFO]   ✓ Work receipts directory will be initialized by agentacct
[2026-09-01 01:48:39] [GATE-0] [INFO] CHECK 5: Verifying Python dependencies...
[2026-09-01 01:48:39] [GATE-0] [INFO]   ✓ Python module available: json
[2026-09-01 01:48:39] [GATE-0] [INFO]   ✓ Python module available: hashlib
[2026-09-01 01:48:39] [GATE-0] [INFO]   ✓ Python module available: dataclasses
[2026-09-01 01:48:39] [GATE-0] [INFO]   ✓ Python module available: pathlib
[2026-09-01 01:48:39] [GATE-0] [INFO] CHECK 6: Verifying gate dependencies...
[2026-09-01 01:48:39] [GATE-0] [INFO]   ✓ Gate 1-3 validator script ready
[2026-09-01 01:48:39] [GATE-0] [INFO]   ✓ Gate 4-5 validator script ready
[2026-09-01 01:48:39] [GATE-0] [INFO]   ✓ agentacct capture module available
[2026-09-01 01:48:39] [GATE-0] [INFO]   ✓ unlazy gates module available
[2026-09-01 01:48:39] [GATE-0] [INFO] =========================================
[2026-09-01 01:48:39] [GATE-0] [INFO] Gate 0 Summary:
[2026-09-01 01:48:39] [GATE-0] [INFO]   Proof Artifacts: 4/7
[2026-09-01 01:48:39] [GATE-0] [INFO]   Git State:       1/3
[2026-09-01 01:48:39] [GATE-0] [INFO]   AP2 Ledger:      1/1
[2026-09-01 01:48:39] [GATE-0] [INFO]   Work Receipts:   1/1
[2026-09-01 01:48:39] [GATE-0] [INFO]   Python Modules:  4/4
[2026-09-01 01:48:39] [GATE-0] [INFO]   Dependencies:    4/4
[2026-09-01 01:48:39] [GATE-0] [INFO] =========================================
[2026-09-01 01:48:39] [GATE-0] [INFO] TOTAL: 15/20 checks passed
[2026-09-01 01:48:39] [GATE-0] [INFO] Gate 0 PASSED: Pre-flight verification complete
[2026-09-01 01:48:57] [GATE-0] [INFO] === Gate 0 Pre-Flight Verification ===
[2026-09-01 01:48:57] [GATE-0] [INFO] CHECK 1: Verifying proof artifacts...
[2026-09-01 01:48:57] [GATE-0] [INFO]   ✓ Found: 1_agentacct_config.json
[2026-09-01 01:48:57] [GATE-0] [WARN]   ✗ Missing: 2_unlazy_gates.md (will be generated during execution)
[2026-09-01 01:48:57] [GATE-0] [WARN]   ✗ Missing: 3_is_agentic.json (will be generated during execution)
[2026-09-01 01:48:57] [GATE-0] [WARN]   ✗ Missing: 4_canirun_grades.json (will be generated during execution)
[2026-09-01 01:48:57] [GATE-0] [INFO] === Gate 0 Pre-Flight Verification ===
[2026-09-01 01:48:57] [GATE-0] [INFO]   ✓ Found: 5_ap2_ledger_pqc.md
[2026-09-01 01:48:57] [GATE-0] [INFO] CHECK 1: Verifying proof artifacts...
[2026-09-01 01:48:57] [GATE-0] [INFO]   ✓ Found: 6_ragas_golden_set.json
[2026-09-01 01:48:57] [GATE-0] [INFO]   ✓ Found: 1_agentacct_config.json
[2026-09-01 01:48:57] [GATE-0] [INFO]   ✓ Found: 7_freetoken_benchmark.json
[2026-09-01 01:48:57] [GATE-0] [WARN]   ✗ Missing: 2_unlazy_gates.md (will be generated during execution)
[2026-09-01 01:48:57] [GATE-0] [INFO] CHECK 2: Verifying git state...
[2026-09-01 01:48:57] [GATE-0] [WARN]   ✗ Missing: 3_is_agentic.json (will be generated during execution)
[2026-09-01 01:48:57] [GATE-0] [WARN]   ✗ Missing: 4_canirun_grades.json (will be generated during execution)
[2026-09-01 01:48:57] [GATE-0] [INFO]   ✓ Found: 5_ap2_ledger_pqc.md
[2026-09-01 01:48:57] [GATE-0] [INFO]   ✓ Found: 6_ragas_golden_set.json
[2026-09-01 01:48:57] [GATE-0] [INFO]   ✓ Found: 7_freetoken_benchmark.json
[2026-09-01 01:48:57] [GATE-0] [INFO] CHECK 2: Verifying git state...
[2026-09-01 01:48:57] [GATE-0] [INFO]   ✓ Valid git repository
[2026-09-01 01:48:57] [GATE-0] [INFO]   ✓ Valid git repository
[2026-09-01 01:48:59] [GATE-0] [WARN]   ⚠ Uncommitted changes detected (non-blocking)
[2026-09-01 01:48:59] [GATE-0] [WARN]   ⚠ Uncommitted changes detected (non-blocking)
[2026-09-01 01:48:59] [GATE-0] [WARN]   ⚠ Last commit not signed (warning only)
[2026-09-01 01:48:59] [GATE-0] [INFO] CHECK 3: Verifying AP2 ledger structure...
[2026-09-01 01:48:59] [GATE-0] [WARN]   ⚠ Last commit not signed (warning only)
[2026-09-01 01:48:59] [GATE-0] [INFO]   ✓ AP2 ledger directory exists
[2026-09-01 01:48:59] [GATE-0] [INFO] CHECK 3: Verifying AP2 ledger structure...
[2026-09-01 01:48:59] [GATE-0] [INFO]   ✓ AP2 ledger directory exists
[2026-09-01 01:48:59] [GATE-0] [WARN]   ⚠ No ledger entries yet (will be created during execution)
[2026-09-01 01:48:59] [GATE-0] [INFO] CHECK 4: Verifying work receipts directory...
[2026-09-01 01:48:59] [GATE-0] [WARN]   ⚠ No ledger entries yet (will be created during execution)
[2026-09-01 01:48:59] [GATE-0] [INFO]   ✓ Work receipts directory exists
[2026-09-01 01:48:59] [GATE-0] [INFO] CHECK 4: Verifying work receipts directory...
[2026-09-01 01:48:59] [GATE-0] [INFO]   ✓ Work receipts directory exists
[2026-09-01 01:48:59] [GATE-0] [INFO]   ✓ Found        0 work receipt files
[2026-09-01 01:48:59] [GATE-0] [INFO] CHECK 5: Verifying Python dependencies...
[2026-09-01 01:48:59] [GATE-0] [INFO]   ✓ Found        0 work receipt files
[2026-09-01 01:48:59] [GATE-0] [INFO] CHECK 5: Verifying Python dependencies...
[2026-09-01 01:48:59] [GATE-0] [INFO]   ✓ Python module available: json
[2026-09-01 01:48:59] [GATE-0] [INFO]   ✓ Python module available: json
[2026-09-01 01:48:59] [GATE-0] [INFO]   ✓ Python module available: hashlib
[2026-09-01 01:49:00] [GATE-0] [INFO]   ✓ Python module available: hashlib
[2026-09-01 01:49:00] [GATE-0] [INFO]   ✓ Python module available: dataclasses
[2026-09-01 01:49:00] [GATE-0] [INFO]   ✓ Python module available: dataclasses
[2026-09-01 01:49:00] [GATE-0] [INFO]   ✓ Python module available: pathlib
[2026-09-01 01:49:00] [GATE-0] [INFO] CHECK 6: Verifying gate dependencies...
[2026-09-01 01:49:00] [GATE-0] [INFO]   ✓ Gate 1-3 validator script ready
[2026-09-01 01:49:00] [GATE-0] [INFO]   ✓ Gate 4-5 validator script ready
[2026-09-01 01:49:00] [GATE-0] [INFO]   ✓ agentacct capture module available
[2026-09-01 01:49:00] [GATE-0] [INFO]   ✓ unlazy gates module available
[2026-09-01 01:49:00] [GATE-0] [INFO]   ✓ Python module available: pathlib
[2026-09-01 01:49:00] [GATE-0] [INFO] =========================================
[2026-09-01 01:49:00] [GATE-0] [INFO] Gate 0 Summary:
[2026-09-01 01:49:00] [GATE-0] [INFO] CHECK 6: Verifying gate dependencies...
[2026-09-01 01:49:00] [GATE-0] [INFO]   Proof Artifacts: 4/7
[2026-09-01 01:49:00] [GATE-0] [INFO]   ✓ Gate 1-3 validator script ready
[2026-09-01 01:49:00] [GATE-0] [INFO]   Git State:       1/3
[2026-09-01 01:49:00] [GATE-0] [INFO]   ✓ Gate 4-5 validator script ready
[2026-09-01 01:49:00] [GATE-0] [INFO]   AP2 Ledger:      1/2
[2026-09-01 01:49:00] [GATE-0] [INFO]   ✓ agentacct capture module available
[2026-09-01 01:49:00] [GATE-0] [INFO]   Work Receipts:   2/2
[2026-09-01 01:49:00] [GATE-0] [INFO]   ✓ unlazy gates module available
[2026-09-01 01:49:00] [GATE-0] [INFO]   Python Modules:  4/4
[2026-09-01 01:49:00] [GATE-0] [INFO] =========================================
[2026-09-01 01:49:00] [GATE-0] [INFO]   Dependencies:    4/4
[2026-09-01 01:49:00] [GATE-0] [INFO] Gate 0 Summary:
[2026-09-01 01:49:00] [GATE-0] [INFO]   Proof Artifacts: 4/7
[2026-09-01 01:49:00] [GATE-0] [INFO] =========================================
[2026-09-01 01:49:00] [GATE-0] [INFO] TOTAL: 16/22 checks passed
[2026-09-01 01:49:00] [GATE-0] [INFO]   Git State:       1/3
[2026-09-01 01:49:00] [GATE-0] [INFO]   AP2 Ledger:      1/2
[2026-09-01 01:49:00] [GATE-0] [INFO] Gate 0 PASSED: Pre-flight verification complete
[2026-09-01 01:49:00] [GATE-0] [INFO]   Work Receipts:   2/2
[2026-09-01 01:49:00] [GATE-0] [INFO]   Python Modules:  4/4
[2026-09-01 01:49:00] [GATE-0] [INFO]   Dependencies:    4/4
[2026-09-01 01:49:00] [GATE-0] [INFO] =========================================
[2026-09-01 01:49:00] [GATE-0] [INFO] TOTAL: 16/22 checks passed
[2026-09-01 01:49:00] [GATE-0] [INFO] Gate 0 PASSED: Pre-flight verification complete
[2026-09-01 01:49:12] [GATE-0] [INFO] === Gate 0 Pre-Flight Verification ===
[2026-09-01 01:49:12] [GATE-0] [INFO] CHECK 1: Verifying proof artifacts...
[2026-09-01 01:49:12] [GATE-0] [INFO]   ✓ Found: 1_agentacct_config.json
[2026-09-01 01:49:12] [GATE-0] [WARN]   ✗ Missing: 2_unlazy_gates.md (will be generated during execution)
[2026-09-01 01:49:12] [GATE-0] [WARN]   ✗ Missing: 3_is_agentic.json (will be generated during execution)
[2026-09-01 01:49:12] [GATE-0] [WARN]   ✗ Missing: 4_canirun_grades.json (will be generated during execution)
[2026-09-01 01:49:13] [GATE-0] [INFO]   ✓ Found: 5_ap2_ledger_pqc.md
[2026-09-01 01:49:13] [GATE-0] [INFO]   ✓ Found: 6_ragas_golden_set.json
[2026-09-01 01:49:13] [GATE-0] [INFO]   ✓ Found: 7_freetoken_benchmark.json
[2026-09-01 01:49:13] [GATE-0] [INFO] CHECK 2: Verifying git state...
[2026-09-01 01:49:13] [GATE-0] [INFO]   ✓ Valid git repository
[2026-09-01 01:49:14] [GATE-0] [WARN]   ⚠ Uncommitted changes detected (non-blocking)
[2026-09-01 01:49:14] [GATE-0] [WARN]   ⚠ Last commit not signed (warning only)
[2026-09-01 01:49:14] [GATE-0] [INFO] CHECK 3: Verifying AP2 ledger structure...
[2026-09-01 01:49:14] [GATE-0] [INFO]   ✓ AP2 ledger directory exists
[2026-09-01 01:49:14] [GATE-0] [WARN]   ⚠ No ledger entries yet (will be created during execution)
[2026-09-01 01:49:14] [GATE-0] [INFO] CHECK 4: Verifying work receipts directory...
[2026-09-01 01:49:14] [GATE-0] [INFO]   ✓ Work receipts directory exists
[2026-09-01 01:49:14] [GATE-0] [INFO]   ✓ Found        0 work receipt files
[2026-09-01 01:49:14] [GATE-0] [INFO] CHECK 5: Verifying Python dependencies...
[2026-09-01 01:49:14] [GATE-0] [INFO]   ✓ Python module available: json
[2026-09-01 01:49:14] [GATE-0] [INFO]   ✓ Python module available: hashlib
[2026-09-01 01:49:14] [GATE-0] [INFO]   ✓ Python module available: dataclasses
[2026-09-01 01:49:14] [GATE-0] [INFO]   ✓ Python module available: pathlib
[2026-09-01 01:49:14] [GATE-0] [INFO] CHECK 6: Verifying gate dependencies...
[2026-09-01 01:49:14] [GATE-0] [INFO]   ✓ Gate 1-3 validator script ready
[2026-09-01 01:49:14] [GATE-0] [INFO]   ✓ Gate 4-5 validator script ready
[2026-09-01 01:49:14] [GATE-0] [INFO]   ✓ agentacct capture module available
[2026-09-01 01:49:14] [GATE-0] [INFO]   ✓ unlazy gates module available
[2026-09-01 01:49:14] [GATE-0] [INFO] =========================================
[2026-09-01 01:49:14] [GATE-0] [INFO] Gate 0 Summary:
[2026-09-01 01:49:14] [GATE-0] [INFO]   Proof Artifacts: 4/7
[2026-09-01 01:49:14] [GATE-0] [INFO]   Git State:       1/3
[2026-09-01 01:49:14] [GATE-0] [INFO]   AP2 Ledger:      1/2
[2026-09-01 01:49:14] [GATE-0] [INFO]   Work Receipts:   2/2
[2026-09-01 01:49:14] [GATE-0] [INFO]   Python Modules:  4/4
[2026-09-01 01:49:14] [GATE-0] [INFO]   Dependencies:    4/4
[2026-09-01 01:49:14] [GATE-0] [INFO] =========================================
[2026-09-01 01:49:14] [GATE-0] [INFO] TOTAL: 16/22 checks passed
[2026-09-01 01:49:14] [GATE-0] [INFO] Gate 0 PASSED: Pre-flight verification complete
[2026-09-01 01:49:20] [GATE-0] [INFO] === Gate 0 Pre-Flight Verification ===
[2026-09-01 01:49:20] [GATE-0] [INFO] CHECK 1: Verifying proof artifacts...
[2026-09-01 01:49:20] [GATE-0] [INFO]   ✓ Found: 1_agentacct_config.json
[2026-09-01 01:49:20] [GATE-0] [WARN]   ✗ Missing: 2_unlazy_gates.md (will be generated during execution)
[2026-09-01 01:49:20] [GATE-0] [WARN]   ✗ Missing: 3_is_agentic.json (will be generated during execution)
[2026-09-01 01:49:20] [GATE-0] [WARN]   ✗ Missing: 4_canirun_grades.json (will be generated during execution)
[2026-09-01 01:49:20] [GATE-0] [INFO]   ✓ Found: 5_ap2_ledger_pqc.md
[2026-09-01 01:49:20] [GATE-0] [INFO]   ✓ Found: 6_ragas_golden_set.json
[2026-09-01 01:49:20] [GATE-0] [INFO]   ✓ Found: 7_freetoken_benchmark.json
[2026-09-01 01:49:20] [GATE-0] [INFO] CHECK 2: Verifying git state...
[2026-09-01 01:49:20] [GATE-0] [INFO]   ✓ Valid git repository
[2026-09-01 01:49:21] [GATE-0] [WARN]   ⚠ Uncommitted changes detected (non-blocking)
[2026-09-01 01:49:21] [GATE-0] [WARN]   ⚠ Last commit not signed (warning only)
[2026-09-01 01:49:21] [GATE-0] [INFO] CHECK 3: Verifying AP2 ledger structure...
[2026-09-01 01:49:21] [GATE-0] [INFO]   ✓ AP2 ledger directory exists
[2026-09-01 01:49:21] [GATE-0] [WARN]   ⚠ No ledger entries yet (will be created during execution)
[2026-09-01 01:49:21] [GATE-0] [INFO] CHECK 4: Verifying work receipts directory...
[2026-09-01 01:49:21] [GATE-0] [INFO]   ✓ Work receipts directory exists
[2026-09-01 01:49:21] [GATE-0] [INFO]   ✓ Found        0 work receipt files
[2026-09-01 01:49:21] [GATE-0] [INFO] CHECK 5: Verifying Python dependencies...
[2026-09-01 01:49:21] [GATE-0] [INFO]   ✓ Python module available: json
[2026-09-01 01:49:21] [GATE-0] [INFO]   ✓ Python module available: hashlib
[2026-09-01 01:49:21] [GATE-0] [INFO]   ✓ Python module available: dataclasses
[2026-09-01 01:49:21] [GATE-0] [INFO]   ✓ Python module available: pathlib
[2026-09-01 01:49:21] [GATE-0] [INFO] CHECK 6: Verifying gate dependencies...
[2026-09-01 01:49:21] [GATE-0] [INFO]   ✓ Gate 1-3 validator script ready
[2026-09-01 01:49:21] [GATE-0] [INFO]   ✓ Gate 4-5 validator script ready
[2026-09-01 01:49:21] [GATE-0] [INFO]   ✓ agentacct capture module available
[2026-09-01 01:49:21] [GATE-0] [INFO]   ✓ unlazy gates module available
[2026-09-01 01:49:21] [GATE-0] [INFO] =========================================
[2026-09-01 01:49:21] [GATE-0] [INFO] Gate 0 Summary:
[2026-09-01 01:49:21] [GATE-0] [INFO]   Proof Artifacts: 4/7
[2026-09-01 01:49:21] [GATE-0] [INFO]   Git State:       1/3
[2026-09-01 01:49:21] [GATE-0] [INFO]   AP2 Ledger:      1/2
[2026-09-01 01:49:21] [GATE-0] [INFO]   Work Receipts:   2/2
[2026-09-01 01:49:21] [GATE-0] [INFO]   Python Modules:  4/4
[2026-09-01 01:49:21] [GATE-0] [INFO]   Dependencies:    4/4
[2026-09-01 01:49:21] [GATE-0] [INFO] =========================================
[2026-09-01 01:49:21] [GATE-0] [INFO] TOTAL: 16/22 checks passed
[2026-09-01 01:49:21] [GATE-0] [INFO] Gate 0 PASSED: Pre-flight verification complete
[2026-09-01 01:49:23] [GATE-0] [INFO] === Gate 0 Pre-Flight Verification ===
[2026-09-01 01:49:23] [GATE-0] [INFO] CHECK 1: Verifying proof artifacts...
[2026-09-01 01:49:23] [GATE-0] [INFO]   ✓ Found: 1_agentacct_config.json
[2026-09-01 01:49:23] [GATE-0] [WARN]   ✗ Missing: 2_unlazy_gates.md (will be generated during execution)
[2026-09-01 01:49:23] [GATE-0] [WARN]   ✗ Missing: 3_is_agentic.json (will be generated during execution)
[2026-09-01 01:49:23] [GATE-0] [WARN]   ✗ Missing: 4_canirun_grades.json (will be generated during execution)
[2026-09-01 01:49:23] [GATE-0] [INFO]   ✓ Found: 5_ap2_ledger_pqc.md
[2026-09-01 01:49:23] [GATE-0] [INFO]   ✓ Found: 6_ragas_golden_set.json
[2026-09-01 01:49:23] [GATE-0] [INFO]   ✓ Found: 7_freetoken_benchmark.json
[2026-09-01 01:49:23] [GATE-0] [INFO] CHECK 2: Verifying git state...
[2026-09-01 01:49:23] [GATE-0] [INFO]   ✓ Valid git repository
[2026-09-01 01:49:24] [GATE-0] [WARN]   ⚠ Uncommitted changes detected (non-blocking)
[2026-09-01 01:49:24] [GATE-0] [WARN]   ⚠ Last commit not signed (warning only)
[2026-09-01 01:49:24] [GATE-0] [INFO] CHECK 3: Verifying AP2 ledger structure...
[2026-09-01 01:49:24] [GATE-0] [INFO]   ✓ AP2 ledger directory exists
[2026-09-01 01:49:24] [GATE-0] [WARN]   ⚠ No ledger entries yet (will be created during execution)
[2026-09-01 01:49:24] [GATE-0] [INFO] CHECK 4: Verifying work receipts directory...
[2026-09-01 01:49:24] [GATE-0] [INFO]   ✓ Work receipts directory exists
[2026-09-01 01:49:24] [GATE-0] [INFO]   ✓ Found        0 work receipt files
[2026-09-01 01:49:24] [GATE-0] [INFO] CHECK 5: Verifying Python dependencies...
[2026-09-01 01:49:24] [GATE-0] [INFO]   ✓ Python module available: json
[2026-09-01 01:49:25] [GATE-0] [INFO]   ✓ Python module available: hashlib
[2026-09-01 01:49:25] [GATE-0] [INFO]   ✓ Python module available: dataclasses
[2026-09-01 01:49:25] [GATE-0] [INFO]   ✓ Python module available: pathlib
[2026-09-01 01:49:25] [GATE-0] [INFO] CHECK 6: Verifying gate dependencies...
[2026-09-01 01:49:25] [GATE-0] [INFO]   ✓ Gate 1-3 validator script ready
[2026-09-01 01:49:25] [GATE-0] [INFO]   ✓ Gate 4-5 validator script ready
[2026-09-01 01:49:25] [GATE-0] [INFO]   ✓ agentacct capture module available
[2026-09-01 01:49:25] [GATE-0] [INFO]   ✓ unlazy gates module available
[2026-09-01 01:49:25] [GATE-0] [INFO] =========================================
[2026-09-01 01:49:25] [GATE-0] [INFO] Gate 0 Summary:
[2026-09-01 01:49:25] [GATE-0] [INFO]   Proof Artifacts: 4/7
[2026-09-01 01:49:25] [GATE-0] [INFO]   Git State:       1/3
[2026-09-01 01:49:25] [GATE-0] [INFO]   AP2 Ledger:      1/2
[2026-09-01 01:49:25] [GATE-0] [INFO]   Work Receipts:   2/2
[2026-09-01 01:49:25] [GATE-0] [INFO]   Python Modules:  4/4
[2026-09-01 01:49:25] [GATE-0] [INFO]   Dependencies:    4/4
[2026-09-01 01:49:25] [GATE-0] [INFO] =========================================
[2026-09-01 01:49:25] [GATE-0] [INFO] TOTAL: 16/22 checks passed
[2026-09-01 01:49:25] [GATE-0] [INFO] Gate 0 PASSED: Pre-flight verification complete
[2026-09-01 01:49:25] [GATE-0] [INFO] === Gate 0 Pre-Flight Verification ===
[2026-09-01 01:49:25] [GATE-0] [INFO] CHECK 1: Verifying proof artifacts...
[2026-09-01 01:49:25] [GATE-0] [INFO]   ✓ Found: 1_agentacct_config.json
[2026-09-01 01:49:25] [GATE-0] [WARN]   ✗ Missing: 2_unlazy_gates.md (will be generated during execution)
[2026-09-01 01:49:25] [GATE-0] [WARN]   ✗ Missing: 3_is_agentic.json (will be generated during execution)
[2026-09-01 01:49:25] [GATE-0] [WARN]   ✗ Missing: 4_canirun_grades.json (will be generated during execution)
[2026-09-01 01:49:25] [GATE-0] [INFO]   ✓ Found: 5_ap2_ledger_pqc.md
[2026-09-01 01:49:25] [GATE-0] [INFO]   ✓ Found: 6_ragas_golden_set.json
[2026-09-01 01:49:25] [GATE-0] [INFO]   ✓ Found: 7_freetoken_benchmark.json
[2026-09-01 01:49:25] [GATE-0] [INFO] CHECK 2: Verifying git state...
[2026-09-01 01:49:25] [GATE-0] [INFO]   ✓ Valid git repository
[2026-09-01 01:49:26] [GATE-0] [WARN]   ⚠ Uncommitted changes detected (non-blocking)
[2026-09-01 01:49:26] [GATE-0] [WARN]   ⚠ Last commit not signed (warning only)
[2026-09-01 01:49:26] [GATE-0] [INFO] CHECK 3: Verifying AP2 ledger structure...
[2026-09-01 01:49:26] [GATE-0] [INFO]   ✓ AP2 ledger directory exists
[2026-09-01 01:49:26] [GATE-0] [WARN]   ⚠ No ledger entries yet (will be created during execution)
[2026-09-01 01:49:26] [GATE-0] [INFO] CHECK 4: Verifying work receipts directory...
[2026-09-01 01:49:26] [GATE-0] [INFO]   ✓ Work receipts directory exists
[2026-09-01 01:49:26] [GATE-0] [INFO]   ✓ Found        0 work receipt files
[2026-09-01 01:49:26] [GATE-0] [INFO] CHECK 5: Verifying Python dependencies...
[2026-09-01 01:49:26] [GATE-0] [INFO]   ✓ Python module available: json
[2026-09-01 01:49:26] [GATE-0] [INFO]   ✓ Python module available: hashlib
[2026-09-01 01:49:26] [GATE-0] [INFO]   ✓ Python module available: dataclasses
[2026-09-01 01:49:26] [GATE-0] [INFO]   ✓ Python module available: pathlib
[2026-09-01 01:49:26] [GATE-0] [INFO] CHECK 6: Verifying gate dependencies...
[2026-09-01 01:49:26] [GATE-0] [INFO]   ✓ Gate 1-3 validator script ready
[2026-09-01 01:49:26] [GATE-0] [INFO]   ✓ Gate 4-5 validator script ready
[2026-09-01 01:49:26] [GATE-0] [INFO]   ✓ agentacct capture module available
[2026-09-01 01:49:26] [GATE-0] [INFO]   ✓ unlazy gates module available
[2026-09-01 01:49:26] [GATE-0] [INFO] =========================================
[2026-09-01 01:49:26] [GATE-0] [INFO] Gate 0 Summary:
[2026-09-01 01:49:26] [GATE-0] [INFO]   Proof Artifacts: 4/7
[2026-09-01 01:49:26] [GATE-0] [INFO]   Git State:       1/3
[2026-09-01 01:49:26] [GATE-0] [INFO]   AP2 Ledger:      1/2
[2026-09-01 01:49:26] [GATE-0] [INFO]   Work Receipts:   2/2
[2026-09-01 01:49:26] [GATE-0] [INFO]   Python Modules:  4/4
[2026-09-01 01:49:26] [GATE-0] [INFO]   Dependencies:    4/4
[2026-09-01 01:49:26] [GATE-0] [INFO] =========================================
[2026-09-01 01:49:26] [GATE-0] [INFO] TOTAL: 16/22 checks passed
[2026-09-01 01:49:26] [GATE-0] [INFO] Gate 0 PASSED: Pre-flight verification complete
[2026-09-01 01:49:29] [GATE-0] [INFO] === Gate 0 Pre-Flight Verification ===
[2026-09-01 01:49:29] [GATE-0] [INFO] CHECK 1: Verifying proof artifacts...
[2026-09-01 01:49:29] [GATE-0] [INFO]   ✓ Found: 1_agentacct_config.json
[2026-09-01 01:49:29] [GATE-0] [WARN]   ✗ Missing: 2_unlazy_gates.md (will be generated during execution)
[2026-09-01 01:49:29] [GATE-0] [WARN]   ✗ Missing: 3_is_agentic.json (will be generated during execution)
[2026-09-01 01:49:29] [GATE-0] [WARN]   ✗ Missing: 4_canirun_grades.json (will be generated during execution)
[2026-09-01 01:49:29] [GATE-0] [INFO]   ✓ Found: 5_ap2_ledger_pqc.md
[2026-09-01 01:49:29] [GATE-0] [INFO]   ✓ Found: 6_ragas_golden_set.json
[2026-09-01 01:49:29] [GATE-0] [INFO]   ✓ Found: 7_freetoken_benchmark.json
[2026-09-01 01:49:29] [GATE-0] [INFO] CHECK 2: Verifying git state...
[2026-09-01 01:49:29] [GATE-0] [INFO]   ✓ Valid git repository
[2026-09-01 01:49:30] [GATE-0] [WARN]   ⚠ Uncommitted changes detected (non-blocking)
[2026-09-01 01:49:30] [GATE-0] [WARN]   ⚠ Last commit not signed (warning only)
[2026-09-01 01:49:30] [GATE-0] [INFO] CHECK 3: Verifying AP2 ledger structure...
[2026-09-01 01:49:30] [GATE-0] [INFO]   ✓ AP2 ledger directory exists
[2026-09-01 01:49:30] [GATE-0] [WARN]   ⚠ No ledger entries yet (will be created during execution)
[2026-09-01 01:49:30] [GATE-0] [INFO] CHECK 4: Verifying work receipts directory...
[2026-09-01 01:49:30] [GATE-0] [INFO]   ✓ Work receipts directory exists
[2026-09-01 01:49:30] [GATE-0] [INFO]   ✓ Found        0 work receipt files
[2026-09-01 01:49:30] [GATE-0] [INFO] CHECK 5: Verifying Python dependencies...
[2026-09-01 01:49:30] [GATE-0] [INFO]   ✓ Python module available: json
[2026-09-01 01:49:31] [GATE-0] [INFO]   ✓ Python module available: hashlib
[2026-09-01 01:49:31] [GATE-0] [INFO]   ✓ Python module available: dataclasses
[2026-09-01 01:49:31] [GATE-0] [INFO]   ✓ Python module available: pathlib
[2026-09-01 01:49:31] [GATE-0] [INFO] CHECK 6: Verifying gate dependencies...
[2026-09-01 01:49:31] [GATE-0] [INFO]   ✓ Gate 1-3 validator script ready
[2026-09-01 01:49:31] [GATE-0] [INFO]   ✓ Gate 4-5 validator script ready
[2026-09-01 01:49:31] [GATE-0] [INFO]   ✓ agentacct capture module available
[2026-09-01 01:49:31] [GATE-0] [INFO]   ✓ unlazy gates module available
[2026-09-01 01:49:31] [GATE-0] [INFO] =========================================
[2026-09-01 01:49:31] [GATE-0] [INFO] Gate 0 Summary:
[2026-09-01 01:49:31] [GATE-0] [INFO]   Proof Artifacts: 4/7
[2026-09-01 01:49:31] [GATE-0] [INFO]   Git State:       1/3
[2026-09-01 01:49:31] [GATE-0] [INFO]   AP2 Ledger:      1/2
[2026-09-01 01:49:31] [GATE-0] [INFO]   Work Receipts:   2/2
[2026-09-01 01:49:31] [GATE-0] [INFO]   Python Modules:  4/4
[2026-09-01 01:49:31] [GATE-0] [INFO]   Dependencies:    4/4
[2026-09-01 01:49:31] [GATE-0] [INFO] =========================================
[2026-09-01 01:49:31] [GATE-0] [INFO] TOTAL: 16/22 checks passed
[2026-09-01 01:49:31] [GATE-0] [INFO] Gate 0 PASSED: Pre-flight verification complete
[2026-09-01 01:49:34] [GATE-0] [INFO] === Gate 0 Pre-Flight Verification ===
[2026-09-01 01:49:34] [GATE-0] [INFO] CHECK 1: Verifying proof artifacts...
[2026-09-01 01:49:34] [GATE-0] [INFO]   ✓ Found: 1_agentacct_config.json
[2026-09-01 01:49:34] [GATE-0] [WARN]   ✗ Missing: 2_unlazy_gates.md (will be generated during execution)
[2026-09-01 01:49:34] [GATE-0] [WARN]   ✗ Missing: 3_is_agentic.json (will be generated during execution)
[2026-09-01 01:49:34] [GATE-0] [WARN]   ✗ Missing: 4_canirun_grades.json (will be generated during execution)
[2026-09-01 01:49:34] [GATE-0] [INFO]   ✓ Found: 5_ap2_ledger_pqc.md
[2026-09-01 01:49:34] [GATE-0] [INFO]   ✓ Found: 6_ragas_golden_set.json
[2026-09-01 01:49:34] [GATE-0] [INFO]   ✓ Found: 7_freetoken_benchmark.json
[2026-09-01 01:49:34] [GATE-0] [INFO] CHECK 2: Verifying git state...
[2026-09-01 01:49:35] [GATE-0] [INFO]   ✓ Valid git repository
[2026-09-01 01:49:35] [GATE-0] [INFO] === Gate 0 Pre-Flight Verification ===
[2026-09-01 01:49:35] [GATE-0] [INFO] CHECK 1: Verifying proof artifacts...
[2026-09-01 01:49:35] [GATE-0] [INFO]   ✓ Found: 1_agentacct_config.json
[2026-09-01 01:49:35] [GATE-0] [WARN]   ✗ Missing: 2_unlazy_gates.md (will be generated during execution)
[2026-09-01 01:49:35] [GATE-0] [WARN]   ✗ Missing: 3_is_agentic.json (will be generated during execution)
[2026-09-01 01:49:35] [GATE-0] [WARN]   ✗ Missing: 4_canirun_grades.json (will be generated during execution)
[2026-09-01 01:49:35] [GATE-0] [INFO]   ✓ Found: 5_ap2_ledger_pqc.md
[2026-09-01 01:49:35] [GATE-0] [INFO]   ✓ Found: 6_ragas_golden_set.json
[2026-09-01 01:49:35] [GATE-0] [INFO]   ✓ Found: 7_freetoken_benchmark.json
[2026-09-01 01:49:35] [GATE-0] [INFO] CHECK 2: Verifying git state...
[2026-09-01 01:49:35] [GATE-0] [INFO]   ✓ Valid git repository
[2026-09-01 01:49:35] [GATE-0] [INFO] === Gate 0 Pre-Flight Verification ===
[2026-09-01 01:49:35] [GATE-0] [INFO] CHECK 1: Verifying proof artifacts...
[2026-09-01 01:49:35] [GATE-0] [INFO]   ✓ Found: 1_agentacct_config.json
[2026-09-01 01:49:35] [GATE-0] [WARN]   ✗ Missing: 2_unlazy_gates.md (will be generated during execution)
[2026-09-01 01:49:35] [GATE-0] [WARN]   ✗ Missing: 3_is_agentic.json (will be generated during execution)
[2026-09-01 01:49:35] [GATE-0] [WARN]   ✗ Missing: 4_canirun_grades.json (will be generated during execution)
[2026-09-01 01:49:35] [GATE-0] [INFO]   ✓ Found: 5_ap2_ledger_pqc.md
[2026-09-01 01:49:35] [GATE-0] [INFO]   ✓ Found: 6_ragas_golden_set.json
[2026-09-01 01:49:35] [GATE-0] [INFO]   ✓ Found: 7_freetoken_benchmark.json
[2026-09-01 01:49:35] [GATE-0] [INFO] CHECK 2: Verifying git state...
[2026-09-01 01:49:35] [GATE-0] [INFO]   ✓ Valid git repository
[2026-09-01 01:49:36] [GATE-0] [WARN]   ⚠ Uncommitted changes detected (non-blocking)
[2026-09-01 01:49:36] [GATE-0] [WARN]   ⚠ Last commit not signed (warning only)
[2026-09-01 01:49:36] [GATE-0] [INFO] CHECK 3: Verifying AP2 ledger structure...
[2026-09-01 01:49:36] [GATE-0] [INFO]   ✓ AP2 ledger directory exists
[2026-09-01 01:49:36] [GATE-0] [WARN]   ⚠ No ledger entries yet (will be created during execution)
[2026-09-01 01:49:36] [GATE-0] [INFO] CHECK 4: Verifying work receipts directory...
[2026-09-01 01:49:36] [GATE-0] [INFO]   ✓ Work receipts directory exists
[2026-09-01 01:49:36] [GATE-0] [INFO]   ✓ Found        0 work receipt files
[2026-09-01 01:49:36] [GATE-0] [INFO] CHECK 5: Verifying Python dependencies...
[2026-09-01 01:49:36] [GATE-0] [INFO]   ✓ Python module available: json
[2026-09-01 01:49:36] [GATE-0] [INFO]   ✓ Python module available: hashlib
[2026-09-01 01:49:36] [GATE-0] [INFO]   ✓ Python module available: dataclasses
[2026-09-01 01:49:36] [GATE-0] [WARN]   ⚠ Uncommitted changes detected (non-blocking)
[2026-09-01 01:49:36] [GATE-0] [INFO]   ✓ Python module available: pathlib
[2026-09-01 01:49:36] [GATE-0] [INFO] CHECK 6: Verifying gate dependencies...
[2026-09-01 01:49:36] [GATE-0] [INFO]   ✓ Gate 1-3 validator script ready
[2026-09-01 01:49:36] [GATE-0] [INFO]   ✓ Gate 4-5 validator script ready
[2026-09-01 01:49:36] [GATE-0] [INFO]   ✓ agentacct capture module available
[2026-09-01 01:49:36] [GATE-0] [WARN]   ⚠ Last commit not signed (warning only)
[2026-09-01 01:49:36] [GATE-0] [INFO]   ✓ unlazy gates module available
[2026-09-01 01:49:36] [GATE-0] [INFO] CHECK 3: Verifying AP2 ledger structure...
[2026-09-01 01:49:36] [GATE-0] [INFO] =========================================
[2026-09-01 01:49:36] [GATE-0] [INFO]   ✓ AP2 ledger directory exists
[2026-09-01 01:49:36] [GATE-0] [INFO] Gate 0 Summary:
[2026-09-01 01:49:36] [GATE-0] [INFO]   Proof Artifacts: 4/7
[2026-09-01 01:49:36] [GATE-0] [WARN]   ⚠ No ledger entries yet (will be created during execution)
[2026-09-01 01:49:36] [GATE-0] [INFO] CHECK 4: Verifying work receipts directory...
[2026-09-01 01:49:36] [GATE-0] [INFO]   Git State:       1/3
[2026-09-01 01:49:36] [GATE-0] [INFO]   ✓ Work receipts directory exists
[2026-09-01 01:49:36] [GATE-0] [INFO]   AP2 Ledger:      1/2
[2026-09-01 01:49:36] [GATE-0] [INFO]   Work Receipts:   2/2
[2026-09-01 01:49:36] [GATE-0] [INFO]   ✓ Found        0 work receipt files
[2026-09-01 01:49:36] [GATE-0] [INFO]   Python Modules:  4/4
[2026-09-01 01:49:36] [GATE-0] [INFO] CHECK 5: Verifying Python dependencies...
[2026-09-01 01:49:36] [GATE-0] [INFO]   Dependencies:    4/4
[2026-09-01 01:49:36] [GATE-0] [INFO] =========================================
[2026-09-01 01:49:36] [GATE-0] [INFO] TOTAL: 16/22 checks passed
[2026-09-01 01:49:36] [GATE-0] [INFO] Gate 0 PASSED: Pre-flight verification complete
[2026-09-01 01:49:36] [GATE-0] [INFO]   ✓ Python module available: json
[2026-09-01 01:49:37] [GATE-0] [INFO]   ✓ Python module available: hashlib
[2026-09-01 01:49:37] [GATE-0] [INFO]   ✓ Python module available: dataclasses
[2026-09-01 01:49:37] [GATE-0] [INFO]   ✓ Python module available: pathlib
[2026-09-01 01:49:37] [GATE-0] [INFO] CHECK 6: Verifying gate dependencies...
[2026-09-01 01:49:37] [GATE-0] [INFO]   ✓ Gate 1-3 validator script ready
[2026-09-01 01:49:37] [GATE-0] [INFO]   ✓ Gate 4-5 validator script ready
[2026-09-01 01:49:37] [GATE-0] [INFO]   ✓ agentacct capture module available
[2026-09-01 01:49:37] [GATE-0] [INFO]   ✓ unlazy gates module available
[2026-09-01 01:49:37] [GATE-0] [INFO] =========================================
[2026-09-01 01:49:37] [GATE-0] [INFO] Gate 0 Summary:
[2026-09-01 01:49:37] [GATE-0] [INFO]   Proof Artifacts: 4/7
[2026-09-01 01:49:37] [GATE-0] [INFO]   Git State:       1/3
[2026-09-01 01:49:37] [GATE-0] [INFO]   AP2 Ledger:      1/2
[2026-09-01 01:49:37] [GATE-0] [INFO]   Work Receipts:   2/2
[2026-09-01 01:49:37] [GATE-0] [INFO]   Python Modules:  4/4
[2026-09-01 01:49:37] [GATE-0] [INFO]   Dependencies:    4/4
[2026-09-01 01:49:37] [GATE-0] [INFO] =========================================
[2026-09-01 01:49:37] [GATE-0] [INFO] TOTAL: 16/22 checks passed
[2026-09-01 01:49:37] [GATE-0] [INFO] Gate 0 PASSED: Pre-flight verification complete
[2026-09-01 01:49:37] [GATE-0] [WARN]   ⚠ Uncommitted changes detected (non-blocking)
[2026-09-01 01:49:37] [GATE-0] [WARN]   ⚠ Last commit not signed (warning only)
[2026-09-01 01:49:37] [GATE-0] [INFO] CHECK 3: Verifying AP2 ledger structure...
[2026-09-01 01:49:37] [GATE-0] [INFO]   ✓ AP2 ledger directory exists
[2026-09-01 01:49:37] [GATE-0] [WARN]   ⚠ No ledger entries yet (will be created during execution)
[2026-09-01 01:49:37] [GATE-0] [INFO] CHECK 4: Verifying work receipts directory...
[2026-09-01 01:49:37] [GATE-0] [INFO]   ✓ Work receipts directory exists
[2026-09-01 01:49:37] [GATE-0] [INFO]   ✓ Found        1 work receipt files
[2026-09-01 01:49:37] [GATE-0] [INFO] CHECK 5: Verifying Python dependencies...
[2026-09-01 01:49:37] [GATE-0] [INFO]   ✓ Python module available: json
[2026-09-01 01:49:37] [GATE-0] [INFO]   ✓ Python module available: hashlib
[2026-09-01 01:49:37] [GATE-0] [INFO]   ✓ Python module available: dataclasses
[2026-09-01 01:49:37] [GATE-0] [INFO]   ✓ Python module available: pathlib
[2026-09-01 01:49:37] [GATE-0] [INFO] CHECK 6: Verifying gate dependencies...
[2026-09-01 01:49:37] [GATE-0] [INFO]   ✓ Gate 1-3 validator script ready
[2026-09-01 01:49:37] [GATE-0] [INFO]   ✓ Gate 4-5 validator script ready
[2026-09-01 01:49:37] [GATE-0] [INFO]   ✓ agentacct capture module available
[2026-09-01 01:49:37] [GATE-0] [INFO]   ✓ unlazy gates module available
[2026-09-01 01:49:37] [GATE-0] [INFO] =========================================
[2026-09-01 01:49:37] [GATE-0] [INFO] Gate 0 Summary:
[2026-09-01 01:49:37] [GATE-0] [INFO]   Proof Artifacts: 4/7
[2026-09-01 01:49:37] [GATE-0] [INFO]   Git State:       1/3
[2026-09-01 01:49:37] [GATE-0] [INFO]   AP2 Ledger:      1/2
[2026-09-01 01:49:37] [GATE-0] [INFO]   Work Receipts:   2/2
[2026-09-01 01:49:37] [GATE-0] [INFO]   Python Modules:  4/4
[2026-09-01 01:49:37] [GATE-0] [INFO]   Dependencies:    4/4
[2026-09-01 01:49:37] [GATE-0] [INFO] =========================================
[2026-09-01 01:49:37] [GATE-0] [INFO] TOTAL: 16/22 checks passed
[2026-09-01 01:49:37] [GATE-0] [INFO] Gate 0 PASSED: Pre-flight verification complete
[2026-09-01 01:49:40] [GATE-0] [INFO] === Gate 0 Pre-Flight Verification ===
[2026-09-01 01:49:40] [GATE-0] [INFO] CHECK 1: Verifying proof artifacts...
[2026-09-01 01:49:40] [GATE-0] [INFO]   ✓ Found: 1_agentacct_config.json
[2026-09-01 01:49:40] [GATE-0] [WARN]   ✗ Missing: 2_unlazy_gates.md (will be generated during execution)
[2026-09-01 01:49:40] [GATE-0] [WARN]   ✗ Missing: 3_is_agentic.json (will be generated during execution)
[2026-09-01 01:49:40] [GATE-0] [WARN]   ✗ Missing: 4_canirun_grades.json (will be generated during execution)
[2026-09-01 01:49:40] [GATE-0] [INFO]   ✓ Found: 5_ap2_ledger_pqc.md
[2026-09-01 01:49:40] [GATE-0] [INFO]   ✓ Found: 6_ragas_golden_set.json
[2026-09-01 01:49:40] [GATE-0] [INFO]   ✓ Found: 7_freetoken_benchmark.json
[2026-09-01 01:49:40] [GATE-0] [INFO] CHECK 2: Verifying git state...
[2026-09-01 01:49:40] [GATE-0] [INFO]   ✓ Valid git repository
[2026-09-01 01:49:41] [GATE-0] [INFO] === Gate 0 Pre-Flight Verification ===
[2026-09-01 01:49:41] [GATE-0] [INFO] CHECK 1: Verifying proof artifacts...
[2026-09-01 01:49:41] [GATE-0] [INFO]   ✓ Found: 1_agentacct_config.json
[2026-09-01 01:49:41] [GATE-0] [WARN]   ✗ Missing: 2_unlazy_gates.md (will be generated during execution)
[2026-09-01 01:49:41] [GATE-0] [WARN]   ✗ Missing: 3_is_agentic.json (will be generated during execution)
[2026-09-01 01:49:41] [GATE-0] [WARN]   ✗ Missing: 4_canirun_grades.json (will be generated during execution)
[2026-09-01 01:49:41] [GATE-0] [INFO]   ✓ Found: 5_ap2_ledger_pqc.md
[2026-09-01 01:49:41] [GATE-0] [INFO]   ✓ Found: 6_ragas_golden_set.json
[2026-09-01 01:49:41] [GATE-0] [INFO]   ✓ Found: 7_freetoken_benchmark.json
[2026-09-01 01:49:41] [GATE-0] [INFO] CHECK 2: Verifying git state...
[2026-09-01 01:49:41] [GATE-0] [INFO]   ✓ Valid git repository
[2026-09-01 01:49:42] [GATE-0] [WARN]   ⚠ Uncommitted changes detected (non-blocking)
[2026-09-01 01:49:42] [GATE-0] [WARN]   ⚠ Last commit not signed (warning only)
[2026-09-01 01:49:42] [GATE-0] [INFO] CHECK 3: Verifying AP2 ledger structure...
[2026-09-01 01:49:42] [GATE-0] [INFO]   ✓ AP2 ledger directory exists
[2026-09-01 01:49:42] [GATE-0] [WARN]   ⚠ No ledger entries yet (will be created during execution)
[2026-09-01 01:49:42] [GATE-0] [INFO] CHECK 4: Verifying work receipts directory...
[2026-09-01 01:49:42] [GATE-0] [INFO]   ✓ Work receipts directory exists
[2026-09-01 01:49:42] [GATE-0] [INFO]   ✓ Found        2 work receipt files
[2026-09-01 01:49:42] [GATE-0] [INFO] CHECK 5: Verifying Python dependencies...
[2026-09-01 01:49:42] [GATE-0] [INFO]   ✓ Python module available: json
[2026-09-01 01:49:42] [GATE-0] [INFO]   ✓ Python module available: hashlib
[2026-09-01 01:49:42] [GATE-0] [INFO]   ✓ Python module available: dataclasses
[2026-09-01 01:49:42] [GATE-0] [INFO]   ✓ Python module available: pathlib
[2026-09-01 01:49:42] [GATE-0] [INFO] CHECK 6: Verifying gate dependencies...
[2026-09-01 01:49:42] [GATE-0] [INFO]   ✓ Gate 1-3 validator script ready
[2026-09-01 01:49:42] [GATE-0] [INFO]   ✓ Gate 4-5 validator script ready
[2026-09-01 01:49:42] [GATE-0] [INFO]   ✓ agentacct capture module available
[2026-09-01 01:49:42] [GATE-0] [INFO]   ✓ unlazy gates module available
[2026-09-01 01:49:42] [GATE-0] [INFO] =========================================
[2026-09-01 01:49:42] [GATE-0] [INFO] Gate 0 Summary:
[2026-09-01 01:49:42] [GATE-0] [INFO]   Proof Artifacts: 4/7
[2026-09-01 01:49:42] [GATE-0] [INFO]   Git State:       1/3
[2026-09-01 01:49:42] [GATE-0] [INFO]   AP2 Ledger:      1/2
[2026-09-01 01:49:42] [GATE-0] [INFO]   Work Receipts:   2/2
[2026-09-01 01:49:42] [GATE-0] [INFO]   Python Modules:  4/4
[2026-09-01 01:49:42] [GATE-0] [INFO]   Dependencies:    4/4
[2026-09-01 01:49:42] [GATE-0] [INFO] =========================================
[2026-09-01 01:49:42] [GATE-0] [INFO] TOTAL: 16/22 checks passed
[2026-09-01 01:49:42] [GATE-0] [INFO] Gate 0 PASSED: Pre-flight verification complete
[2026-09-01 01:49:43] [GATE-0] [WARN]   ⚠ Uncommitted changes detected (non-blocking)
[2026-09-01 01:49:43] [GATE-0] [WARN]   ⚠ Last commit not signed (warning only)
[2026-09-01 01:49:43] [GATE-0] [INFO] CHECK 3: Verifying AP2 ledger structure...
[2026-09-01 01:49:43] [GATE-0] [INFO]   ✓ AP2 ledger directory exists
[2026-09-01 01:49:43] [GATE-0] [WARN]   ⚠ No ledger entries yet (will be created during execution)
[2026-09-01 01:49:43] [GATE-0] [INFO] CHECK 4: Verifying work receipts directory...
[2026-09-01 01:49:43] [GATE-0] [INFO]   ✓ Work receipts directory exists
[2026-09-01 01:49:43] [GATE-0] [INFO]   ✓ Found        3 work receipt files
[2026-09-01 01:49:43] [GATE-0] [INFO] CHECK 5: Verifying Python dependencies...
[2026-09-01 01:49:43] [GATE-0] [INFO]   ✓ Python module available: json
[2026-09-01 01:49:43] [GATE-0] [INFO]   ✓ Python module available: hashlib
[2026-09-01 01:49:43] [GATE-0] [INFO]   ✓ Python module available: dataclasses
[2026-09-01 01:49:43] [GATE-0] [INFO]   ✓ Python module available: pathlib
[2026-09-01 01:49:43] [GATE-0] [INFO] CHECK 6: Verifying gate dependencies...
[2026-09-01 01:49:43] [GATE-0] [INFO]   ✓ Gate 1-3 validator script ready
[2026-09-01 01:49:43] [GATE-0] [INFO]   ✓ Gate 4-5 validator script ready
[2026-09-01 01:49:43] [GATE-0] [INFO]   ✓ agentacct capture module available
[2026-09-01 01:49:43] [GATE-0] [INFO]   ✓ unlazy gates module available
[2026-09-01 01:49:43] [GATE-0] [INFO] =========================================
[2026-09-01 01:49:43] [GATE-0] [INFO] Gate 0 Summary:
[2026-09-01 01:49:43] [GATE-0] [INFO]   Proof Artifacts: 4/7
[2026-09-01 01:49:43] [GATE-0] [INFO]   Git State:       1/3
[2026-09-01 01:49:43] [GATE-0] [INFO]   AP2 Ledger:      1/2
[2026-09-01 01:49:43] [GATE-0] [INFO]   Work Receipts:   2/2
[2026-09-01 01:49:43] [GATE-0] [INFO]   Python Modules:  4/4
[2026-09-01 01:49:43] [GATE-0] [INFO]   Dependencies:    4/4
[2026-09-01 01:49:43] [GATE-0] [INFO] =========================================
[2026-09-01 01:49:43] [GATE-0] [INFO] TOTAL: 16/22 checks passed
[2026-09-01 01:49:43] [GATE-0] [INFO] Gate 0 PASSED: Pre-flight verification complete
[2026-09-01 01:49:45] [GATE-0] [INFO] === Gate 0 Pre-Flight Verification ===
[2026-09-01 01:49:45] [GATE-0] [INFO] CHECK 1: Verifying proof artifacts...
[2026-09-01 01:49:45] [GATE-0] [INFO]   ✓ Found: 1_agentacct_config.json
[2026-09-01 01:49:45] [GATE-0] [WARN]   ✗ Missing: 2_unlazy_gates.md (will be generated during execution)
[2026-09-01 01:49:45] [GATE-0] [WARN]   ✗ Missing: 3_is_agentic.json (will be generated during execution)
[2026-09-01 01:49:45] [GATE-0] [WARN]   ✗ Missing: 4_canirun_grades.json (will be generated during execution)
[2026-09-01 01:49:45] [GATE-0] [INFO]   ✓ Found: 5_ap2_ledger_pqc.md
[2026-09-01 01:49:45] [GATE-0] [INFO]   ✓ Found: 6_ragas_golden_set.json
[2026-09-01 01:49:45] [GATE-0] [INFO]   ✓ Found: 7_freetoken_benchmark.json
[2026-09-01 01:49:45] [GATE-0] [INFO] CHECK 2: Verifying git state...
[2026-09-01 01:49:45] [GATE-0] [INFO]   ✓ Valid git repository
[2026-09-01 01:49:46] [GATE-0] [INFO] === Gate 0 Pre-Flight Verification ===
[2026-09-01 01:49:46] [GATE-0] [INFO] CHECK 1: Verifying proof artifacts...
[2026-09-01 01:49:46] [GATE-0] [INFO]   ✓ Found: 1_agentacct_config.json
[2026-09-01 01:49:46] [GATE-0] [WARN]   ✗ Missing: 2_unlazy_gates.md (will be generated during execution)
[2026-09-01 01:49:46] [GATE-0] [WARN]   ✗ Missing: 3_is_agentic.json (will be generated during execution)
[2026-09-01 01:49:46] [GATE-0] [WARN]   ✗ Missing: 4_canirun_grades.json (will be generated during execution)
[2026-09-01 01:49:46] [GATE-0] [INFO]   ✓ Found: 5_ap2_ledger_pqc.md
[2026-09-01 01:49:46] [GATE-0] [INFO]   ✓ Found: 6_ragas_golden_set.json
[2026-09-01 01:49:46] [GATE-0] [INFO]   ✓ Found: 7_freetoken_benchmark.json
[2026-09-01 01:49:46] [GATE-0] [INFO] CHECK 2: Verifying git state...
[2026-09-01 01:49:46] [GATE-0] [INFO]   ✓ Valid git repository
[2026-09-01 01:49:47] [GATE-0] [WARN]   ⚠ Uncommitted changes detected (non-blocking)
[2026-09-01 01:49:47] [GATE-0] [WARN]   ⚠ Last commit not signed (warning only)
[2026-09-01 01:49:47] [GATE-0] [INFO] CHECK 3: Verifying AP2 ledger structure...
[2026-09-01 01:49:47] [GATE-0] [INFO]   ✓ AP2 ledger directory exists
[2026-09-01 01:49:47] [GATE-0] [WARN]   ⚠ No ledger entries yet (will be created during execution)
[2026-09-01 01:49:47] [GATE-0] [INFO] CHECK 4: Verifying work receipts directory...
[2026-09-01 01:49:47] [GATE-0] [INFO]   ✓ Work receipts directory exists
[2026-09-01 01:49:47] [GATE-0] [INFO]   ✓ Found        3 work receipt files
[2026-09-01 01:49:47] [GATE-0] [INFO] CHECK 5: Verifying Python dependencies...
[2026-09-01 01:49:47] [GATE-0] [WARN]   ⚠ Uncommitted changes detected (non-blocking)
[2026-09-01 01:49:47] [GATE-0] [INFO]   ✓ Python module available: json
[2026-09-01 01:49:47] [GATE-0] [WARN]   ⚠ Last commit not signed (warning only)
[2026-09-01 01:49:47] [GATE-0] [INFO] CHECK 3: Verifying AP2 ledger structure...
[2026-09-01 01:49:47] [GATE-0] [INFO]   ✓ AP2 ledger directory exists
[2026-09-01 01:49:47] [GATE-0] [WARN]   ⚠ No ledger entries yet (will be created during execution)
[2026-09-01 01:49:47] [GATE-0] [INFO]   ✓ Python module available: hashlib
[2026-09-01 01:49:47] [GATE-0] [INFO] CHECK 4: Verifying work receipts directory...
[2026-09-01 01:49:47] [GATE-0] [INFO]   ✓ Work receipts directory exists
[2026-09-01 01:49:47] [GATE-0] [INFO]   ✓ Found        3 work receipt files
[2026-09-01 01:49:47] [GATE-0] [INFO] CHECK 5: Verifying Python dependencies...
[2026-09-01 01:49:47] [GATE-0] [INFO]   ✓ Python module available: dataclasses
[2026-09-01 01:49:47] [GATE-0] [INFO]   ✓ Python module available: json
[2026-09-01 01:49:47] [GATE-0] [INFO]   ✓ Python module available: pathlib
[2026-09-01 01:49:47] [GATE-0] [INFO] CHECK 6: Verifying gate dependencies...
[2026-09-01 01:49:47] [GATE-0] [INFO]   ✓ Gate 1-3 validator script ready
[2026-09-01 01:49:47] [GATE-0] [INFO]   ✓ Python module available: hashlib
[2026-09-01 01:49:47] [GATE-0] [INFO]   ✓ Gate 4-5 validator script ready
[2026-09-01 01:49:47] [GATE-0] [INFO]   ✓ agentacct capture module available
[2026-09-01 01:49:47] [GATE-0] [INFO]   ✓ unlazy gates module available
[2026-09-01 01:49:47] [GATE-0] [INFO] =========================================
[2026-09-01 01:49:47] [GATE-0] [INFO] Gate 0 Summary:
[2026-09-01 01:49:47] [GATE-0] [INFO]   Proof Artifacts: 4/7
[2026-09-01 01:49:47] [GATE-0] [INFO]   Git State:       1/3
[2026-09-01 01:49:47] [GATE-0] [INFO]   AP2 Ledger:      1/2
[2026-09-01 01:49:47] [GATE-0] [INFO]   Work Receipts:   2/2
[2026-09-01 01:49:47] [GATE-0] [INFO]   Python Modules:  4/4
[2026-09-01 01:49:47] [GATE-0] [INFO]   Dependencies:    4/4
[2026-09-01 01:49:47] [GATE-0] [INFO]   ✓ Python module available: dataclasses
[2026-09-01 01:49:47] [GATE-0] [INFO] =========================================
[2026-09-01 01:49:47] [GATE-0] [INFO] TOTAL: 16/22 checks passed
[2026-09-01 01:49:47] [GATE-0] [INFO] Gate 0 PASSED: Pre-flight verification complete
[2026-09-01 01:49:47] [GATE-0] [INFO]   ✓ Python module available: pathlib
[2026-09-01 01:49:47] [GATE-0] [INFO] CHECK 6: Verifying gate dependencies...
[2026-09-01 01:49:47] [GATE-0] [INFO]   ✓ Gate 1-3 validator script ready
[2026-09-01 01:49:47] [GATE-0] [INFO]   ✓ Gate 4-5 validator script ready
[2026-09-01 01:49:47] [GATE-0] [INFO]   ✓ agentacct capture module available
[2026-09-01 01:49:47] [GATE-0] [INFO]   ✓ unlazy gates module available
[2026-09-01 01:49:47] [GATE-0] [INFO] =========================================
[2026-09-01 01:49:47] [GATE-0] [INFO] Gate 0 Summary:
[2026-09-01 01:49:47] [GATE-0] [INFO]   Proof Artifacts: 4/7
[2026-09-01 01:49:47] [GATE-0] [INFO]   Git State:       1/3
[2026-09-01 01:49:47] [GATE-0] [INFO]   AP2 Ledger:      1/2
[2026-09-01 01:49:47] [GATE-0] [INFO]   Work Receipts:   2/2
[2026-09-01 01:49:47] [GATE-0] [INFO]   Python Modules:  4/4
[2026-09-01 01:49:47] [GATE-0] [INFO]   Dependencies:    4/4
[2026-09-01 01:49:47] [GATE-0] [INFO] =========================================
[2026-09-01 01:49:47] [GATE-0] [INFO] TOTAL: 16/22 checks passed
[2026-09-01 01:49:47] [GATE-0] [INFO] Gate 0 PASSED: Pre-flight verification complete
[2026-09-01 01:49:50] [GATE-0] [INFO] === Gate 0 Pre-Flight Verification ===
[2026-09-01 01:49:50] [GATE-0] [INFO] CHECK 1: Verifying proof artifacts...
[2026-09-01 01:49:50] [GATE-0] [INFO]   ✓ Found: 1_agentacct_config.json
[2026-09-01 01:49:50] [GATE-0] [WARN]   ✗ Missing: 2_unlazy_gates.md (will be generated during execution)
[2026-09-01 01:49:50] [GATE-0] [WARN]   ✗ Missing: 3_is_agentic.json (will be generated during execution)
[2026-09-01 01:49:50] [GATE-0] [WARN]   ✗ Missing: 4_canirun_grades.json (will be generated during execution)
[2026-09-01 01:49:50] [GATE-0] [INFO]   ✓ Found: 5_ap2_ledger_pqc.md
[2026-09-01 01:49:50] [GATE-0] [INFO]   ✓ Found: 6_ragas_golden_set.json
[2026-09-01 01:49:50] [GATE-0] [INFO]   ✓ Found: 7_freetoken_benchmark.json
[2026-09-01 01:49:50] [GATE-0] [INFO] CHECK 2: Verifying git state...
[2026-09-01 01:49:50] [GATE-0] [INFO]   ✓ Valid git repository
[2026-09-01 01:49:52] [GATE-0] [WARN]   ⚠ Uncommitted changes detected (non-blocking)
[2026-09-01 01:49:52] [GATE-0] [WARN]   ⚠ Last commit not signed (warning only)
[2026-09-01 01:49:52] [GATE-0] [INFO] CHECK 3: Verifying AP2 ledger structure...
[2026-09-01 01:49:52] [GATE-0] [INFO]   ✓ AP2 ledger directory exists
[2026-09-01 01:49:52] [GATE-0] [WARN]   ⚠ No ledger entries yet (will be created during execution)
[2026-09-01 01:49:52] [GATE-0] [INFO] CHECK 4: Verifying work receipts directory...
[2026-09-01 01:49:52] [GATE-0] [INFO]   ✓ Work receipts directory exists
[2026-09-01 01:49:52] [GATE-0] [INFO]   ✓ Found        4 work receipt files
[2026-09-01 01:49:52] [GATE-0] [INFO] CHECK 5: Verifying Python dependencies...
[2026-09-01 01:49:52] [GATE-0] [INFO]   ✓ Python module available: json
[2026-09-01 01:49:52] [GATE-0] [INFO]   ✓ Python module available: hashlib
[2026-09-01 01:49:52] [GATE-0] [INFO]   ✓ Python module available: dataclasses
[2026-09-01 01:49:52] [GATE-0] [INFO]   ✓ Python module available: pathlib
[2026-09-01 01:49:52] [GATE-0] [INFO] CHECK 6: Verifying gate dependencies...
[2026-09-01 01:49:52] [GATE-0] [INFO]   ✓ Gate 1-3 validator script ready
[2026-09-01 01:49:52] [GATE-0] [INFO]   ✓ Gate 4-5 validator script ready
[2026-09-01 01:49:52] [GATE-0] [INFO]   ✓ agentacct capture module available
[2026-09-01 01:49:52] [GATE-0] [INFO]   ✓ unlazy gates module available
[2026-09-01 01:49:52] [GATE-0] [INFO] =========================================
[2026-09-01 01:49:52] [GATE-0] [INFO] Gate 0 Summary:
[2026-09-01 01:49:52] [GATE-0] [INFO]   Proof Artifacts: 4/7
[2026-09-01 01:49:52] [GATE-0] [INFO]   Git State:       1/3
[2026-09-01 01:49:52] [GATE-0] [INFO]   AP2 Ledger:      1/2
[2026-09-01 01:49:52] [GATE-0] [INFO]   Work Receipts:   2/2
[2026-09-01 01:49:52] [GATE-0] [INFO]   Python Modules:  4/4
[2026-09-01 01:49:52] [GATE-0] [INFO]   Dependencies:    4/4
[2026-09-01 01:49:52] [GATE-0] [INFO] =========================================
[2026-09-01 01:49:52] [GATE-0] [INFO] TOTAL: 16/22 checks passed
[2026-09-01 01:49:52] [GATE-0] [INFO] Gate 0 PASSED: Pre-flight verification complete
[2026-09-01 01:49:55] [GATE-0] [INFO] === Gate 0 Pre-Flight Verification ===
[2026-09-01 01:49:55] [GATE-0] [INFO] CHECK 1: Verifying proof artifacts...
[2026-09-01 01:49:55] [GATE-0] [INFO]   ✓ Found: 1_agentacct_config.json
[2026-09-01 01:49:55] [GATE-0] [WARN]   ✗ Missing: 2_unlazy_gates.md (will be generated during execution)
[2026-09-01 01:49:55] [GATE-0] [WARN]   ✗ Missing: 3_is_agentic.json (will be generated during execution)
[2026-09-01 01:49:55] [GATE-0] [WARN]   ✗ Missing: 4_canirun_grades.json (will be generated during execution)
[2026-09-01 01:49:55] [GATE-0] [INFO]   ✓ Found: 5_ap2_ledger_pqc.md
[2026-09-01 01:49:55] [GATE-0] [INFO]   ✓ Found: 6_ragas_golden_set.json
[2026-09-01 01:49:55] [GATE-0] [INFO]   ✓ Found: 7_freetoken_benchmark.json
[2026-09-01 01:49:55] [GATE-0] [INFO] CHECK 2: Verifying git state...
[2026-09-01 01:49:55] [GATE-0] [INFO]   ✓ Valid git repository
[2026-09-01 01:49:55] [GATE-0] [INFO] === Gate 0 Pre-Flight Verification ===
[2026-09-01 01:49:55] [GATE-0] [INFO] CHECK 1: Verifying proof artifacts...
[2026-09-01 01:49:55] [GATE-0] [INFO]   ✓ Found: 1_agentacct_config.json
[2026-09-01 01:49:55] [GATE-0] [WARN]   ✗ Missing: 2_unlazy_gates.md (will be generated during execution)
[2026-09-01 01:49:55] [GATE-0] [WARN]   ✗ Missing: 3_is_agentic.json (will be generated during execution)
[2026-09-01 01:49:55] [GATE-0] [WARN]   ✗ Missing: 4_canirun_grades.json (will be generated during execution)
[2026-09-01 01:49:55] [GATE-0] [INFO]   ✓ Found: 5_ap2_ledger_pqc.md
[2026-09-01 01:49:55] [GATE-0] [INFO]   ✓ Found: 6_ragas_golden_set.json
[2026-09-01 01:49:55] [GATE-0] [INFO]   ✓ Found: 7_freetoken_benchmark.json
[2026-09-01 01:49:55] [GATE-0] [INFO] CHECK 2: Verifying git state...
[2026-09-01 01:49:55] [GATE-0] [INFO]   ✓ Valid git repository
[2026-09-01 01:49:56] [GATE-0] [WARN]   ⚠ Uncommitted changes detected (non-blocking)
[2026-09-01 01:49:56] [GATE-0] [WARN]   ⚠ Last commit not signed (warning only)
[2026-09-01 01:49:56] [GATE-0] [INFO] CHECK 3: Verifying AP2 ledger structure...
[2026-09-01 01:49:56] [GATE-0] [INFO]   ✓ AP2 ledger directory exists
[2026-09-01 01:49:56] [GATE-0] [WARN]   ⚠ No ledger entries yet (will be created during execution)
[2026-09-01 01:49:56] [GATE-0] [INFO] CHECK 4: Verifying work receipts directory...
[2026-09-01 01:49:56] [GATE-0] [INFO]   ✓ Work receipts directory exists
[2026-09-01 01:49:56] [GATE-0] [INFO]   ✓ Found        7 work receipt files
[2026-09-01 01:49:56] [GATE-0] [INFO] CHECK 5: Verifying Python dependencies...
[2026-09-01 01:49:56] [GATE-0] [INFO]   ✓ Python module available: json
[2026-09-01 01:49:56] [GATE-0] [INFO]   ✓ Python module available: hashlib
[2026-09-01 01:49:56] [GATE-0] [INFO]   ✓ Python module available: dataclasses
[2026-09-01 01:49:56] [GATE-0] [INFO]   ✓ Python module available: pathlib
[2026-09-01 01:49:56] [GATE-0] [INFO] CHECK 6: Verifying gate dependencies...
[2026-09-01 01:49:56] [GATE-0] [INFO]   ✓ Gate 1-3 validator script ready
[2026-09-01 01:49:56] [GATE-0] [INFO]   ✓ Gate 4-5 validator script ready
[2026-09-01 01:49:56] [GATE-0] [INFO]   ✓ agentacct capture module available
[2026-09-01 01:49:56] [GATE-0] [INFO]   ✓ unlazy gates module available
[2026-09-01 01:49:56] [GATE-0] [INFO] =========================================
[2026-09-01 01:49:56] [GATE-0] [INFO] Gate 0 Summary:
[2026-09-01 01:49:56] [GATE-0] [INFO]   Proof Artifacts: 4/7
[2026-09-01 01:49:56] [GATE-0] [INFO]   Git State:       1/3
[2026-09-01 01:49:57] [GATE-0] [INFO]   AP2 Ledger:      1/2
[2026-09-01 01:49:57] [GATE-0] [INFO]   Work Receipts:   2/2
[2026-09-01 01:49:57] [GATE-0] [INFO]   Python Modules:  4/4
[2026-09-01 01:49:57] [GATE-0] [INFO]   Dependencies:    4/4
[2026-09-01 01:49:57] [GATE-0] [INFO] =========================================
[2026-09-01 01:49:57] [GATE-0] [INFO] TOTAL: 16/22 checks passed
[2026-09-01 01:49:57] [GATE-0] [INFO] Gate 0 PASSED: Pre-flight verification complete
[2026-09-01 01:49:57] [GATE-0] [WARN]   ⚠ Uncommitted changes detected (non-blocking)
[2026-09-01 01:49:57] [GATE-0] [WARN]   ⚠ Last commit not signed (warning only)
[2026-09-01 01:49:57] [GATE-0] [INFO] CHECK 3: Verifying AP2 ledger structure...
[2026-09-01 01:49:57] [GATE-0] [INFO]   ✓ AP2 ledger directory exists
[2026-09-01 01:49:57] [GATE-0] [WARN]   ⚠ No ledger entries yet (will be created during execution)
[2026-09-01 01:49:57] [GATE-0] [INFO] CHECK 4: Verifying work receipts directory...
[2026-09-01 01:49:57] [GATE-0] [INFO]   ✓ Work receipts directory exists
[2026-09-01 01:49:57] [GATE-0] [INFO]   ✓ Found        7 work receipt files
[2026-09-01 01:49:57] [GATE-0] [INFO] CHECK 5: Verifying Python dependencies...
[2026-09-01 01:49:57] [GATE-0] [INFO]   ✓ Python module available: json
[2026-09-01 01:49:57] [GATE-0] [INFO]   ✓ Python module available: hashlib
[2026-09-01 01:49:57] [GATE-0] [INFO]   ✓ Python module available: dataclasses
[2026-09-01 01:49:57] [GATE-0] [INFO]   ✓ Python module available: pathlib
[2026-09-01 01:49:57] [GATE-0] [INFO] CHECK 6: Verifying gate dependencies...
[2026-09-01 01:49:57] [GATE-0] [INFO]   ✓ Gate 1-3 validator script ready
[2026-09-01 01:49:57] [GATE-0] [INFO]   ✓ Gate 4-5 validator script ready
[2026-09-01 01:49:57] [GATE-0] [INFO]   ✓ agentacct capture module available
[2026-09-01 01:49:57] [GATE-0] [INFO]   ✓ unlazy gates module available
[2026-09-01 01:49:57] [GATE-0] [INFO] =========================================
[2026-09-01 01:49:57] [GATE-0] [INFO] Gate 0 Summary:
[2026-09-01 01:49:57] [GATE-0] [INFO]   Proof Artifacts: 4/7
[2026-09-01 01:49:57] [GATE-0] [INFO]   Git State:       1/3
[2026-09-01 01:49:57] [GATE-0] [INFO]   AP2 Ledger:      1/2
[2026-09-01 01:49:57] [GATE-0] [INFO]   Work Receipts:   2/2
[2026-09-01 01:49:57] [GATE-0] [INFO]   Python Modules:  4/4
[2026-09-01 01:49:57] [GATE-0] [INFO]   Dependencies:    4/4
[2026-09-01 01:49:57] [GATE-0] [INFO] =========================================
[2026-09-01 01:49:57] [GATE-0] [INFO] TOTAL: 16/22 checks passed
[2026-09-01 01:49:57] [GATE-0] [INFO] Gate 0 PASSED: Pre-flight verification complete
[2026-09-01 01:50:00] [GATE-0] [INFO] === Gate 0 Pre-Flight Verification ===
[2026-09-01 01:50:00] [GATE-0] [INFO] CHECK 1: Verifying proof artifacts...
[2026-09-01 01:50:00] [GATE-0] [INFO]   ✓ Found: 1_agentacct_config.json
[2026-09-01 01:50:00] [GATE-0] [WARN]   ✗ Missing: 2_unlazy_gates.md (will be generated during execution)
[2026-09-01 01:50:00] [GATE-0] [WARN]   ✗ Missing: 3_is_agentic.json (will be generated during execution)
[2026-09-01 01:50:00] [GATE-0] [WARN]   ✗ Missing: 4_canirun_grades.json (will be generated during execution)
[2026-09-01 01:50:00] [GATE-0] [INFO]   ✓ Found: 5_ap2_ledger_pqc.md
[2026-09-01 01:50:00] [GATE-0] [INFO]   ✓ Found: 6_ragas_golden_set.json
[2026-09-01 01:50:00] [GATE-0] [INFO]   ✓ Found: 7_freetoken_benchmark.json
[2026-09-01 01:50:00] [GATE-0] [INFO] CHECK 2: Verifying git state...
[2026-09-01 01:50:00] [GATE-0] [INFO]   ✓ Valid git repository
[2026-09-01 01:50:02] [GATE-0] [WARN]   ⚠ Uncommitted changes detected (non-blocking)
[2026-09-01 01:50:02] [GATE-0] [WARN]   ⚠ Last commit not signed (warning only)
[2026-09-01 01:50:02] [GATE-0] [INFO] CHECK 3: Verifying AP2 ledger structure...
[2026-09-01 01:50:02] [GATE-0] [INFO]   ✓ AP2 ledger directory exists
[2026-09-01 01:50:02] [GATE-0] [WARN]   ⚠ No ledger entries yet (will be created during execution)
[2026-09-01 01:50:02] [GATE-0] [INFO] CHECK 4: Verifying work receipts directory...
[2026-09-01 01:50:02] [GATE-0] [INFO]   ✓ Work receipts directory exists
[2026-09-01 01:50:02] [GATE-0] [INFO]   ✓ Found        8 work receipt files
[2026-09-01 01:50:02] [GATE-0] [INFO] CHECK 5: Verifying Python dependencies...
[2026-09-01 01:50:02] [GATE-0] [INFO]   ✓ Python module available: json
[2026-09-01 01:50:02] [GATE-0] [INFO]   ✓ Python module available: hashlib
[2026-09-01 01:50:02] [GATE-0] [INFO]   ✓ Python module available: dataclasses
[2026-09-01 01:50:02] [GATE-0] [INFO]   ✓ Python module available: pathlib
[2026-09-01 01:50:02] [GATE-0] [INFO] CHECK 6: Verifying gate dependencies...
[2026-09-01 01:50:02] [GATE-0] [INFO]   ✓ Gate 1-3 validator script ready
[2026-09-01 01:50:02] [GATE-0] [INFO]   ✓ Gate 4-5 validator script ready
[2026-09-01 01:50:02] [GATE-0] [INFO]   ✓ agentacct capture module available
[2026-09-01 01:50:02] [GATE-0] [INFO]   ✓ unlazy gates module available
[2026-09-01 01:50:02] [GATE-0] [INFO] =========================================
[2026-09-01 01:50:02] [GATE-0] [INFO] Gate 0 Summary:
[2026-09-01 01:50:02] [GATE-0] [INFO]   Proof Artifacts: 4/7
[2026-09-01 01:50:02] [GATE-0] [INFO]   Git State:       1/3
[2026-09-01 01:50:02] [GATE-0] [INFO]   AP2 Ledger:      1/2
[2026-09-01 01:50:02] [GATE-0] [INFO]   Work Receipts:   2/2
[2026-09-01 01:50:02] [GATE-0] [INFO]   Python Modules:  4/4
[2026-09-01 01:50:02] [GATE-0] [INFO]   Dependencies:    4/4
[2026-09-01 01:50:02] [GATE-0] [INFO] =========================================
[2026-09-01 01:50:02] [GATE-0] [INFO] TOTAL: 16/22 checks passed
[2026-09-01 01:50:02] [GATE-0] [INFO] Gate 0 PASSED: Pre-flight verification complete
[2026-09-01 01:50:05] [GATE-0] [INFO] === Gate 0 Pre-Flight Verification ===
[2026-09-01 01:50:05] [GATE-0] [INFO] CHECK 1: Verifying proof artifacts...
[2026-09-01 01:50:05] [GATE-0] [INFO]   ✓ Found: 1_agentacct_config.json
[2026-09-01 01:50:05] [GATE-0] [WARN]   ✗ Missing: 2_unlazy_gates.md (will be generated during execution)
[2026-09-01 01:50:05] [GATE-0] [WARN]   ✗ Missing: 3_is_agentic.json (will be generated during execution)
[2026-09-01 01:50:05] [GATE-0] [WARN]   ✗ Missing: 4_canirun_grades.json (will be generated during execution)
[2026-09-01 01:50:05] [GATE-0] [INFO]   ✓ Found: 5_ap2_ledger_pqc.md
[2026-09-01 01:50:05] [GATE-0] [INFO]   ✓ Found: 6_ragas_golden_set.json
[2026-09-01 01:50:05] [GATE-0] [INFO]   ✓ Found: 7_freetoken_benchmark.json
[2026-09-01 01:50:05] [GATE-0] [INFO] CHECK 2: Verifying git state...
[2026-09-01 01:50:05] [GATE-0] [INFO]   ✓ Valid git repository
[2026-09-01 01:50:07] [GATE-0] [WARN]   ⚠ Uncommitted changes detected (non-blocking)
[2026-09-01 01:50:07] [GATE-0] [WARN]   ⚠ Last commit not signed (warning only)
[2026-09-01 01:50:07] [GATE-0] [INFO] CHECK 3: Verifying AP2 ledger structure...
[2026-09-01 01:50:07] [GATE-0] [INFO]   ✓ AP2 ledger directory exists
[2026-09-01 01:50:07] [GATE-0] [WARN]   ⚠ No ledger entries yet (will be created during execution)
[2026-09-01 01:50:07] [GATE-0] [INFO] CHECK 4: Verifying work receipts directory...
[2026-09-01 01:50:07] [GATE-0] [INFO]   ✓ Work receipts directory exists
[2026-09-01 01:50:07] [GATE-0] [INFO]   ✓ Found        9 work receipt files
[2026-09-01 01:50:07] [GATE-0] [INFO] CHECK 5: Verifying Python dependencies...
[2026-09-01 01:50:07] [GATE-0] [INFO]   ✓ Python module available: json
[2026-09-01 01:50:07] [GATE-0] [INFO]   ✓ Python module available: hashlib
[2026-09-01 01:50:07] [GATE-0] [INFO]   ✓ Python module available: dataclasses
[2026-09-01 01:50:07] [GATE-0] [INFO]   ✓ Python module available: pathlib
[2026-09-01 01:50:07] [GATE-0] [INFO] CHECK 6: Verifying gate dependencies...
[2026-09-01 01:50:07] [GATE-0] [INFO]   ✓ Gate 1-3 validator script ready
[2026-09-01 01:50:07] [GATE-0] [INFO]   ✓ Gate 4-5 validator script ready
[2026-09-01 01:50:07] [GATE-0] [INFO]   ✓ agentacct capture module available
[2026-09-01 01:50:07] [GATE-0] [INFO]   ✓ unlazy gates module available
[2026-09-01 01:50:07] [GATE-0] [INFO] =========================================
[2026-09-01 01:50:07] [GATE-0] [INFO] Gate 0 Summary:
[2026-09-01 01:50:07] [GATE-0] [INFO]   Proof Artifacts: 4/7
[2026-09-01 01:50:07] [GATE-0] [INFO]   Git State:       1/3
[2026-09-01 01:50:07] [GATE-0] [INFO]   AP2 Ledger:      1/2
[2026-09-01 01:50:07] [GATE-0] [INFO]   Work Receipts:   2/2
[2026-09-01 01:50:07] [GATE-0] [INFO]   Python Modules:  4/4
[2026-09-01 01:50:07] [GATE-0] [INFO]   Dependencies:    4/4
[2026-09-01 01:50:07] [GATE-0] [INFO] =========================================
[2026-09-01 01:50:07] [GATE-0] [INFO] TOTAL: 16/22 checks passed
[2026-09-01 01:50:07] [GATE-0] [INFO] Gate 0 PASSED: Pre-flight verification complete
[2026-09-01 01:50:09] [GATE-0] [INFO] === Gate 0 Pre-Flight Verification ===
[2026-09-01 01:50:09] [GATE-0] [INFO] CHECK 1: Verifying proof artifacts...
[2026-09-01 01:50:09] [GATE-0] [INFO]   ✓ Found: 1_agentacct_config.json
[2026-09-01 01:50:09] [GATE-0] [WARN]   ✗ Missing: 2_unlazy_gates.md (will be generated during execution)
[2026-09-01 01:50:09] [GATE-0] [WARN]   ✗ Missing: 3_is_agentic.json (will be generated during execution)
[2026-09-01 01:50:09] [GATE-0] [WARN]   ✗ Missing: 4_canirun_grades.json (will be generated during execution)
[2026-09-01 01:50:09] [GATE-0] [INFO]   ✓ Found: 5_ap2_ledger_pqc.md
[2026-09-01 01:50:09] [GATE-0] [INFO]   ✓ Found: 6_ragas_golden_set.json
[2026-09-01 01:50:09] [GATE-0] [INFO]   ✓ Found: 7_freetoken_benchmark.json
[2026-09-01 01:50:09] [GATE-0] [INFO] CHECK 2: Verifying git state...
[2026-09-01 01:50:09] [GATE-0] [INFO]   ✓ Valid git repository
[2026-09-01 01:50:13] [GATE-0] [WARN]   ⚠ Uncommitted changes detected (non-blocking)
[2026-09-01 01:50:13] [GATE-0] [WARN]   ⚠ Last commit not signed (warning only)
[2026-09-01 01:50:13] [GATE-0] [INFO] CHECK 3: Verifying AP2 ledger structure...
[2026-09-01 01:50:13] [GATE-0] [INFO]   ✓ AP2 ledger directory exists
[2026-09-01 01:50:13] [GATE-0] [WARN]   ⚠ No ledger entries yet (will be created during execution)
[2026-09-01 01:50:13] [GATE-0] [INFO] CHECK 4: Verifying work receipts directory...
[2026-09-01 01:50:13] [GATE-0] [INFO]   ✓ Work receipts directory exists
[2026-09-01 01:50:13] [GATE-0] [INFO]   ✓ Found        9 work receipt files
[2026-09-01 01:50:13] [GATE-0] [INFO] CHECK 5: Verifying Python dependencies...
[2026-09-01 01:50:13] [GATE-0] [INFO]   ✓ Python module available: json
[2026-09-01 01:50:13] [GATE-0] [INFO]   ✓ Python module available: hashlib
[2026-09-01 01:50:13] [GATE-0] [INFO]   ✓ Python module available: dataclasses
[2026-09-01 01:50:13] [GATE-0] [INFO]   ✓ Python module available: pathlib
[2026-09-01 01:50:13] [GATE-0] [INFO] CHECK 6: Verifying gate dependencies...
[2026-09-01 01:50:13] [GATE-0] [INFO]   ✓ Gate 1-3 validator script ready
[2026-09-01 01:50:13] [GATE-0] [INFO]   ✓ Gate 4-5 validator script ready
[2026-09-01 01:50:13] [GATE-0] [INFO]   ✓ agentacct capture module available
[2026-09-01 01:50:13] [GATE-0] [INFO]   ✓ unlazy gates module available
[2026-09-01 01:50:13] [GATE-0] [INFO] =========================================
[2026-09-01 01:50:13] [GATE-0] [INFO] Gate 0 Summary:
[2026-09-01 01:50:13] [GATE-0] [INFO]   Proof Artifacts: 4/7
[2026-09-01 01:50:14] [GATE-0] [INFO]   Git State:       1/3
[2026-09-01 01:50:14] [GATE-0] [INFO]   AP2 Ledger:      1/2
[2026-09-01 01:50:14] [GATE-0] [INFO]   Work Receipts:   2/2
[2026-09-01 01:50:14] [GATE-0] [INFO]   Python Modules:  4/4
[2026-09-01 01:50:14] [GATE-0] [INFO]   Dependencies:    4/4
[2026-09-01 01:50:14] [GATE-0] [INFO] =========================================
[2026-09-01 01:50:14] [GATE-0] [INFO] TOTAL: 16/22 checks passed
[2026-09-01 01:50:14] [GATE-0] [INFO] Gate 0 PASSED: Pre-flight verification complete
[2026-09-01 01:50:21] [GATE-0] [INFO] === Gate 0 Pre-Flight Verification ===
[2026-09-01 01:50:21] [GATE-0] [INFO] CHECK 1: Verifying proof artifacts...
[2026-09-01 01:50:21] [GATE-0] [INFO]   ✓ Found: 1_agentacct_config.json
[2026-09-01 01:50:21] [GATE-0] [WARN]   ✗ Missing: 2_unlazy_gates.md (will be generated during execution)
[2026-09-01 01:50:21] [GATE-0] [WARN]   ✗ Missing: 3_is_agentic.json (will be generated during execution)
[2026-09-01 01:50:21] [GATE-0] [WARN]   ✗ Missing: 4_canirun_grades.json (will be generated during execution)
[2026-09-01 01:50:21] [GATE-0] [INFO]   ✓ Found: 5_ap2_ledger_pqc.md
[2026-09-01 01:50:21] [GATE-0] [INFO]   ✓ Found: 6_ragas_golden_set.json
[2026-09-01 01:50:21] [GATE-0] [INFO]   ✓ Found: 7_freetoken_benchmark.json
[2026-09-01 01:50:21] [GATE-0] [INFO] CHECK 2: Verifying git state...
[2026-09-01 01:50:21] [GATE-0] [INFO]   ✓ Valid git repository
[2026-09-01 01:50:24] [GATE-0] [WARN]   ⚠ Uncommitted changes detected (non-blocking)
[2026-09-01 01:50:24] [GATE-0] [WARN]   ⚠ Last commit not signed (warning only)
[2026-09-01 01:50:24] [GATE-0] [INFO] CHECK 3: Verifying AP2 ledger structure...
[2026-09-01 01:50:24] [GATE-0] [INFO]   ✓ AP2 ledger directory exists
[2026-09-01 01:50:24] [GATE-0] [WARN]   ⚠ No ledger entries yet (will be created during execution)
[2026-09-01 01:50:24] [GATE-0] [INFO] CHECK 4: Verifying work receipts directory...
[2026-09-01 01:50:24] [GATE-0] [INFO]   ✓ Work receipts directory exists
[2026-09-01 01:50:24] [GATE-0] [INFO]   ✓ Found       11 work receipt files
[2026-09-01 01:50:24] [GATE-0] [INFO] CHECK 5: Verifying Python dependencies...
[2026-09-01 01:50:24] [GATE-0] [INFO]   ✓ Python module available: json
[2026-09-01 01:50:24] [GATE-0] [INFO]   ✓ Python module available: hashlib
[2026-09-01 01:50:24] [GATE-0] [INFO]   ✓ Python module available: dataclasses
[2026-09-01 01:50:24] [GATE-0] [INFO]   ✓ Python module available: pathlib
[2026-09-01 01:50:24] [GATE-0] [INFO] CHECK 6: Verifying gate dependencies...
[2026-09-01 01:50:24] [GATE-0] [INFO]   ✓ Gate 1-3 validator script ready
[2026-09-01 01:50:24] [GATE-0] [INFO]   ✓ Gate 4-5 validator script ready
[2026-09-01 01:50:24] [GATE-0] [INFO]   ✓ agentacct capture module available
[2026-09-01 01:50:24] [GATE-0] [INFO]   ✓ unlazy gates module available
[2026-09-01 01:50:24] [GATE-0] [INFO] =========================================
[2026-09-01 01:50:24] [GATE-0] [INFO] Gate 0 Summary:
[2026-09-01 01:50:24] [GATE-0] [INFO]   Proof Artifacts: 4/7
[2026-09-01 01:50:24] [GATE-0] [INFO]   Git State:       1/3
[2026-09-01 01:50:24] [GATE-0] [INFO]   AP2 Ledger:      1/2
[2026-09-01 01:50:24] [GATE-0] [INFO]   Work Receipts:   2/2
[2026-09-01 01:50:24] [GATE-0] [INFO]   Python Modules:  4/4
[2026-09-01 01:50:24] [GATE-0] [INFO]   Dependencies:    4/4
[2026-09-01 01:50:24] [GATE-0] [INFO] =========================================
[2026-09-01 01:50:24] [GATE-0] [INFO] TOTAL: 16/22 checks passed
[2026-09-01 01:50:24] [GATE-0] [INFO] Gate 0 PASSED: Pre-flight verification complete
[2026-09-01 01:50:31] [GATE-0] [INFO] === Gate 0 Pre-Flight Verification ===
[2026-09-01 01:50:31] [GATE-0] [INFO] CHECK 1: Verifying proof artifacts...
[2026-09-01 01:50:31] [GATE-0] [INFO]   ✓ Found: 1_agentacct_config.json
[2026-09-01 01:50:31] [GATE-0] [WARN]   ✗ Missing: 2_unlazy_gates.md (will be generated during execution)
[2026-09-01 01:50:31] [GATE-0] [WARN]   ✗ Missing: 3_is_agentic.json (will be generated during execution)
[2026-09-01 01:50:31] [GATE-0] [WARN]   ✗ Missing: 4_canirun_grades.json (will be generated during execution)
[2026-09-01 01:50:31] [GATE-0] [INFO]   ✓ Found: 5_ap2_ledger_pqc.md
[2026-09-01 01:50:31] [GATE-0] [INFO]   ✓ Found: 6_ragas_golden_set.json
[2026-09-01 01:50:31] [GATE-0] [INFO]   ✓ Found: 7_freetoken_benchmark.json
[2026-09-01 01:50:31] [GATE-0] [INFO] CHECK 2: Verifying git state...
[2026-09-01 01:50:31] [GATE-0] [INFO]   ✓ Valid git repository
[2026-09-01 01:50:31] [GATE-0] [INFO] === Gate 0 Pre-Flight Verification ===
[2026-09-01 01:50:31] [GATE-0] [INFO] CHECK 1: Verifying proof artifacts...
[2026-09-01 01:50:31] [GATE-0] [INFO]   ✓ Found: 1_agentacct_config.json
[2026-09-01 01:50:31] [GATE-0] [WARN]   ✗ Missing: 2_unlazy_gates.md (will be generated during execution)
[2026-09-01 01:50:31] [GATE-0] [WARN]   ✗ Missing: 3_is_agentic.json (will be generated during execution)
[2026-09-01 01:50:31] [GATE-0] [WARN]   ✗ Missing: 4_canirun_grades.json (will be generated during execution)
[2026-09-01 01:50:31] [GATE-0] [INFO]   ✓ Found: 5_ap2_ledger_pqc.md
[2026-09-01 01:50:31] [GATE-0] [INFO]   ✓ Found: 6_ragas_golden_set.json
[2026-09-01 01:50:31] [GATE-0] [INFO]   ✓ Found: 7_freetoken_benchmark.json
[2026-09-01 01:50:31] [GATE-0] [INFO] CHECK 2: Verifying git state...
[2026-09-01 01:50:31] [GATE-0] [INFO]   ✓ Valid git repository
[2026-09-01 01:50:33] [GATE-0] [WARN]   ⚠ Uncommitted changes detected (non-blocking)
[2026-09-01 01:50:33] [GATE-0] [WARN]   ⚠ Uncommitted changes detected (non-blocking)
[2026-09-01 01:50:33] [GATE-0] [WARN]   ⚠ Last commit not signed (warning only)
[2026-09-01 01:50:33] [GATE-0] [WARN]   ⚠ Last commit not signed (warning only)
[2026-09-01 01:50:33] [GATE-0] [INFO] CHECK 3: Verifying AP2 ledger structure...
[2026-09-01 01:50:33] [GATE-0] [INFO] CHECK 3: Verifying AP2 ledger structure...
[2026-09-01 01:50:33] [GATE-0] [INFO]   ✓ AP2 ledger directory exists
[2026-09-01 01:50:33] [GATE-0] [INFO]   ✓ AP2 ledger directory exists
[2026-09-01 01:50:33] [GATE-0] [WARN]   ⚠ No ledger entries yet (will be created during execution)
[2026-09-01 01:50:33] [GATE-0] [WARN]   ⚠ No ledger entries yet (will be created during execution)
[2026-09-01 01:50:33] [GATE-0] [INFO] CHECK 4: Verifying work receipts directory...
[2026-09-01 01:50:33] [GATE-0] [INFO] CHECK 4: Verifying work receipts directory...
[2026-09-01 01:50:33] [GATE-0] [INFO]   ✓ Work receipts directory exists
[2026-09-01 01:50:33] [GATE-0] [INFO]   ✓ Work receipts directory exists
[2026-09-01 01:50:33] [GATE-0] [INFO]   ✓ Found       12 work receipt files
[2026-09-01 01:50:33] [GATE-0] [INFO]   ✓ Found       12 work receipt files
[2026-09-01 01:50:33] [GATE-0] [INFO] CHECK 5: Verifying Python dependencies...
[2026-09-01 01:50:33] [GATE-0] [INFO] CHECK 5: Verifying Python dependencies...
[2026-09-01 01:50:33] [GATE-0] [INFO]   ✓ Python module available: json
[2026-09-01 01:50:33] [GATE-0] [INFO]   ✓ Python module available: json
[2026-09-01 01:50:33] [GATE-0] [INFO]   ✓ Python module available: hashlib
[2026-09-01 01:50:33] [GATE-0] [INFO]   ✓ Python module available: hashlib
[2026-09-01 01:50:34] [GATE-0] [INFO]   ✓ Python module available: dataclasses
[2026-09-01 01:50:34] [GATE-0] [INFO]   ✓ Python module available: dataclasses
[2026-09-01 01:50:34] [GATE-0] [INFO]   ✓ Python module available: pathlib
[2026-09-01 01:50:34] [GATE-0] [INFO]   ✓ Python module available: pathlib
[2026-09-01 01:50:34] [GATE-0] [INFO] CHECK 6: Verifying gate dependencies...
[2026-09-01 01:50:34] [GATE-0] [INFO] CHECK 6: Verifying gate dependencies...
[2026-09-01 01:50:34] [GATE-0] [INFO]   ✓ Gate 1-3 validator script ready
[2026-09-01 01:50:34] [GATE-0] [INFO]   ✓ Gate 1-3 validator script ready
[2026-09-01 01:50:34] [GATE-0] [INFO]   ✓ Gate 4-5 validator script ready
[2026-09-01 01:50:34] [GATE-0] [INFO]   ✓ Gate 4-5 validator script ready
[2026-09-01 01:50:34] [GATE-0] [INFO]   ✓ agentacct capture module available
[2026-09-01 01:50:34] [GATE-0] [INFO]   ✓ agentacct capture module available
[2026-09-01 01:50:34] [GATE-0] [INFO]   ✓ unlazy gates module available
[2026-09-01 01:50:34] [GATE-0] [INFO]   ✓ unlazy gates module available
[2026-09-01 01:50:34] [GATE-0] [INFO] =========================================
[2026-09-01 01:50:34] [GATE-0] [INFO] =========================================
[2026-09-01 01:50:34] [GATE-0] [INFO] Gate 0 Summary:
[2026-09-01 01:50:34] [GATE-0] [INFO] Gate 0 Summary:
[2026-09-01 01:50:34] [GATE-0] [INFO]   Proof Artifacts: 4/7
[2026-09-01 01:50:34] [GATE-0] [INFO]   Proof Artifacts: 4/7
[2026-09-01 01:50:34] [GATE-0] [INFO]   Git State:       1/3
[2026-09-01 01:50:34] [GATE-0] [INFO]   Git State:       1/3
[2026-09-01 01:50:34] [GATE-0] [INFO]   AP2 Ledger:      1/2
[2026-09-01 01:50:34] [GATE-0] [INFO]   AP2 Ledger:      1/2
[2026-09-01 01:50:34] [GATE-0] [INFO]   Work Receipts:   2/2
[2026-09-01 01:50:34] [GATE-0] [INFO]   Work Receipts:   2/2
[2026-09-01 01:50:34] [GATE-0] [INFO]   Python Modules:  4/4
[2026-09-01 01:50:34] [GATE-0] [INFO]   Python Modules:  4/4
[2026-09-01 01:50:34] [GATE-0] [INFO]   Dependencies:    4/4
[2026-09-01 01:50:34] [GATE-0] [INFO]   Dependencies:    4/4
[2026-09-01 01:50:34] [GATE-0] [INFO] =========================================
[2026-09-01 01:50:34] [GATE-0] [INFO] =========================================
[2026-09-01 01:50:34] [GATE-0] [INFO] TOTAL: 16/22 checks passed
[2026-09-01 01:50:34] [GATE-0] [INFO] TOTAL: 16/22 checks passed
[2026-09-01 01:50:34] [GATE-0] [INFO] Gate 0 PASSED: Pre-flight verification complete
[2026-09-01 01:50:34] [GATE-0] [INFO] Gate 0 PASSED: Pre-flight verification complete
[2026-09-01 01:50:39] [GATE-0] [INFO] === Gate 0 Pre-Flight Verification ===
[2026-09-01 01:50:39] [GATE-0] [INFO] CHECK 1: Verifying proof artifacts...
[2026-09-01 01:50:39] [GATE-0] [INFO]   ✓ Found: 1_agentacct_config.json
[2026-09-01 01:50:39] [GATE-0] [WARN]   ✗ Missing: 2_unlazy_gates.md (will be generated during execution)
[2026-09-01 01:50:39] [GATE-0] [WARN]   ✗ Missing: 3_is_agentic.json (will be generated during execution)
[2026-09-01 01:50:39] [GATE-0] [WARN]   ✗ Missing: 4_canirun_grades.json (will be generated during execution)
[2026-09-01 01:50:39] [GATE-0] [INFO]   ✓ Found: 5_ap2_ledger_pqc.md
[2026-09-01 01:50:39] [GATE-0] [INFO]   ✓ Found: 6_ragas_golden_set.json
[2026-09-01 01:50:39] [GATE-0] [INFO]   ✓ Found: 7_freetoken_benchmark.json
[2026-09-01 01:50:39] [GATE-0] [INFO] CHECK 2: Verifying git state...
[2026-09-01 01:50:39] [GATE-0] [INFO]   ✓ Valid git repository
[2026-09-01 01:50:39] [GATE-0] [INFO] === Gate 0 Pre-Flight Verification ===
[2026-09-01 01:50:39] [GATE-0] [INFO] CHECK 1: Verifying proof artifacts...
[2026-09-01 01:50:39] [GATE-0] [INFO]   ✓ Found: 1_agentacct_config.json
[2026-09-01 01:50:39] [GATE-0] [WARN]   ✗ Missing: 2_unlazy_gates.md (will be generated during execution)
[2026-09-01 01:50:39] [GATE-0] [WARN]   ✗ Missing: 3_is_agentic.json (will be generated during execution)
[2026-09-01 01:50:39] [GATE-0] [WARN]   ✗ Missing: 4_canirun_grades.json (will be generated during execution)
[2026-09-01 01:50:39] [GATE-0] [INFO]   ✓ Found: 5_ap2_ledger_pqc.md
[2026-09-01 01:50:39] [GATE-0] [INFO]   ✓ Found: 6_ragas_golden_set.json
[2026-09-01 01:50:39] [GATE-0] [INFO]   ✓ Found: 7_freetoken_benchmark.json
[2026-09-01 01:50:39] [GATE-0] [INFO] CHECK 2: Verifying git state...
[2026-09-01 01:50:39] [GATE-0] [INFO]   ✓ Valid git repository
[2026-09-01 01:50:41] [GATE-0] [WARN]   ⚠ Uncommitted changes detected (non-blocking)
[2026-09-01 01:50:41] [GATE-0] [WARN]   ⚠ Uncommitted changes detected (non-blocking)
[2026-09-01 01:50:41] [GATE-0] [WARN]   ⚠ Last commit not signed (warning only)
[2026-09-01 01:50:41] [GATE-0] [WARN]   ⚠ Last commit not signed (warning only)
[2026-09-01 01:50:41] [GATE-0] [INFO] CHECK 3: Verifying AP2 ledger structure...
[2026-09-01 01:50:41] [GATE-0] [INFO] CHECK 3: Verifying AP2 ledger structure...
[2026-09-01 01:50:41] [GATE-0] [INFO]   ✓ AP2 ledger directory exists
[2026-09-01 01:50:41] [GATE-0] [INFO]   ✓ AP2 ledger directory exists
[2026-09-01 01:50:41] [GATE-0] [WARN]   ⚠ No ledger entries yet (will be created during execution)
[2026-09-01 01:50:41] [GATE-0] [WARN]   ⚠ No ledger entries yet (will be created during execution)
[2026-09-01 01:50:41] [GATE-0] [INFO] CHECK 4: Verifying work receipts directory...
[2026-09-01 01:50:41] [GATE-0] [INFO] CHECK 4: Verifying work receipts directory...
[2026-09-01 01:50:41] [GATE-0] [INFO]   ✓ Work receipts directory exists
[2026-09-01 01:50:41] [GATE-0] [INFO]   ✓ Work receipts directory exists
[2026-09-01 01:50:41] [GATE-0] [INFO]   ✓ Found       15 work receipt files
[2026-09-01 01:50:41] [GATE-0] [INFO]   ✓ Found       15 work receipt files
[2026-09-01 01:50:41] [GATE-0] [INFO] CHECK 5: Verifying Python dependencies...
[2026-09-01 01:50:41] [GATE-0] [INFO] CHECK 5: Verifying Python dependencies...
[2026-09-01 01:50:41] [GATE-0] [INFO]   ✓ Python module available: json
[2026-09-01 01:50:41] [GATE-0] [INFO]   ✓ Python module available: json
[2026-09-01 01:50:41] [GATE-0] [INFO]   ✓ Python module available: hashlib
[2026-09-01 01:50:41] [GATE-0] [INFO]   ✓ Python module available: hashlib
[2026-09-01 01:50:41] [GATE-0] [INFO]   ✓ Python module available: dataclasses
[2026-09-01 01:50:41] [GATE-0] [INFO]   ✓ Python module available: dataclasses
[2026-09-01 01:50:41] [GATE-0] [INFO]   ✓ Python module available: pathlib
[2026-09-01 01:50:41] [GATE-0] [INFO]   ✓ Python module available: pathlib
[2026-09-01 01:50:41] [GATE-0] [INFO] CHECK 6: Verifying gate dependencies...
[2026-09-01 01:50:41] [GATE-0] [INFO] CHECK 6: Verifying gate dependencies...
[2026-09-01 01:50:41] [GATE-0] [INFO]   ✓ Gate 1-3 validator script ready
[2026-09-01 01:50:41] [GATE-0] [INFO]   ✓ Gate 1-3 validator script ready
[2026-09-01 01:50:41] [GATE-0] [INFO]   ✓ Gate 4-5 validator script ready
[2026-09-01 01:50:41] [GATE-0] [INFO]   ✓ Gate 4-5 validator script ready
[2026-09-01 01:50:41] [GATE-0] [INFO]   ✓ agentacct capture module available
[2026-09-01 01:50:41] [GATE-0] [INFO]   ✓ agentacct capture module available
[2026-09-01 01:50:41] [GATE-0] [INFO]   ✓ unlazy gates module available
[2026-09-01 01:50:41] [GATE-0] [INFO]   ✓ unlazy gates module available
[2026-09-01 01:50:41] [GATE-0] [INFO] =========================================
[2026-09-01 01:50:41] [GATE-0] [INFO] =========================================
[2026-09-01 01:50:41] [GATE-0] [INFO] Gate 0 Summary:
[2026-09-01 01:50:41] [GATE-0] [INFO] Gate 0 Summary:
[2026-09-01 01:50:41] [GATE-0] [INFO]   Proof Artifacts: 4/7
[2026-09-01 01:50:41] [GATE-0] [INFO]   Proof Artifacts: 4/7
[2026-09-01 01:50:41] [GATE-0] [INFO]   Git State:       1/3
[2026-09-01 01:50:41] [GATE-0] [INFO]   Git State:       1/3
[2026-09-01 01:50:41] [GATE-0] [INFO]   AP2 Ledger:      1/2
[2026-09-01 01:50:41] [GATE-0] [INFO]   AP2 Ledger:      1/2
[2026-09-01 01:50:41] [GATE-0] [INFO]   Work Receipts:   2/2
[2026-09-01 01:50:41] [GATE-0] [INFO]   Work Receipts:   2/2
[2026-09-01 01:50:41] [GATE-0] [INFO]   Python Modules:  4/4
[2026-09-01 01:50:41] [GATE-0] [INFO]   Python Modules:  4/4
[2026-09-01 01:50:41] [GATE-0] [INFO]   Dependencies:    4/4
[2026-09-01 01:50:41] [GATE-0] [INFO]   Dependencies:    4/4
[2026-09-01 01:50:41] [GATE-0] [INFO] =========================================
[2026-09-01 01:50:41] [GATE-0] [INFO] =========================================
[2026-09-01 01:50:41] [GATE-0] [INFO] TOTAL: 16/22 checks passed
[2026-09-01 01:50:41] [GATE-0] [INFO] TOTAL: 16/22 checks passed
[2026-09-01 01:50:41] [GATE-0] [INFO] Gate 0 PASSED: Pre-flight verification complete
[2026-09-01 01:50:41] [GATE-0] [INFO] Gate 0 PASSED: Pre-flight verification complete
[2026-09-01 01:50:42] [GATE-0] [INFO] === Gate 0 Pre-Flight Verification ===
[2026-09-01 01:50:42] [GATE-0] [INFO] CHECK 1: Verifying proof artifacts...
[2026-09-01 01:50:42] [GATE-0] [INFO]   ✓ Found: 1_agentacct_config.json
[2026-09-01 01:50:42] [GATE-0] [WARN]   ✗ Missing: 2_unlazy_gates.md (will be generated during execution)
[2026-09-01 01:50:42] [GATE-0] [WARN]   ✗ Missing: 3_is_agentic.json (will be generated during execution)
[2026-09-01 01:50:42] [GATE-0] [WARN]   ✗ Missing: 4_canirun_grades.json (will be generated during execution)
[2026-09-01 01:50:42] [GATE-0] [INFO]   ✓ Found: 5_ap2_ledger_pqc.md
[2026-09-01 01:50:42] [GATE-0] [INFO]   ✓ Found: 6_ragas_golden_set.json
[2026-09-01 01:50:42] [GATE-0] [INFO]   ✓ Found: 7_freetoken_benchmark.json
[2026-09-01 01:50:42] [GATE-0] [INFO] CHECK 2: Verifying git state...
[2026-09-01 01:50:42] [GATE-0] [INFO]   ✓ Valid git repository
[2026-09-01 01:50:43] [GATE-0] [INFO] === Gate 0 Pre-Flight Verification ===
[2026-09-01 01:50:43] [GATE-0] [INFO] CHECK 1: Verifying proof artifacts...
[2026-09-01 01:50:43] [GATE-0] [INFO]   ✓ Found: 1_agentacct_config.json
[2026-09-01 01:50:43] [GATE-0] [WARN]   ✗ Missing: 2_unlazy_gates.md (will be generated during execution)
[2026-09-01 01:50:43] [GATE-0] [WARN]   ✗ Missing: 3_is_agentic.json (will be generated during execution)
[2026-09-01 01:50:43] [GATE-0] [WARN]   ✗ Missing: 4_canirun_grades.json (will be generated during execution)
[2026-09-01 01:50:43] [GATE-0] [INFO]   ✓ Found: 5_ap2_ledger_pqc.md
[2026-09-01 01:50:43] [GATE-0] [INFO]   ✓ Found: 6_ragas_golden_set.json
[2026-09-01 01:50:43] [GATE-0] [INFO]   ✓ Found: 7_freetoken_benchmark.json
[2026-09-01 01:50:43] [GATE-0] [INFO] CHECK 2: Verifying git state...
[2026-09-01 01:50:43] [GATE-0] [INFO]   ✓ Valid git repository
[2026-09-01 01:50:44] [GATE-0] [WARN]   ⚠ Uncommitted changes detected (non-blocking)
[2026-09-01 01:50:44] [GATE-0] [WARN]   ⚠ Last commit not signed (warning only)
[2026-09-01 01:50:44] [GATE-0] [INFO] CHECK 3: Verifying AP2 ledger structure...
[2026-09-01 01:50:44] [GATE-0] [INFO]   ✓ AP2 ledger directory exists
[2026-09-01 01:50:44] [GATE-0] [WARN]   ⚠ No ledger entries yet (will be created during execution)
[2026-09-01 01:50:44] [GATE-0] [INFO] CHECK 4: Verifying work receipts directory...
[2026-09-01 01:50:44] [GATE-0] [INFO]   ✓ Work receipts directory exists
[2026-09-01 01:50:44] [GATE-0] [INFO]   ✓ Found       17 work receipt files
[2026-09-01 01:50:44] [GATE-0] [INFO] CHECK 5: Verifying Python dependencies...
[2026-09-01 01:50:44] [GATE-0] [INFO]   ✓ Python module available: json
[2026-09-01 01:50:44] [GATE-0] [INFO]   ✓ Python module available: hashlib
[2026-09-01 01:50:44] [GATE-0] [INFO]   ✓ Python module available: dataclasses
[2026-09-01 01:50:44] [GATE-0] [INFO]   ✓ Python module available: pathlib
[2026-09-01 01:50:44] [GATE-0] [INFO] CHECK 6: Verifying gate dependencies...
[2026-09-01 01:50:44] [GATE-0] [INFO]   ✓ Gate 1-3 validator script ready
[2026-09-01 01:50:44] [GATE-0] [INFO]   ✓ Gate 4-5 validator script ready
[2026-09-01 01:50:44] [GATE-0] [INFO]   ✓ agentacct capture module available
[2026-09-01 01:50:44] [GATE-0] [INFO]   ✓ unlazy gates module available
[2026-09-01 01:50:44] [GATE-0] [INFO] =========================================
[2026-09-01 01:50:44] [GATE-0] [INFO] Gate 0 Summary:
[2026-09-01 01:50:44] [GATE-0] [INFO]   Proof Artifacts: 4/7
[2026-09-01 01:50:44] [GATE-0] [INFO]   Git State:       1/3
[2026-09-01 01:50:44] [GATE-0] [INFO]   AP2 Ledger:      1/2
[2026-09-01 01:50:44] [GATE-0] [INFO]   Work Receipts:   2/2
[2026-09-01 01:50:44] [GATE-0] [INFO]   Python Modules:  4/4
[2026-09-01 01:50:44] [GATE-0] [INFO]   Dependencies:    4/4
[2026-09-01 01:50:44] [GATE-0] [INFO] =========================================
[2026-09-01 01:50:44] [GATE-0] [INFO] TOTAL: 16/22 checks passed
[2026-09-01 01:50:44] [GATE-0] [INFO] Gate 0 PASSED: Pre-flight verification complete
[2026-09-01 01:50:45] [GATE-0] [INFO] === Gate 0 Pre-Flight Verification ===
[2026-09-01 01:50:45] [GATE-0] [INFO] CHECK 1: Verifying proof artifacts...
[2026-09-01 01:50:45] [GATE-0] [INFO]   ✓ Found: 1_agentacct_config.json
[2026-09-01 01:50:45] [GATE-0] [WARN]   ✗ Missing: 2_unlazy_gates.md (will be generated during execution)
[2026-09-01 01:50:45] [GATE-0] [WARN]   ✗ Missing: 3_is_agentic.json (will be generated during execution)
[2026-09-01 01:50:45] [GATE-0] [WARN]   ✗ Missing: 4_canirun_grades.json (will be generated during execution)
[2026-09-01 01:50:45] [GATE-0] [INFO]   ✓ Found: 5_ap2_ledger_pqc.md
[2026-09-01 01:50:45] [GATE-0] [INFO]   ✓ Found: 6_ragas_golden_set.json
[2026-09-01 01:50:45] [GATE-0] [INFO]   ✓ Found: 7_freetoken_benchmark.json
[2026-09-01 01:50:45] [GATE-0] [INFO] CHECK 2: Verifying git state...
[2026-09-01 01:50:45] [GATE-0] [INFO]   ✓ Valid git repository
[2026-09-01 01:50:45] [GATE-0] [WARN]   ⚠ Uncommitted changes detected (non-blocking)
[2026-09-01 01:50:45] [GATE-0] [WARN]   ⚠ Last commit not signed (warning only)
[2026-09-01 01:50:45] [GATE-0] [INFO] CHECK 3: Verifying AP2 ledger structure...
[2026-09-01 01:50:45] [GATE-0] [INFO]   ✓ AP2 ledger directory exists
[2026-09-01 01:50:45] [GATE-0] [WARN]   ⚠ No ledger entries yet (will be created during execution)
[2026-09-01 01:50:45] [GATE-0] [INFO] CHECK 4: Verifying work receipts directory...
[2026-09-01 01:50:45] [GATE-0] [INFO]   ✓ Work receipts directory exists
[2026-09-01 01:50:45] [GATE-0] [INFO]   ✓ Found       17 work receipt files
[2026-09-01 01:50:45] [GATE-0] [INFO] CHECK 5: Verifying Python dependencies...
[2026-09-01 01:50:45] [GATE-0] [INFO]   ✓ Python module available: json
[2026-09-01 01:50:45] [GATE-0] [INFO]   ✓ Python module available: hashlib
[2026-09-01 01:50:45] [GATE-0] [INFO]   ✓ Python module available: dataclasses
[2026-09-01 01:50:45] [GATE-0] [INFO]   ✓ Python module available: pathlib
[2026-09-01 01:50:45] [GATE-0] [INFO] CHECK 6: Verifying gate dependencies...
[2026-09-01 01:50:45] [GATE-0] [INFO]   ✓ Gate 1-3 validator script ready
[2026-09-01 01:50:45] [GATE-0] [INFO]   ✓ Gate 4-5 validator script ready
[2026-09-01 01:50:45] [GATE-0] [INFO]   ✓ agentacct capture module available
[2026-09-01 01:50:45] [GATE-0] [INFO]   ✓ unlazy gates module available
[2026-09-01 01:50:45] [GATE-0] [INFO] =========================================
[2026-09-01 01:50:45] [GATE-0] [INFO] Gate 0 Summary:
[2026-09-01 01:50:45] [GATE-0] [INFO]   Proof Artifacts: 4/7
[2026-09-01 01:50:45] [GATE-0] [INFO]   Git State:       1/3
[2026-09-01 01:50:45] [GATE-0] [INFO]   AP2 Ledger:      1/2
[2026-09-01 01:50:45] [GATE-0] [INFO]   Work Receipts:   2/2
[2026-09-01 01:50:45] [GATE-0] [INFO]   Python Modules:  4/4
[2026-09-01 01:50:45] [GATE-0] [INFO]   Dependencies:    4/4
[2026-09-01 01:50:45] [GATE-0] [INFO] =========================================
[2026-09-01 01:50:45] [GATE-0] [INFO] TOTAL: 16/22 checks passed
[2026-09-01 01:50:45] [GATE-0] [INFO] Gate 0 PASSED: Pre-flight verification complete
[2026-09-01 01:50:46] [GATE-0] [WARN]   ⚠ Uncommitted changes detected (non-blocking)
[2026-09-01 01:50:46] [GATE-0] [WARN]   ⚠ Last commit not signed (warning only)
[2026-09-01 01:50:46] [GATE-0] [INFO] CHECK 3: Verifying AP2 ledger structure...
[2026-09-01 01:50:46] [GATE-0] [INFO]   ✓ AP2 ledger directory exists
[2026-09-01 01:50:46] [GATE-0] [INFO]   ✓ Found        1 ledger entries
[2026-09-01 01:50:46] [GATE-0] [INFO] CHECK 4: Verifying work receipts directory...
[2026-09-01 01:50:46] [GATE-0] [INFO]   ✓ Work receipts directory exists
[2026-09-01 01:50:46] [GATE-0] [INFO]   ✓ Found       17 work receipt files
[2026-09-01 01:50:46] [GATE-0] [INFO] CHECK 5: Verifying Python dependencies...
[2026-09-01 01:50:46] [GATE-0] [INFO]   ✓ Python module available: json
[2026-09-01 01:50:46] [GATE-0] [INFO]   ✓ Python module available: hashlib
[2026-09-01 01:50:46] [GATE-0] [INFO]   ✓ Python module available: dataclasses
[2026-09-01 01:50:46] [GATE-0] [INFO]   ✓ Python module available: pathlib
[2026-09-01 01:50:46] [GATE-0] [INFO] CHECK 6: Verifying gate dependencies...
[2026-09-01 01:50:46] [GATE-0] [INFO]   ✓ Gate 1-3 validator script ready
[2026-09-01 01:50:46] [GATE-0] [INFO]   ✓ Gate 4-5 validator script ready
[2026-09-01 01:50:46] [GATE-0] [INFO]   ✓ agentacct capture module available
[2026-09-01 01:50:46] [GATE-0] [INFO]   ✓ unlazy gates module available
[2026-09-01 01:50:46] [GATE-0] [INFO] =========================================
[2026-09-01 01:50:46] [GATE-0] [INFO] Gate 0 Summary:
[2026-09-01 01:50:46] [GATE-0] [INFO]   Proof Artifacts: 4/7
[2026-09-01 01:50:46] [GATE-0] [INFO]   Git State:       1/3
[2026-09-01 01:50:46] [GATE-0] [INFO]   AP2 Ledger:      2/2
[2026-09-01 01:50:46] [GATE-0] [INFO]   Work Receipts:   2/2
[2026-09-01 01:50:46] [GATE-0] [INFO]   Python Modules:  4/4
[2026-09-01 01:50:46] [GATE-0] [INFO]   Dependencies:    4/4
[2026-09-01 01:50:46] [GATE-0] [INFO] =========================================
[2026-09-01 01:50:46] [GATE-0] [INFO] TOTAL: 17/22 checks passed
[2026-09-01 01:50:46] [GATE-0] [INFO] Gate 0 PASSED: Pre-flight verification complete
[2026-09-01 01:50:50] [GATE-0] [INFO] === Gate 0 Pre-Flight Verification ===
[2026-09-01 01:50:50] [GATE-0] [INFO] CHECK 1: Verifying proof artifacts...
[2026-09-01 01:50:50] [GATE-0] [INFO]   ✓ Found: 1_agentacct_config.json
[2026-09-01 01:50:50] [GATE-0] [WARN]   ✗ Missing: 2_unlazy_gates.md (will be generated during execution)
[2026-09-01 01:50:50] [GATE-0] [WARN]   ✗ Missing: 3_is_agentic.json (will be generated during execution)
[2026-09-01 01:50:50] [GATE-0] [WARN]   ✗ Missing: 4_canirun_grades.json (will be generated during execution)
[2026-09-01 01:50:50] [GATE-0] [INFO]   ✓ Found: 5_ap2_ledger_pqc.md
[2026-09-01 01:50:50] [GATE-0] [INFO]   ✓ Found: 6_ragas_golden_set.json
[2026-09-01 01:50:50] [GATE-0] [INFO]   ✓ Found: 7_freetoken_benchmark.json
[2026-09-01 01:50:50] [GATE-0] [INFO] CHECK 2: Verifying git state...
[2026-09-01 01:50:50] [GATE-0] [INFO]   ✓ Valid git repository
[2026-09-01 01:50:50] [GATE-0] [INFO] === Gate 0 Pre-Flight Verification ===
[2026-09-01 01:50:50] [GATE-0] [INFO] CHECK 1: Verifying proof artifacts...
[2026-09-01 01:50:50] [GATE-0] [INFO]   ✓ Found: 1_agentacct_config.json
[2026-09-01 01:50:50] [GATE-0] [WARN]   ✗ Missing: 2_unlazy_gates.md (will be generated during execution)
[2026-09-01 01:50:50] [GATE-0] [WARN]   ✗ Missing: 3_is_agentic.json (will be generated during execution)
[2026-09-01 01:50:50] [GATE-0] [WARN]   ✗ Missing: 4_canirun_grades.json (will be generated during execution)
[2026-09-01 01:50:50] [GATE-0] [INFO]   ✓ Found: 5_ap2_ledger_pqc.md
[2026-09-01 01:50:50] [GATE-0] [INFO]   ✓ Found: 6_ragas_golden_set.json
[2026-09-01 01:50:50] [GATE-0] [INFO]   ✓ Found: 7_freetoken_benchmark.json
[2026-09-01 01:50:50] [GATE-0] [INFO] CHECK 2: Verifying git state...
[2026-09-01 01:50:50] [GATE-0] [INFO]   ✓ Valid git repository
[2026-09-01 01:50:53] [GATE-0] [WARN]   ⚠ Uncommitted changes detected (non-blocking)
[2026-09-01 01:50:53] [GATE-0] [WARN]   ⚠ Uncommitted changes detected (non-blocking)
[2026-09-01 01:50:53] [GATE-0] [WARN]   ⚠ Last commit not signed (warning only)
[2026-09-01 01:50:53] [GATE-0] [WARN]   ⚠ Last commit not signed (warning only)
[2026-09-01 01:50:53] [GATE-0] [INFO] CHECK 3: Verifying AP2 ledger structure...
[2026-09-01 01:50:53] [GATE-0] [INFO] CHECK 3: Verifying AP2 ledger structure...
[2026-09-01 01:50:53] [GATE-0] [INFO]   ✓ AP2 ledger directory exists
[2026-09-01 01:50:53] [GATE-0] [INFO]   ✓ AP2 ledger directory exists
[2026-09-01 01:50:53] [GATE-0] [INFO]   ✓ Found        1 ledger entries
[2026-09-01 01:50:53] [GATE-0] [INFO]   ✓ Found        1 ledger entries
[2026-09-01 01:50:53] [GATE-0] [INFO] CHECK 4: Verifying work receipts directory...
[2026-09-01 01:50:53] [GATE-0] [INFO] CHECK 4: Verifying work receipts directory...
[2026-09-01 01:50:53] [GATE-0] [INFO]   ✓ Work receipts directory exists
[2026-09-01 01:50:53] [GATE-0] [INFO]   ✓ Work receipts directory exists
[2026-09-01 01:50:53] [GATE-0] [INFO]   ✓ Found       18 work receipt files
[2026-09-01 01:50:53] [GATE-0] [INFO]   ✓ Found       18 work receipt files
[2026-09-01 01:50:53] [GATE-0] [INFO] CHECK 5: Verifying Python dependencies...
[2026-09-01 01:50:53] [GATE-0] [INFO] CHECK 5: Verifying Python dependencies...
[2026-09-01 01:50:53] [GATE-0] [INFO]   ✓ Python module available: json
[2026-09-01 01:50:53] [GATE-0] [INFO]   ✓ Python module available: json
[2026-09-01 01:50:53] [GATE-0] [INFO]   ✓ Python module available: hashlib
[2026-09-01 01:50:53] [GATE-0] [INFO]   ✓ Python module available: hashlib
[2026-09-01 01:50:53] [GATE-0] [INFO]   ✓ Python module available: dataclasses
[2026-09-01 01:50:53] [GATE-0] [INFO]   ✓ Python module available: dataclasses
[2026-09-01 01:50:53] [GATE-0] [INFO]   ✓ Python module available: pathlib
[2026-09-01 01:50:53] [GATE-0] [INFO]   ✓ Python module available: pathlib
[2026-09-01 01:50:53] [GATE-0] [INFO] CHECK 6: Verifying gate dependencies...
[2026-09-01 01:50:53] [GATE-0] [INFO] CHECK 6: Verifying gate dependencies...
[2026-09-01 01:50:53] [GATE-0] [INFO]   ✓ Gate 1-3 validator script ready
[2026-09-01 01:50:53] [GATE-0] [INFO]   ✓ Gate 1-3 validator script ready
[2026-09-01 01:50:53] [GATE-0] [INFO]   ✓ Gate 4-5 validator script ready
[2026-09-01 01:50:53] [GATE-0] [INFO]   ✓ Gate 4-5 validator script ready
[2026-09-01 01:50:53] [GATE-0] [INFO]   ✓ agentacct capture module available
[2026-09-01 01:50:53] [GATE-0] [INFO]   ✓ agentacct capture module available
[2026-09-01 01:50:53] [GATE-0] [INFO]   ✓ unlazy gates module available
[2026-09-01 01:50:53] [GATE-0] [INFO]   ✓ unlazy gates module available
[2026-09-01 01:50:53] [GATE-0] [INFO] =========================================
[2026-09-01 01:50:53] [GATE-0] [INFO] =========================================
[2026-09-01 01:50:53] [GATE-0] [INFO] Gate 0 Summary:
[2026-09-01 01:50:53] [GATE-0] [INFO] Gate 0 Summary:
[2026-09-01 01:50:53] [GATE-0] [INFO]   Proof Artifacts: 4/7
[2026-09-01 01:50:53] [GATE-0] [INFO]   Proof Artifacts: 4/7
[2026-09-01 01:50:53] [GATE-0] [INFO]   Git State:       1/3
[2026-09-01 01:50:53] [GATE-0] [INFO]   Git State:       1/3
[2026-09-01 01:50:53] [GATE-0] [INFO]   AP2 Ledger:      2/2
[2026-09-01 01:50:53] [GATE-0] [INFO]   AP2 Ledger:      2/2
[2026-09-01 01:50:53] [GATE-0] [INFO]   Work Receipts:   2/2
[2026-09-01 01:50:53] [GATE-0] [INFO]   Work Receipts:   2/2
[2026-09-01 01:50:53] [GATE-0] [INFO]   Python Modules:  4/4
[2026-09-01 01:50:53] [GATE-0] [INFO]   Python Modules:  4/4
[2026-09-01 01:50:53] [GATE-0] [INFO]   Dependencies:    4/4
[2026-09-01 01:50:53] [GATE-0] [INFO]   Dependencies:    4/4
[2026-09-01 01:50:53] [GATE-0] [INFO] =========================================
[2026-09-01 01:50:53] [GATE-0] [INFO] =========================================
[2026-09-01 01:50:53] [GATE-0] [INFO] TOTAL: 17/22 checks passed
[2026-09-01 01:50:53] [GATE-0] [INFO] TOTAL: 17/22 checks passed
[2026-09-01 01:50:53] [GATE-0] [INFO] Gate 0 PASSED: Pre-flight verification complete
[2026-09-01 01:50:53] [GATE-0] [INFO] Gate 0 PASSED: Pre-flight verification complete
[2026-09-01 01:50:55] [GATE-0] [INFO] === Gate 0 Pre-Flight Verification ===
[2026-09-01 01:50:55] [GATE-0] [INFO] CHECK 1: Verifying proof artifacts...
[2026-09-01 01:50:55] [GATE-0] [INFO]   ✓ Found: 1_agentacct_config.json
[2026-09-01 01:50:55] [GATE-0] [WARN]   ✗ Missing: 2_unlazy_gates.md (will be generated during execution)
[2026-09-01 01:50:55] [GATE-0] [WARN]   ✗ Missing: 3_is_agentic.json (will be generated during execution)
[2026-09-01 01:50:55] [GATE-0] [WARN]   ✗ Missing: 4_canirun_grades.json (will be generated during execution)
[2026-09-01 01:50:55] [GATE-0] [INFO]   ✓ Found: 5_ap2_ledger_pqc.md
[2026-09-01 01:50:55] [GATE-0] [INFO]   ✓ Found: 6_ragas_golden_set.json
[2026-09-01 01:50:55] [GATE-0] [INFO]   ✓ Found: 7_freetoken_benchmark.json
[2026-09-01 01:50:55] [GATE-0] [INFO] CHECK 2: Verifying git state...
[2026-09-01 01:50:55] [GATE-0] [INFO]   ✓ Valid git repository
[2026-09-01 01:50:58] [GATE-0] [WARN]   ⚠ Uncommitted changes detected (non-blocking)
[2026-09-01 01:50:58] [GATE-0] [WARN]   ⚠ Last commit not signed (warning only)
[2026-09-01 01:50:58] [GATE-0] [INFO] CHECK 3: Verifying AP2 ledger structure...
[2026-09-01 01:50:58] [GATE-0] [INFO]   ✓ AP2 ledger directory exists
[2026-09-01 01:50:58] [GATE-0] [INFO]   ✓ Found        1 ledger entries
[2026-09-01 01:50:58] [GATE-0] [INFO] CHECK 4: Verifying work receipts directory...
[2026-09-01 01:50:58] [GATE-0] [INFO]   ✓ Work receipts directory exists
[2026-09-01 01:50:58] [GATE-0] [INFO]   ✓ Found       20 work receipt files
[2026-09-01 01:50:58] [GATE-0] [INFO] CHECK 5: Verifying Python dependencies...
[2026-09-01 01:50:58] [GATE-0] [INFO]   ✓ Python module available: json
[2026-09-01 01:50:58] [GATE-0] [INFO]   ✓ Python module available: hashlib
[2026-09-01 01:50:58] [GATE-0] [INFO]   ✓ Python module available: dataclasses
[2026-09-01 01:50:58] [GATE-0] [INFO]   ✓ Python module available: pathlib
[2026-09-01 01:50:58] [GATE-0] [INFO] CHECK 6: Verifying gate dependencies...
[2026-09-01 01:50:58] [GATE-0] [INFO]   ✓ Gate 1-3 validator script ready
[2026-09-01 01:50:58] [GATE-0] [INFO]   ✓ Gate 4-5 validator script ready
[2026-09-01 01:50:58] [GATE-0] [INFO]   ✓ agentacct capture module available
[2026-09-01 01:50:58] [GATE-0] [INFO]   ✓ unlazy gates module available
[2026-09-01 01:50:58] [GATE-0] [INFO] =========================================
[2026-09-01 01:50:58] [GATE-0] [INFO] Gate 0 Summary:
[2026-09-01 01:50:58] [GATE-0] [INFO]   Proof Artifacts: 4/7
[2026-09-01 01:50:58] [GATE-0] [INFO]   Git State:       1/3
[2026-09-01 01:50:58] [GATE-0] [INFO]   AP2 Ledger:      2/2
[2026-09-01 01:50:58] [GATE-0] [INFO]   Work Receipts:   2/2
[2026-09-01 01:50:58] [GATE-0] [INFO]   Python Modules:  4/4
[2026-09-01 01:50:58] [GATE-0] [INFO]   Dependencies:    4/4
[2026-09-01 01:50:58] [GATE-0] [INFO] =========================================
[2026-09-01 01:50:58] [GATE-0] [INFO] TOTAL: 17/22 checks passed
[2026-09-01 01:50:58] [GATE-0] [INFO] Gate 0 PASSED: Pre-flight verification complete
[2026-09-01 01:50:59] [GATE-0] [INFO] === Gate 0 Pre-Flight Verification ===
[2026-09-01 01:50:59] [GATE-0] [INFO] CHECK 1: Verifying proof artifacts...
[2026-09-01 01:50:59] [GATE-0] [INFO]   ✓ Found: 1_agentacct_config.json
[2026-09-01 01:50:59] [GATE-0] [WARN]   ✗ Missing: 2_unlazy_gates.md (will be generated during execution)
[2026-09-01 01:50:59] [GATE-0] [WARN]   ✗ Missing: 3_is_agentic.json (will be generated during execution)
[2026-09-01 01:50:59] [GATE-0] [WARN]   ✗ Missing: 4_canirun_grades.json (will be generated during execution)
[2026-09-01 01:50:59] [GATE-0] [INFO]   ✓ Found: 5_ap2_ledger_pqc.md
[2026-09-01 01:50:59] [GATE-0] [INFO]   ✓ Found: 6_ragas_golden_set.json
[2026-09-01 01:50:59] [GATE-0] [INFO]   ✓ Found: 7_freetoken_benchmark.json
[2026-09-01 01:50:59] [GATE-0] [INFO] CHECK 2: Verifying git state...
[2026-09-01 01:50:59] [GATE-0] [INFO]   ✓ Valid git repository
[2026-09-01 01:51:01] [GATE-0] [WARN]   ⚠ Uncommitted changes detected (non-blocking)
[2026-09-01 01:51:01] [GATE-0] [WARN]   ⚠ Last commit not signed (warning only)
[2026-09-01 01:51:01] [GATE-0] [INFO] CHECK 3: Verifying AP2 ledger structure...
[2026-09-01 01:51:01] [GATE-0] [INFO]   ✓ AP2 ledger directory exists
[2026-09-01 01:51:01] [GATE-0] [INFO]   ✓ Found        1 ledger entries
[2026-09-01 01:51:01] [GATE-0] [INFO] CHECK 4: Verifying work receipts directory...
[2026-09-01 01:51:01] [GATE-0] [INFO]   ✓ Work receipts directory exists
[2026-09-01 01:51:01] [GATE-0] [INFO]   ✓ Found       21 work receipt files
[2026-09-01 01:51:01] [GATE-0] [INFO] CHECK 5: Verifying Python dependencies...
[2026-09-01 01:51:01] [GATE-0] [INFO]   ✓ Python module available: json
[2026-09-01 01:51:01] [GATE-0] [INFO]   ✓ Python module available: hashlib
[2026-09-01 01:51:01] [GATE-0] [INFO]   ✓ Python module available: dataclasses
[2026-09-01 01:51:01] [GATE-0] [INFO]   ✓ Python module available: pathlib
[2026-09-01 01:51:01] [GATE-0] [INFO] CHECK 6: Verifying gate dependencies...
[2026-09-01 01:51:01] [GATE-0] [INFO]   ✓ Gate 1-3 validator script ready
[2026-09-01 01:51:01] [GATE-0] [INFO]   ✓ Gate 4-5 validator script ready
[2026-09-01 01:51:01] [GATE-0] [INFO]   ✓ agentacct capture module available
[2026-09-01 01:51:01] [GATE-0] [INFO]   ✓ unlazy gates module available
[2026-09-01 01:51:01] [GATE-0] [INFO] =========================================
[2026-09-01 01:51:01] [GATE-0] [INFO] Gate 0 Summary:
[2026-09-01 01:51:01] [GATE-0] [INFO]   Proof Artifacts: 4/7
[2026-09-01 01:51:01] [GATE-0] [INFO]   Git State:       1/3
[2026-09-01 01:51:01] [GATE-0] [INFO]   AP2 Ledger:      2/2
[2026-09-01 01:51:01] [GATE-0] [INFO]   Work Receipts:   2/2
[2026-09-01 01:51:01] [GATE-0] [INFO]   Python Modules:  4/4
[2026-09-01 01:51:01] [GATE-0] [INFO]   Dependencies:    4/4
[2026-09-01 01:51:01] [GATE-0] [INFO] =========================================
[2026-09-01 01:51:01] [GATE-0] [INFO] TOTAL: 17/22 checks passed
[2026-09-01 01:51:01] [GATE-0] [INFO] Gate 0 PASSED: Pre-flight verification complete
[2026-09-01 01:51:04] [GATE-0] [INFO] === Gate 0 Pre-Flight Verification ===
[2026-09-01 01:51:04] [GATE-0] [INFO] CHECK 1: Verifying proof artifacts...
[2026-09-01 01:51:04] [GATE-0] [INFO]   ✓ Found: 1_agentacct_config.json
[2026-09-01 01:51:04] [GATE-0] [WARN]   ✗ Missing: 2_unlazy_gates.md (will be generated during execution)
[2026-09-01 01:51:04] [GATE-0] [WARN]   ✗ Missing: 3_is_agentic.json (will be generated during execution)
[2026-09-01 01:51:04] [GATE-0] [WARN]   ✗ Missing: 4_canirun_grades.json (will be generated during execution)
[2026-09-01 01:51:04] [GATE-0] [INFO]   ✓ Found: 5_ap2_ledger_pqc.md
[2026-09-01 01:51:04] [GATE-0] [INFO]   ✓ Found: 6_ragas_golden_set.json
[2026-09-01 01:51:04] [GATE-0] [INFO]   ✓ Found: 7_freetoken_benchmark.json
[2026-09-01 01:51:04] [GATE-0] [INFO] CHECK 2: Verifying git state...
[2026-09-01 01:51:04] [GATE-0] [INFO]   ✓ Valid git repository
[2026-09-01 01:51:06] [GATE-0] [WARN]   ⚠ Uncommitted changes detected (non-blocking)
[2026-09-01 01:51:06] [GATE-0] [WARN]   ⚠ Last commit not signed (warning only)
[2026-09-01 01:51:06] [GATE-0] [INFO] CHECK 3: Verifying AP2 ledger structure...
[2026-09-01 01:51:06] [GATE-0] [INFO]   ✓ AP2 ledger directory exists
[2026-09-01 01:51:06] [GATE-0] [INFO]   ✓ Found        1 ledger entries
[2026-09-01 01:51:06] [GATE-0] [INFO] CHECK 4: Verifying work receipts directory...
[2026-09-01 01:51:06] [GATE-0] [INFO]   ✓ Work receipts directory exists
[2026-09-01 01:51:06] [GATE-0] [INFO]   ✓ Found       22 work receipt files
[2026-09-01 01:51:06] [GATE-0] [INFO] CHECK 5: Verifying Python dependencies...
[2026-09-01 01:51:06] [GATE-0] [INFO]   ✓ Python module available: json
[2026-09-01 01:51:06] [GATE-0] [INFO]   ✓ Python module available: hashlib
[2026-09-01 01:51:06] [GATE-0] [INFO]   ✓ Python module available: dataclasses
[2026-09-01 01:51:06] [GATE-0] [INFO]   ✓ Python module available: pathlib
[2026-09-01 01:51:06] [GATE-0] [INFO] CHECK 6: Verifying gate dependencies...
[2026-09-01 01:51:06] [GATE-0] [INFO]   ✓ Gate 1-3 validator script ready
[2026-09-01 01:51:06] [GATE-0] [INFO]   ✓ Gate 4-5 validator script ready
[2026-09-01 01:51:06] [GATE-0] [INFO]   ✓ agentacct capture module available
[2026-09-01 01:51:06] [GATE-0] [INFO]   ✓ unlazy gates module available
[2026-09-01 01:51:06] [GATE-0] [INFO] =========================================
[2026-09-01 01:51:06] [GATE-0] [INFO] Gate 0 Summary:
[2026-09-01 01:51:06] [GATE-0] [INFO]   Proof Artifacts: 4/7
[2026-09-01 01:51:06] [GATE-0] [INFO]   Git State:       1/3
[2026-09-01 01:51:06] [GATE-0] [INFO]   AP2 Ledger:      2/2
[2026-09-01 01:51:06] [GATE-0] [INFO]   Work Receipts:   2/2
[2026-09-01 01:51:06] [GATE-0] [INFO]   Python Modules:  4/4
[2026-09-01 01:51:06] [GATE-0] [INFO]   Dependencies:    4/4
[2026-09-01 01:51:06] [GATE-0] [INFO] =========================================
[2026-09-01 01:51:06] [GATE-0] [INFO] TOTAL: 17/22 checks passed
[2026-09-01 01:51:06] [GATE-0] [INFO] Gate 0 PASSED: Pre-flight verification complete
[2026-09-01 01:51:10] [GATE-0] [INFO] === Gate 0 Pre-Flight Verification ===
[2026-09-01 01:51:10] [GATE-0] [INFO] CHECK 1: Verifying proof artifacts...
[2026-09-01 01:51:10] [GATE-0] [INFO]   ✓ Found: 1_agentacct_config.json
[2026-09-01 01:51:10] [GATE-0] [WARN]   ✗ Missing: 2_unlazy_gates.md (will be generated during execution)
[2026-09-01 01:51:10] [GATE-0] [WARN]   ✗ Missing: 3_is_agentic.json (will be generated during execution)
[2026-09-01 01:51:10] [GATE-0] [WARN]   ✗ Missing: 4_canirun_grades.json (will be generated during execution)
[2026-09-01 01:51:10] [GATE-0] [INFO]   ✓ Found: 5_ap2_ledger_pqc.md
[2026-09-01 01:51:10] [GATE-0] [INFO]   ✓ Found: 6_ragas_golden_set.json
[2026-09-01 01:51:10] [GATE-0] [INFO]   ✓ Found: 7_freetoken_benchmark.json
[2026-09-01 01:51:10] [GATE-0] [INFO] CHECK 2: Verifying git state...
[2026-09-01 01:51:10] [GATE-0] [INFO]   ✓ Valid git repository
[2026-09-01 01:51:13] [GATE-0] [WARN]   ⚠ Uncommitted changes detected (non-blocking)
[2026-09-01 01:51:13] [GATE-0] [WARN]   ⚠ Last commit not signed (warning only)
[2026-09-01 01:51:13] [GATE-0] [INFO] CHECK 3: Verifying AP2 ledger structure...
[2026-09-01 01:51:13] [GATE-0] [INFO]   ✓ AP2 ledger directory exists
[2026-09-01 01:51:13] [GATE-0] [INFO]   ✓ Found        1 ledger entries
[2026-09-01 01:51:13] [GATE-0] [INFO] CHECK 4: Verifying work receipts directory...
[2026-09-01 01:51:13] [GATE-0] [INFO]   ✓ Work receipts directory exists
[2026-09-01 01:51:13] [GATE-0] [INFO]   ✓ Found       23 work receipt files
[2026-09-01 01:51:13] [GATE-0] [INFO] CHECK 5: Verifying Python dependencies...
[2026-09-01 01:51:13] [GATE-0] [INFO]   ✓ Python module available: json
[2026-09-01 01:51:13] [GATE-0] [INFO]   ✓ Python module available: hashlib
[2026-09-01 01:51:13] [GATE-0] [INFO]   ✓ Python module available: dataclasses
[2026-09-01 01:51:13] [GATE-0] [INFO]   ✓ Python module available: pathlib
[2026-09-01 01:51:13] [GATE-0] [INFO] CHECK 6: Verifying gate dependencies...
[2026-09-01 01:51:13] [GATE-0] [INFO]   ✓ Gate 1-3 validator script ready
[2026-09-01 01:51:13] [GATE-0] [INFO]   ✓ Gate 4-5 validator script ready
[2026-09-01 01:51:13] [GATE-0] [INFO]   ✓ agentacct capture module available
[2026-09-01 01:51:13] [GATE-0] [INFO]   ✓ unlazy gates module available
[2026-09-01 01:51:13] [GATE-0] [INFO] =========================================
[2026-09-01 01:51:13] [GATE-0] [INFO] Gate 0 Summary:
[2026-09-01 01:51:13] [GATE-0] [INFO]   Proof Artifacts: 4/7
[2026-09-01 01:51:13] [GATE-0] [INFO]   Git State:       1/3
[2026-09-01 01:51:13] [GATE-0] [INFO]   AP2 Ledger:      2/2
[2026-09-01 01:51:13] [GATE-0] [INFO]   Work Receipts:   2/2
[2026-09-01 01:51:13] [GATE-0] [INFO]   Python Modules:  4/4
[2026-09-01 01:51:13] [GATE-0] [INFO]   Dependencies:    4/4
[2026-09-01 01:51:13] [GATE-0] [INFO] =========================================
[2026-09-01 01:51:13] [GATE-0] [INFO] TOTAL: 17/22 checks passed
[2026-09-01 01:51:13] [GATE-0] [INFO] Gate 0 PASSED: Pre-flight verification complete
[2026-09-01 01:51:17] [GATE-0] [INFO] === Gate 0 Pre-Flight Verification ===
[2026-09-01 01:51:17] [GATE-0] [INFO] CHECK 1: Verifying proof artifacts...
[2026-09-01 01:51:17] [GATE-0] [INFO]   ✓ Found: 1_agentacct_config.json
[2026-09-01 01:51:17] [GATE-0] [WARN]   ✗ Missing: 2_unlazy_gates.md (will be generated during execution)
[2026-09-01 01:51:17] [GATE-0] [WARN]   ✗ Missing: 3_is_agentic.json (will be generated during execution)
[2026-09-01 01:51:17] [GATE-0] [WARN]   ✗ Missing: 4_canirun_grades.json (will be generated during execution)
[2026-09-01 01:51:17] [GATE-0] [INFO]   ✓ Found: 5_ap2_ledger_pqc.md
[2026-09-01 01:51:17] [GATE-0] [INFO]   ✓ Found: 6_ragas_golden_set.json
[2026-09-01 01:51:17] [GATE-0] [INFO]   ✓ Found: 7_freetoken_benchmark.json
[2026-09-01 01:51:17] [GATE-0] [INFO] CHECK 2: Verifying git state...
[2026-09-01 01:51:17] [GATE-0] [INFO]   ✓ Valid git repository
[2026-09-01 01:51:18] [GATE-0] [INFO] === Gate 0 Pre-Flight Verification ===
[2026-09-01 01:51:18] [GATE-0] [INFO] CHECK 1: Verifying proof artifacts...
[2026-09-01 01:51:18] [GATE-0] [INFO]   ✓ Found: 1_agentacct_config.json
[2026-09-01 01:51:18] [GATE-0] [WARN]   ✗ Missing: 2_unlazy_gates.md (will be generated during execution)
[2026-09-01 01:51:18] [GATE-0] [WARN]   ✗ Missing: 3_is_agentic.json (will be generated during execution)
[2026-09-01 01:51:18] [GATE-0] [WARN]   ✗ Missing: 4_canirun_grades.json (will be generated during execution)
[2026-09-01 01:51:18] [GATE-0] [INFO]   ✓ Found: 5_ap2_ledger_pqc.md
[2026-09-01 01:51:18] [GATE-0] [INFO]   ✓ Found: 6_ragas_golden_set.json
[2026-09-01 01:51:18] [GATE-0] [INFO]   ✓ Found: 7_freetoken_benchmark.json
[2026-09-01 01:51:18] [GATE-0] [INFO] CHECK 2: Verifying git state...
[2026-09-01 01:51:18] [GATE-0] [INFO]   ✓ Valid git repository
[2026-09-01 01:51:20] [GATE-0] [WARN]   ⚠ Uncommitted changes detected (non-blocking)
[2026-09-01 01:51:20] [GATE-0] [WARN]   ⚠ Last commit not signed (warning only)
[2026-09-01 01:51:20] [GATE-0] [INFO] CHECK 3: Verifying AP2 ledger structure...
[2026-09-01 01:51:20] [GATE-0] [INFO]   ✓ AP2 ledger directory exists
[2026-09-01 01:51:20] [GATE-0] [INFO]   ✓ Found        1 ledger entries
[2026-09-01 01:51:20] [GATE-0] [INFO] CHECK 4: Verifying work receipts directory...
[2026-09-01 01:51:20] [GATE-0] [INFO]   ✓ Work receipts directory exists
[2026-09-01 01:51:20] [GATE-0] [WARN]   ⚠ Uncommitted changes detected (non-blocking)
[2026-09-01 01:51:20] [GATE-0] [INFO]   ✓ Found       24 work receipt files
[2026-09-01 01:51:20] [GATE-0] [INFO] CHECK 5: Verifying Python dependencies...
[2026-09-01 01:51:20] [GATE-0] [WARN]   ⚠ Last commit not signed (warning only)
[2026-09-01 01:51:20] [GATE-0] [INFO] CHECK 3: Verifying AP2 ledger structure...
[2026-09-01 01:51:20] [GATE-0] [INFO]   ✓ AP2 ledger directory exists
[2026-09-01 01:51:20] [GATE-0] [INFO]   ✓ Found        1 ledger entries
[2026-09-01 01:51:20] [GATE-0] [INFO] CHECK 4: Verifying work receipts directory...
[2026-09-01 01:51:20] [GATE-0] [INFO]   ✓ Work receipts directory exists
[2026-09-01 01:51:20] [GATE-0] [INFO]   ✓ Python module available: json
[2026-09-01 01:51:20] [GATE-0] [INFO]   ✓ Found       24 work receipt files
[2026-09-01 01:51:20] [GATE-0] [INFO] CHECK 5: Verifying Python dependencies...
[2026-09-01 01:51:20] [GATE-0] [INFO]   ✓ Python module available: json
[2026-09-01 01:51:20] [GATE-0] [INFO]   ✓ Python module available: hashlib
[2026-09-01 01:51:20] [GATE-0] [INFO]   ✓ Python module available: hashlib
[2026-09-01 01:51:20] [GATE-0] [INFO]   ✓ Python module available: dataclasses
[2026-09-01 01:51:20] [GATE-0] [INFO]   ✓ Python module available: dataclasses
[2026-09-01 01:51:20] [GATE-0] [INFO]   ✓ Python module available: pathlib
[2026-09-01 01:51:20] [GATE-0] [INFO] CHECK 6: Verifying gate dependencies...
[2026-09-01 01:51:20] [GATE-0] [INFO]   ✓ Gate 1-3 validator script ready
[2026-09-01 01:51:20] [GATE-0] [INFO]   ✓ Gate 4-5 validator script ready
[2026-09-01 01:51:20] [GATE-0] [INFO]   ✓ agentacct capture module available
[2026-09-01 01:51:20] [GATE-0] [INFO]   ✓ unlazy gates module available
[2026-09-01 01:51:20] [GATE-0] [INFO] =========================================
[2026-09-01 01:51:20] [GATE-0] [INFO] Gate 0 Summary:
[2026-09-01 01:51:20] [GATE-0] [INFO]   Proof Artifacts: 4/7
[2026-09-01 01:51:20] [GATE-0] [INFO]   ✓ Python module available: pathlib
[2026-09-01 01:51:20] [GATE-0] [INFO]   Git State:       1/3
[2026-09-01 01:51:20] [GATE-0] [INFO] CHECK 6: Verifying gate dependencies...
[2026-09-01 01:51:20] [GATE-0] [INFO]   AP2 Ledger:      2/2
[2026-09-01 01:51:20] [GATE-0] [INFO]   ✓ Gate 1-3 validator script ready
[2026-09-01 01:51:20] [GATE-0] [INFO]   Work Receipts:   2/2
[2026-09-01 01:51:20] [GATE-0] [INFO]   ✓ Gate 4-5 validator script ready
[2026-09-01 01:51:20] [GATE-0] [INFO]   Python Modules:  4/4
[2026-09-01 01:51:20] [GATE-0] [INFO]   ✓ agentacct capture module available
[2026-09-01 01:51:20] [GATE-0] [INFO]   Dependencies:    4/4
[2026-09-01 01:51:20] [GATE-0] [INFO]   ✓ unlazy gates module available
[2026-09-01 01:51:20] [GATE-0] [INFO] =========================================
[2026-09-01 01:51:20] [GATE-0] [INFO] =========================================
[2026-09-01 01:51:20] [GATE-0] [INFO] TOTAL: 17/22 checks passed
[2026-09-01 01:51:20] [GATE-0] [INFO] Gate 0 Summary:
[2026-09-01 01:51:20] [GATE-0] [INFO] Gate 0 PASSED: Pre-flight verification complete
[2026-09-01 01:51:20] [GATE-0] [INFO]   Proof Artifacts: 4/7
[2026-09-01 01:51:20] [GATE-0] [INFO]   Git State:       1/3
[2026-09-01 01:51:20] [GATE-0] [INFO]   AP2 Ledger:      2/2
[2026-09-01 01:51:20] [GATE-0] [INFO]   Work Receipts:   2/2
[2026-09-01 01:51:20] [GATE-0] [INFO]   Python Modules:  4/4
[2026-09-01 01:51:20] [GATE-0] [INFO]   Dependencies:    4/4
[2026-09-01 01:51:20] [GATE-0] [INFO] =========================================
[2026-09-01 01:51:20] [GATE-0] [INFO] TOTAL: 17/22 checks passed
[2026-09-01 01:51:20] [GATE-0] [INFO] Gate 0 PASSED: Pre-flight verification complete
[2026-09-01 01:51:23] [GATE-0] [INFO] === Gate 0 Pre-Flight Verification ===
[2026-09-01 01:51:23] [GATE-0] [INFO] CHECK 1: Verifying proof artifacts...
[2026-09-01 01:51:23] [GATE-0] [INFO]   ✓ Found: 1_agentacct_config.json
[2026-09-01 01:51:23] [GATE-0] [WARN]   ✗ Missing: 2_unlazy_gates.md (will be generated during execution)
[2026-09-01 01:51:23] [GATE-0] [WARN]   ✗ Missing: 3_is_agentic.json (will be generated during execution)
[2026-09-01 01:51:23] [GATE-0] [WARN]   ✗ Missing: 4_canirun_grades.json (will be generated during execution)
[2026-09-01 01:51:23] [GATE-0] [INFO]   ✓ Found: 5_ap2_ledger_pqc.md
[2026-09-01 01:51:23] [GATE-0] [INFO]   ✓ Found: 6_ragas_golden_set.json
[2026-09-01 01:51:23] [GATE-0] [INFO]   ✓ Found: 7_freetoken_benchmark.json
[2026-09-01 01:51:23] [GATE-0] [INFO] CHECK 2: Verifying git state...
[2026-09-01 01:51:23] [GATE-0] [INFO]   ✓ Valid git repository
[2026-09-01 01:51:24] [GATE-0] [INFO] === Gate 0 Pre-Flight Verification ===
[2026-09-01 01:51:24] [GATE-0] [INFO] CHECK 1: Verifying proof artifacts...
[2026-09-01 01:51:24] [GATE-0] [INFO]   ✓ Found: 1_agentacct_config.json
[2026-09-01 01:51:24] [GATE-0] [WARN]   ✗ Missing: 2_unlazy_gates.md (will be generated during execution)
[2026-09-01 01:51:24] [GATE-0] [WARN]   ✗ Missing: 3_is_agentic.json (will be generated during execution)
[2026-09-01 01:51:24] [GATE-0] [WARN]   ✗ Missing: 4_canirun_grades.json (will be generated during execution)
[2026-09-01 01:51:24] [GATE-0] [INFO]   ✓ Found: 5_ap2_ledger_pqc.md
[2026-09-01 01:51:24] [GATE-0] [INFO]   ✓ Found: 6_ragas_golden_set.json
[2026-09-01 01:51:24] [GATE-0] [INFO]   ✓ Found: 7_freetoken_benchmark.json
[2026-09-01 01:51:24] [GATE-0] [INFO] CHECK 2: Verifying git state...
[2026-09-01 01:51:24] [GATE-0] [INFO]   ✓ Valid git repository
[2026-09-01 01:51:25] [GATE-0] [WARN]   ⚠ Uncommitted changes detected (non-blocking)
[2026-09-01 01:51:25] [GATE-0] [WARN]   ⚠ Last commit not signed (warning only)
[2026-09-01 01:51:25] [GATE-0] [INFO] CHECK 3: Verifying AP2 ledger structure...
[2026-09-01 01:51:25] [GATE-0] [INFO]   ✓ AP2 ledger directory exists
[2026-09-01 01:51:25] [GATE-0] [INFO]   ✓ Found        1 ledger entries
[2026-09-01 01:51:25] [GATE-0] [INFO] CHECK 4: Verifying work receipts directory...
[2026-09-01 01:51:25] [GATE-0] [INFO]   ✓ Work receipts directory exists
[2026-09-01 01:51:25] [GATE-0] [INFO]   ✓ Found       26 work receipt files
[2026-09-01 01:51:25] [GATE-0] [INFO] CHECK 5: Verifying Python dependencies...
[2026-09-01 01:51:25] [GATE-0] [INFO]   ✓ Python module available: json
[2026-09-01 01:51:25] [GATE-0] [INFO]   ✓ Python module available: hashlib
[2026-09-01 01:51:25] [GATE-0] [INFO]   ✓ Python module available: dataclasses
[2026-09-01 01:51:25] [GATE-0] [INFO]   ✓ Python module available: pathlib
[2026-09-01 01:51:25] [GATE-0] [INFO] CHECK 6: Verifying gate dependencies...
[2026-09-01 01:51:25] [GATE-0] [INFO]   ✓ Gate 1-3 validator script ready
[2026-09-01 01:51:25] [GATE-0] [INFO]   ✓ Gate 4-5 validator script ready
[2026-09-01 01:51:25] [GATE-0] [INFO]   ✓ agentacct capture module available
[2026-09-01 01:51:25] [GATE-0] [INFO]   ✓ unlazy gates module available
[2026-09-01 01:51:25] [GATE-0] [INFO] =========================================
[2026-09-01 01:51:25] [GATE-0] [INFO] Gate 0 Summary:
[2026-09-01 01:51:25] [GATE-0] [INFO]   Proof Artifacts: 4/7
[2026-09-01 01:51:25] [GATE-0] [INFO]   Git State:       1/3
[2026-09-01 01:51:25] [GATE-0] [INFO]   AP2 Ledger:      2/2
[2026-09-01 01:51:25] [GATE-0] [INFO]   Work Receipts:   2/2
[2026-09-01 01:51:25] [GATE-0] [INFO]   Python Modules:  4/4
[2026-09-01 01:51:25] [GATE-0] [INFO]   Dependencies:    4/4
[2026-09-01 01:51:25] [GATE-0] [INFO] =========================================
[2026-09-01 01:51:25] [GATE-0] [INFO] TOTAL: 17/22 checks passed
[2026-09-01 01:51:25] [GATE-0] [INFO] Gate 0 PASSED: Pre-flight verification complete
[2026-09-01 01:51:25] [GATE-0] [WARN]   ⚠ Uncommitted changes detected (non-blocking)
[2026-09-01 01:51:25] [GATE-0] [WARN]   ⚠ Last commit not signed (warning only)
[2026-09-01 01:51:25] [GATE-0] [INFO] CHECK 3: Verifying AP2 ledger structure...
[2026-09-01 01:51:25] [GATE-0] [INFO]   ✓ AP2 ledger directory exists
[2026-09-01 01:51:25] [GATE-0] [INFO]   ✓ Found        2 ledger entries
[2026-09-01 01:51:25] [GATE-0] [INFO] CHECK 4: Verifying work receipts directory...
[2026-09-01 01:51:25] [GATE-0] [INFO]   ✓ Work receipts directory exists
[2026-09-01 01:51:25] [GATE-0] [INFO]   ✓ Found       26 work receipt files
[2026-09-01 01:51:25] [GATE-0] [INFO] CHECK 5: Verifying Python dependencies...
[2026-09-01 01:51:25] [GATE-0] [INFO]   ✓ Python module available: json
[2026-09-01 01:51:26] [GATE-0] [INFO]   ✓ Python module available: hashlib
[2026-09-01 01:51:26] [GATE-0] [INFO]   ✓ Python module available: dataclasses
[2026-09-01 01:51:26] [GATE-0] [INFO]   ✓ Python module available: pathlib
[2026-09-01 01:51:26] [GATE-0] [INFO] CHECK 6: Verifying gate dependencies...
[2026-09-01 01:51:26] [GATE-0] [INFO]   ✓ Gate 1-3 validator script ready
[2026-09-01 01:51:26] [GATE-0] [INFO]   ✓ Gate 4-5 validator script ready
[2026-09-01 01:51:26] [GATE-0] [INFO]   ✓ agentacct capture module available
[2026-09-01 01:51:26] [GATE-0] [INFO]   ✓ unlazy gates module available
[2026-09-01 01:51:26] [GATE-0] [INFO] =========================================
[2026-09-01 01:51:26] [GATE-0] [INFO] Gate 0 Summary:
[2026-09-01 01:51:26] [GATE-0] [INFO]   Proof Artifacts: 4/7
[2026-09-01 01:51:26] [GATE-0] [INFO]   Git State:       1/3
[2026-09-01 01:51:26] [GATE-0] [INFO]   AP2 Ledger:      2/2
[2026-09-01 01:51:26] [GATE-0] [INFO]   Work Receipts:   2/2
[2026-09-01 01:51:26] [GATE-0] [INFO]   Python Modules:  4/4
[2026-09-01 01:51:26] [GATE-0] [INFO]   Dependencies:    4/4
[2026-09-01 01:51:26] [GATE-0] [INFO] =========================================
[2026-09-01 01:51:26] [GATE-0] [INFO] TOTAL: 17/22 checks passed
[2026-09-01 01:51:26] [GATE-0] [INFO] Gate 0 PASSED: Pre-flight verification complete
[2026-09-01 01:51:29] [GATE-0] [INFO] === Gate 0 Pre-Flight Verification ===
[2026-09-01 01:51:29] [GATE-0] [INFO] CHECK 1: Verifying proof artifacts...
[2026-09-01 01:51:29] [GATE-0] [INFO]   ✓ Found: 1_agentacct_config.json
[2026-09-01 01:51:29] [GATE-0] [WARN]   ✗ Missing: 2_unlazy_gates.md (will be generated during execution)
[2026-09-01 01:51:29] [GATE-0] [WARN]   ✗ Missing: 3_is_agentic.json (will be generated during execution)
[2026-09-01 01:51:29] [GATE-0] [WARN]   ✗ Missing: 4_canirun_grades.json (will be generated during execution)
[2026-09-01 01:51:29] [GATE-0] [INFO]   ✓ Found: 5_ap2_ledger_pqc.md
[2026-09-01 01:51:29] [GATE-0] [INFO]   ✓ Found: 6_ragas_golden_set.json
[2026-09-01 01:51:29] [GATE-0] [INFO]   ✓ Found: 7_freetoken_benchmark.json
[2026-09-01 01:51:29] [GATE-0] [INFO] CHECK 2: Verifying git state...
[2026-09-01 01:51:29] [GATE-0] [INFO]   ✓ Valid git repository
[2026-09-01 01:51:30] [GATE-0] [WARN]   ⚠ Uncommitted changes detected (non-blocking)
[2026-09-01 01:51:30] [GATE-0] [WARN]   ⚠ Last commit not signed (warning only)
[2026-09-01 01:51:30] [GATE-0] [INFO] CHECK 3: Verifying AP2 ledger structure...
[2026-09-01 01:51:30] [GATE-0] [INFO]   ✓ AP2 ledger directory exists
[2026-09-01 01:51:30] [GATE-0] [INFO]   ✓ Found        2 ledger entries
[2026-09-01 01:51:30] [GATE-0] [INFO] CHECK 4: Verifying work receipts directory...
[2026-09-01 01:51:30] [GATE-0] [INFO]   ✓ Work receipts directory exists
[2026-09-01 01:51:30] [GATE-0] [INFO]   ✓ Found       28 work receipt files
[2026-09-01 01:51:30] [GATE-0] [INFO] CHECK 5: Verifying Python dependencies...
[2026-09-01 01:51:30] [GATE-0] [INFO]   ✓ Python module available: json
[2026-09-01 01:51:30] [GATE-0] [INFO]   ✓ Python module available: hashlib
[2026-09-01 01:51:30] [GATE-0] [INFO]   ✓ Python module available: dataclasses
[2026-09-01 01:51:30] [GATE-0] [INFO]   ✓ Python module available: pathlib
[2026-09-01 01:51:30] [GATE-0] [INFO] CHECK 6: Verifying gate dependencies...
[2026-09-01 01:51:30] [GATE-0] [INFO]   ✓ Gate 1-3 validator script ready
[2026-09-01 01:51:30] [GATE-0] [INFO]   ✓ Gate 4-5 validator script ready
[2026-09-01 01:51:30] [GATE-0] [INFO]   ✓ agentacct capture module available
[2026-09-01 01:51:30] [GATE-0] [INFO]   ✓ unlazy gates module available
[2026-09-01 01:51:30] [GATE-0] [INFO] =========================================
[2026-09-01 01:51:30] [GATE-0] [INFO] Gate 0 Summary:
[2026-09-01 01:51:30] [GATE-0] [INFO]   Proof Artifacts: 4/7
[2026-09-01 01:51:30] [GATE-0] [INFO]   Git State:       1/3
[2026-09-01 01:51:30] [GATE-0] [INFO]   AP2 Ledger:      2/2
[2026-09-01 01:51:30] [GATE-0] [INFO]   Work Receipts:   2/2
[2026-09-01 01:51:30] [GATE-0] [INFO]   Python Modules:  4/4
[2026-09-01 01:51:30] [GATE-0] [INFO]   Dependencies:    4/4
[2026-09-01 01:51:30] [GATE-0] [INFO] =========================================
[2026-09-01 01:51:30] [GATE-0] [INFO] TOTAL: 17/22 checks passed
[2026-09-01 01:51:30] [GATE-0] [INFO] Gate 0 PASSED: Pre-flight verification complete
[2026-09-01 01:51:34] [GATE-0] [INFO] === Gate 0 Pre-Flight Verification ===
[2026-09-01 01:51:34] [GATE-0] [INFO] CHECK 1: Verifying proof artifacts...
[2026-09-01 01:51:34] [GATE-0] [INFO]   ✓ Found: 1_agentacct_config.json
[2026-09-01 01:51:34] [GATE-0] [WARN]   ✗ Missing: 2_unlazy_gates.md (will be generated during execution)
[2026-09-01 01:51:34] [GATE-0] [WARN]   ✗ Missing: 3_is_agentic.json (will be generated during execution)
[2026-09-01 01:51:34] [GATE-0] [WARN]   ✗ Missing: 4_canirun_grades.json (will be generated during execution)
[2026-09-01 01:51:34] [GATE-0] [INFO]   ✓ Found: 5_ap2_ledger_pqc.md
[2026-09-01 01:51:34] [GATE-0] [INFO]   ✓ Found: 6_ragas_golden_set.json
[2026-09-01 01:51:34] [GATE-0] [INFO]   ✓ Found: 7_freetoken_benchmark.json
[2026-09-01 01:51:34] [GATE-0] [INFO] CHECK 2: Verifying git state...
[2026-09-01 01:51:34] [GATE-0] [INFO]   ✓ Valid git repository
[2026-09-01 01:51:34] [GATE-0] [INFO] === Gate 0 Pre-Flight Verification ===
[2026-09-01 01:51:34] [GATE-0] [INFO] CHECK 1: Verifying proof artifacts...
[2026-09-01 01:51:34] [GATE-0] [INFO]   ✓ Found: 1_agentacct_config.json
[2026-09-01 01:51:34] [GATE-0] [WARN]   ✗ Missing: 2_unlazy_gates.md (will be generated during execution)
[2026-09-01 01:51:34] [GATE-0] [WARN]   ✗ Missing: 3_is_agentic.json (will be generated during execution)
[2026-09-01 01:51:34] [GATE-0] [WARN]   ✗ Missing: 4_canirun_grades.json (will be generated during execution)
[2026-09-01 01:51:34] [GATE-0] [INFO]   ✓ Found: 5_ap2_ledger_pqc.md
[2026-09-01 01:51:34] [GATE-0] [INFO]   ✓ Found: 6_ragas_golden_set.json
[2026-09-01 01:51:34] [GATE-0] [INFO]   ✓ Found: 7_freetoken_benchmark.json
[2026-09-01 01:51:34] [GATE-0] [INFO] CHECK 2: Verifying git state...
[2026-09-01 01:51:34] [GATE-0] [INFO]   ✓ Valid git repository
[2026-09-01 01:51:36] [GATE-0] [WARN]   ⚠ Uncommitted changes detected (non-blocking)
[2026-09-01 01:51:36] [GATE-0] [WARN]   ⚠ Last commit not signed (warning only)
[2026-09-01 01:51:36] [GATE-0] [INFO] CHECK 3: Verifying AP2 ledger structure...
[2026-09-01 01:51:36] [GATE-0] [INFO]   ✓ AP2 ledger directory exists
[2026-09-01 01:51:36] [GATE-0] [INFO]   ✓ Found        2 ledger entries
[2026-09-01 01:51:36] [GATE-0] [INFO] CHECK 4: Verifying work receipts directory...
[2026-09-01 01:51:36] [GATE-0] [INFO]   ✓ Work receipts directory exists
[2026-09-01 01:51:36] [GATE-0] [INFO]   ✓ Found       29 work receipt files
[2026-09-01 01:51:36] [GATE-0] [INFO] CHECK 5: Verifying Python dependencies...
[2026-09-01 01:51:36] [GATE-0] [INFO]   ✓ Python module available: json
[2026-09-01 01:51:36] [GATE-0] [INFO]   ✓ Python module available: hashlib
[2026-09-01 01:51:36] [GATE-0] [INFO]   ✓ Python module available: dataclasses
[2026-09-01 01:51:36] [GATE-0] [INFO]   ✓ Python module available: pathlib
[2026-09-01 01:51:36] [GATE-0] [INFO] CHECK 6: Verifying gate dependencies...
[2026-09-01 01:51:36] [GATE-0] [INFO]   ✓ Gate 1-3 validator script ready
[2026-09-01 01:51:36] [GATE-0] [INFO]   ✓ Gate 4-5 validator script ready
[2026-09-01 01:51:36] [GATE-0] [INFO]   ✓ agentacct capture module available
[2026-09-01 01:51:36] [GATE-0] [INFO]   ✓ unlazy gates module available
[2026-09-01 01:51:36] [GATE-0] [INFO] =========================================
[2026-09-01 01:51:36] [GATE-0] [INFO] Gate 0 Summary:
[2026-09-01 01:51:36] [GATE-0] [INFO]   Proof Artifacts: 4/7
[2026-09-01 01:51:36] [GATE-0] [INFO]   Git State:       1/3
[2026-09-01 01:51:36] [GATE-0] [INFO]   AP2 Ledger:      2/2
[2026-09-01 01:51:36] [GATE-0] [INFO]   Work Receipts:   2/2
[2026-09-01 01:51:36] [GATE-0] [INFO]   Python Modules:  4/4
[2026-09-01 01:51:36] [GATE-0] [INFO]   Dependencies:    4/4
[2026-09-01 01:51:36] [GATE-0] [INFO] =========================================
[2026-09-01 01:51:36] [GATE-0] [INFO] TOTAL: 17/22 checks passed
[2026-09-01 01:51:36] [GATE-0] [INFO] Gate 0 PASSED: Pre-flight verification complete
[2026-09-01 01:51:36] [GATE-0] [WARN]   ⚠ Uncommitted changes detected (non-blocking)
[2026-09-01 01:51:37] [GATE-0] [WARN]   ⚠ Last commit not signed (warning only)
[2026-09-01 01:51:37] [GATE-0] [INFO] CHECK 3: Verifying AP2 ledger structure...
[2026-09-01 01:51:37] [GATE-0] [INFO]   ✓ AP2 ledger directory exists
[2026-09-01 01:51:37] [GATE-0] [INFO]   ✓ Found        2 ledger entries
[2026-09-01 01:51:37] [GATE-0] [INFO] CHECK 4: Verifying work receipts directory...
[2026-09-01 01:51:37] [GATE-0] [INFO]   ✓ Work receipts directory exists
[2026-09-01 01:51:37] [GATE-0] [INFO]   ✓ Found       30 work receipt files
[2026-09-01 01:51:37] [GATE-0] [INFO] CHECK 5: Verifying Python dependencies...
[2026-09-01 01:51:37] [GATE-0] [INFO]   ✓ Python module available: json
[2026-09-01 01:51:37] [GATE-0] [INFO]   ✓ Python module available: hashlib
[2026-09-01 01:51:37] [GATE-0] [INFO]   ✓ Python module available: dataclasses
[2026-09-01 01:51:37] [GATE-0] [INFO]   ✓ Python module available: pathlib
[2026-09-01 01:51:37] [GATE-0] [INFO] CHECK 6: Verifying gate dependencies...
[2026-09-01 01:51:37] [GATE-0] [INFO]   ✓ Gate 1-3 validator script ready
[2026-09-01 01:51:37] [GATE-0] [INFO]   ✓ Gate 4-5 validator script ready
[2026-09-01 01:51:37] [GATE-0] [INFO]   ✓ agentacct capture module available
[2026-09-01 01:51:37] [GATE-0] [INFO]   ✓ unlazy gates module available
[2026-09-01 01:51:37] [GATE-0] [INFO] =========================================
[2026-09-01 01:51:37] [GATE-0] [INFO] Gate 0 Summary:
[2026-09-01 01:51:37] [GATE-0] [INFO]   Proof Artifacts: 4/7
[2026-09-01 01:51:37] [GATE-0] [INFO]   Git State:       1/3
[2026-09-01 01:51:37] [GATE-0] [INFO]   AP2 Ledger:      2/2
[2026-09-01 01:51:37] [GATE-0] [INFO]   Work Receipts:   2/2
[2026-09-01 01:51:37] [GATE-0] [INFO]   Python Modules:  4/4
[2026-09-01 01:51:37] [GATE-0] [INFO]   Dependencies:    4/4
[2026-09-01 01:51:37] [GATE-0] [INFO] =========================================
[2026-09-01 01:51:37] [GATE-0] [INFO] TOTAL: 17/22 checks passed
[2026-09-01 01:51:37] [GATE-0] [INFO] Gate 0 PASSED: Pre-flight verification complete
[2026-09-01 01:51:40] [GATE-0] [INFO] === Gate 0 Pre-Flight Verification ===
[2026-09-01 01:51:40] [GATE-0] [INFO] CHECK 1: Verifying proof artifacts...
[2026-09-01 01:51:40] [GATE-0] [INFO]   ✓ Found: 1_agentacct_config.json
[2026-09-01 01:51:40] [GATE-0] [WARN]   ✗ Missing: 2_unlazy_gates.md (will be generated during execution)
[2026-09-01 01:51:40] [GATE-0] [WARN]   ✗ Missing: 3_is_agentic.json (will be generated during execution)
[2026-09-01 01:51:40] [GATE-0] [WARN]   ✗ Missing: 4_canirun_grades.json (will be generated during execution)
[2026-09-01 01:51:40] [GATE-0] [INFO]   ✓ Found: 5_ap2_ledger_pqc.md
[2026-09-01 01:51:40] [GATE-0] [INFO]   ✓ Found: 6_ragas_golden_set.json
[2026-09-01 01:51:40] [GATE-0] [INFO]   ✓ Found: 7_freetoken_benchmark.json
[2026-09-01 01:51:40] [GATE-0] [INFO] CHECK 2: Verifying git state...
[2026-09-01 01:51:40] [GATE-0] [INFO]   ✓ Valid git repository
[2026-09-01 01:51:42] [GATE-0] [WARN]   ⚠ Uncommitted changes detected (non-blocking)
[2026-09-01 01:51:42] [GATE-0] [WARN]   ⚠ Last commit not signed (warning only)
[2026-09-01 01:51:42] [GATE-0] [INFO] CHECK 3: Verifying AP2 ledger structure...
[2026-09-01 01:51:42] [GATE-0] [INFO]   ✓ AP2 ledger directory exists
[2026-09-01 01:51:42] [GATE-0] [INFO]   ✓ Found        2 ledger entries
[2026-09-01 01:51:42] [GATE-0] [INFO] CHECK 4: Verifying work receipts directory...
[2026-09-01 01:51:42] [GATE-0] [INFO]   ✓ Work receipts directory exists
[2026-09-01 01:51:42] [GATE-0] [INFO]   ✓ Found       31 work receipt files
[2026-09-01 01:51:42] [GATE-0] [INFO] CHECK 5: Verifying Python dependencies...
[2026-09-01 01:51:42] [GATE-0] [INFO]   ✓ Python module available: json
[2026-09-01 01:51:42] [GATE-0] [INFO]   ✓ Python module available: hashlib
[2026-09-01 01:51:42] [GATE-0] [INFO]   ✓ Python module available: dataclasses
[2026-09-01 01:51:42] [GATE-0] [INFO]   ✓ Python module available: pathlib
[2026-09-01 01:51:42] [GATE-0] [INFO] CHECK 6: Verifying gate dependencies...
[2026-09-01 01:51:42] [GATE-0] [INFO]   ✓ Gate 1-3 validator script ready
[2026-09-01 01:51:42] [GATE-0] [INFO]   ✓ Gate 4-5 validator script ready
[2026-09-01 01:51:42] [GATE-0] [INFO]   ✓ agentacct capture module available
[2026-09-01 01:51:42] [GATE-0] [INFO]   ✓ unlazy gates module available
[2026-09-01 01:51:42] [GATE-0] [INFO] =========================================
[2026-09-01 01:51:42] [GATE-0] [INFO] Gate 0 Summary:
[2026-09-01 01:51:42] [GATE-0] [INFO]   Proof Artifacts: 4/7
[2026-09-01 01:51:42] [GATE-0] [INFO]   Git State:       1/3
[2026-09-01 01:51:42] [GATE-0] [INFO]   AP2 Ledger:      2/2
[2026-09-01 01:51:42] [GATE-0] [INFO]   Work Receipts:   2/2
[2026-09-01 01:51:42] [GATE-0] [INFO]   Python Modules:  4/4
[2026-09-01 01:51:42] [GATE-0] [INFO]   Dependencies:    4/4
[2026-09-01 01:51:42] [GATE-0] [INFO] =========================================
[2026-09-01 01:51:42] [GATE-0] [INFO] TOTAL: 17/22 checks passed
[2026-09-01 01:51:42] [GATE-0] [INFO] Gate 0 PASSED: Pre-flight verification complete
[2026-09-01 01:51:46] [GATE-0] [INFO] === Gate 0 Pre-Flight Verification ===
[2026-09-01 01:51:46] [GATE-0] [INFO] CHECK 1: Verifying proof artifacts...
[2026-09-01 01:51:46] [GATE-0] [INFO]   ✓ Found: 1_agentacct_config.json
[2026-09-01 01:51:46] [GATE-0] [WARN]   ✗ Missing: 2_unlazy_gates.md (will be generated during execution)
[2026-09-01 01:51:46] [GATE-0] [WARN]   ✗ Missing: 3_is_agentic.json (will be generated during execution)
[2026-09-01 01:51:46] [GATE-0] [WARN]   ✗ Missing: 4_canirun_grades.json (will be generated during execution)
[2026-09-01 01:51:46] [GATE-0] [INFO]   ✓ Found: 5_ap2_ledger_pqc.md
[2026-09-01 01:51:46] [GATE-0] [INFO]   ✓ Found: 6_ragas_golden_set.json
[2026-09-01 01:51:46] [GATE-0] [INFO]   ✓ Found: 7_freetoken_benchmark.json
[2026-09-01 01:51:46] [GATE-0] [INFO] CHECK 2: Verifying git state...
[2026-09-01 01:51:46] [GATE-0] [INFO]   ✓ Valid git repository
[2026-09-01 01:51:48] [GATE-0] [WARN]   ⚠ Uncommitted changes detected (non-blocking)
[2026-09-01 01:51:48] [GATE-0] [WARN]   ⚠ Last commit not signed (warning only)
[2026-09-01 01:51:48] [GATE-0] [INFO] CHECK 3: Verifying AP2 ledger structure...
[2026-09-01 01:51:48] [GATE-0] [INFO]   ✓ AP2 ledger directory exists
[2026-09-01 01:51:48] [GATE-0] [INFO]   ✓ Found        2 ledger entries
[2026-09-01 01:51:48] [GATE-0] [INFO] CHECK 4: Verifying work receipts directory...
[2026-09-01 01:51:48] [GATE-0] [INFO]   ✓ Work receipts directory exists
[2026-09-01 01:51:48] [GATE-0] [INFO]   ✓ Found       32 work receipt files
[2026-09-01 01:51:48] [GATE-0] [INFO] CHECK 5: Verifying Python dependencies...
[2026-09-01 01:51:48] [GATE-0] [INFO]   ✓ Python module available: json
[2026-09-01 01:51:48] [GATE-0] [INFO]   ✓ Python module available: hashlib
[2026-09-01 01:51:48] [GATE-0] [INFO]   ✓ Python module available: dataclasses
[2026-09-01 01:51:48] [GATE-0] [INFO]   ✓ Python module available: pathlib
[2026-09-01 01:51:48] [GATE-0] [INFO] CHECK 6: Verifying gate dependencies...
[2026-09-01 01:51:48] [GATE-0] [INFO]   ✓ Gate 1-3 validator script ready
[2026-09-01 01:51:48] [GATE-0] [INFO]   ✓ Gate 4-5 validator script ready
[2026-09-01 01:51:48] [GATE-0] [INFO]   ✓ agentacct capture module available
[2026-09-01 01:51:48] [GATE-0] [INFO]   ✓ unlazy gates module available
[2026-09-01 01:51:48] [GATE-0] [INFO] =========================================
[2026-09-01 01:51:48] [GATE-0] [INFO] Gate 0 Summary:
[2026-09-01 01:51:48] [GATE-0] [INFO]   Proof Artifacts: 4/7
[2026-09-01 01:51:48] [GATE-0] [INFO]   Git State:       1/3
[2026-09-01 01:51:48] [GATE-0] [INFO]   AP2 Ledger:      2/2
[2026-09-01 01:51:48] [GATE-0] [INFO]   Work Receipts:   2/2
[2026-09-01 01:51:48] [GATE-0] [INFO]   Python Modules:  4/4
[2026-09-01 01:51:48] [GATE-0] [INFO]   Dependencies:    4/4
[2026-09-01 01:51:48] [GATE-0] [INFO] =========================================
[2026-09-01 01:51:48] [GATE-0] [INFO] TOTAL: 17/22 checks passed
[2026-09-01 01:51:48] [GATE-0] [INFO] Gate 0 PASSED: Pre-flight verification complete
[2026-09-01 01:51:54] [GATE-0] [INFO] === Gate 0 Pre-Flight Verification ===
[2026-09-01 01:51:54] [GATE-0] [INFO] CHECK 1: Verifying proof artifacts...
[2026-09-01 01:51:54] [GATE-0] [INFO]   ✓ Found: 1_agentacct_config.json
[2026-09-01 01:51:54] [GATE-0] [WARN]   ✗ Missing: 2_unlazy_gates.md (will be generated during execution)
[2026-09-01 01:51:54] [GATE-0] [WARN]   ✗ Missing: 3_is_agentic.json (will be generated during execution)
[2026-09-01 01:51:54] [GATE-0] [WARN]   ✗ Missing: 4_canirun_grades.json (will be generated during execution)
[2026-09-01 01:51:54] [GATE-0] [INFO]   ✓ Found: 5_ap2_ledger_pqc.md
[2026-09-01 01:51:54] [GATE-0] [INFO]   ✓ Found: 6_ragas_golden_set.json
[2026-09-01 01:51:54] [GATE-0] [INFO]   ✓ Found: 7_freetoken_benchmark.json
[2026-09-01 01:51:54] [GATE-0] [INFO] CHECK 2: Verifying git state...
[2026-09-01 01:51:55] [GATE-0] [INFO]   ✓ Valid git repository
[2026-09-01 01:51:58] [GATE-0] [WARN]   ⚠ Uncommitted changes detected (non-blocking)
[2026-09-01 01:51:58] [GATE-0] [WARN]   ⚠ Last commit not signed (warning only)
[2026-09-01 01:51:58] [GATE-0] [INFO] CHECK 3: Verifying AP2 ledger structure...
[2026-09-01 01:51:58] [GATE-0] [INFO]   ✓ AP2 ledger directory exists
[2026-09-01 01:51:58] [GATE-0] [INFO]   ✓ Found        2 ledger entries
[2026-09-01 01:51:58] [GATE-0] [INFO] CHECK 4: Verifying work receipts directory...
[2026-09-01 01:51:58] [GATE-0] [INFO]   ✓ Work receipts directory exists
[2026-09-01 01:51:58] [GATE-0] [INFO]   ✓ Found       33 work receipt files
[2026-09-01 01:51:58] [GATE-0] [INFO] CHECK 5: Verifying Python dependencies...
[2026-09-01 01:51:58] [GATE-0] [INFO]   ✓ Python module available: json
[2026-09-01 01:51:58] [GATE-0] [INFO]   ✓ Python module available: hashlib
[2026-09-01 01:51:58] [GATE-0] [INFO]   ✓ Python module available: dataclasses
[2026-09-01 01:51:58] [GATE-0] [INFO]   ✓ Python module available: pathlib
[2026-09-01 01:51:58] [GATE-0] [INFO] CHECK 6: Verifying gate dependencies...
[2026-09-01 01:51:58] [GATE-0] [INFO]   ✓ Gate 1-3 validator script ready
[2026-09-01 01:51:58] [GATE-0] [INFO]   ✓ Gate 4-5 validator script ready
[2026-09-01 01:51:58] [GATE-0] [INFO]   ✓ agentacct capture module available
[2026-09-01 01:51:58] [GATE-0] [INFO]   ✓ unlazy gates module available
[2026-09-01 01:51:58] [GATE-0] [INFO] =========================================
[2026-09-01 01:51:58] [GATE-0] [INFO] Gate 0 Summary:
[2026-09-01 01:51:58] [GATE-0] [INFO]   Proof Artifacts: 4/7
[2026-09-01 01:51:58] [GATE-0] [INFO]   Git State:       1/3
[2026-09-01 01:51:58] [GATE-0] [INFO]   AP2 Ledger:      2/2
[2026-09-01 01:51:58] [GATE-0] [INFO]   Work Receipts:   2/2
[2026-09-01 01:51:58] [GATE-0] [INFO]   Python Modules:  4/4
[2026-09-01 01:51:58] [GATE-0] [INFO]   Dependencies:    4/4
[2026-09-01 01:51:58] [GATE-0] [INFO] =========================================
[2026-09-01 01:51:58] [GATE-0] [INFO] TOTAL: 17/22 checks passed
[2026-09-01 01:51:58] [GATE-0] [INFO] Gate 0 PASSED: Pre-flight verification complete
[2026-09-01 01:52:02] [GATE-0] [INFO] === Gate 0 Pre-Flight Verification ===
[2026-09-01 01:52:02] [GATE-0] [INFO] CHECK 1: Verifying proof artifacts...
[2026-09-01 01:52:02] [GATE-0] [INFO]   ✓ Found: 1_agentacct_config.json
[2026-09-01 01:52:02] [GATE-0] [WARN]   ✗ Missing: 2_unlazy_gates.md (will be generated during execution)
[2026-09-01 01:52:02] [GATE-0] [WARN]   ✗ Missing: 3_is_agentic.json (will be generated during execution)
[2026-09-01 01:52:02] [GATE-0] [WARN]   ✗ Missing: 4_canirun_grades.json (will be generated during execution)
[2026-09-01 01:52:02] [GATE-0] [INFO]   ✓ Found: 5_ap2_ledger_pqc.md
[2026-09-01 01:52:02] [GATE-0] [INFO]   ✓ Found: 6_ragas_golden_set.json
[2026-09-01 01:52:02] [GATE-0] [INFO]   ✓ Found: 7_freetoken_benchmark.json
[2026-09-01 01:52:02] [GATE-0] [INFO] CHECK 2: Verifying git state...
[2026-09-01 01:52:02] [GATE-0] [INFO]   ✓ Valid git repository
[2026-09-01 01:52:04] [GATE-0] [WARN]   ⚠ Uncommitted changes detected (non-blocking)
[2026-09-01 01:52:04] [GATE-0] [WARN]   ⚠ Last commit not signed (warning only)
[2026-09-01 01:52:04] [GATE-0] [INFO] CHECK 3: Verifying AP2 ledger structure...
[2026-09-01 01:52:04] [GATE-0] [INFO]   ✓ AP2 ledger directory exists
[2026-09-01 01:52:04] [GATE-0] [INFO]   ✓ Found        2 ledger entries
[2026-09-01 01:52:04] [GATE-0] [INFO] CHECK 4: Verifying work receipts directory...
[2026-09-01 01:52:04] [GATE-0] [INFO]   ✓ Work receipts directory exists
[2026-09-01 01:52:04] [GATE-0] [INFO]   ✓ Found       34 work receipt files
[2026-09-01 01:52:04] [GATE-0] [INFO] CHECK 5: Verifying Python dependencies...
[2026-09-01 01:52:04] [GATE-0] [INFO]   ✓ Python module available: json
[2026-09-01 01:52:04] [GATE-0] [INFO]   ✓ Python module available: hashlib
[2026-09-01 01:52:04] [GATE-0] [INFO]   ✓ Python module available: dataclasses
[2026-09-01 01:52:04] [GATE-0] [INFO]   ✓ Python module available: pathlib
[2026-09-01 01:52:04] [GATE-0] [INFO] CHECK 6: Verifying gate dependencies...
[2026-09-01 01:52:04] [GATE-0] [INFO]   ✓ Gate 1-3 validator script ready
[2026-09-01 01:52:04] [GATE-0] [INFO]   ✓ Gate 4-5 validator script ready
[2026-09-01 01:52:04] [GATE-0] [INFO]   ✓ agentacct capture module available
[2026-09-01 01:52:04] [GATE-0] [INFO]   ✓ unlazy gates module available
[2026-09-01 01:52:04] [GATE-0] [INFO] =========================================
[2026-09-01 01:52:04] [GATE-0] [INFO] Gate 0 Summary:
[2026-09-01 01:52:04] [GATE-0] [INFO]   Proof Artifacts: 4/7
[2026-09-01 01:52:04] [GATE-0] [INFO]   Git State:       1/3
[2026-09-01 01:52:04] [GATE-0] [INFO]   AP2 Ledger:      2/2
[2026-09-01 01:52:04] [GATE-0] [INFO]   Work Receipts:   2/2
[2026-09-01 01:52:04] [GATE-0] [INFO]   Python Modules:  4/4
[2026-09-01 01:52:04] [GATE-0] [INFO]   Dependencies:    4/4
[2026-09-01 01:52:04] [GATE-0] [INFO] =========================================
[2026-09-01 01:52:04] [GATE-0] [INFO] TOTAL: 17/22 checks passed
[2026-09-01 01:52:04] [GATE-0] [INFO] Gate 0 PASSED: Pre-flight verification complete
[2026-09-01 01:52:09] [GATE-0] [INFO] === Gate 0 Pre-Flight Verification ===
[2026-09-01 01:52:09] [GATE-0] [INFO] CHECK 1: Verifying proof artifacts...
[2026-09-01 01:52:09] [GATE-0] [INFO]   ✓ Found: 1_agentacct_config.json
[2026-09-01 01:52:09] [GATE-0] [WARN]   ✗ Missing: 2_unlazy_gates.md (will be generated during execution)
[2026-09-01 01:52:09] [GATE-0] [WARN]   ✗ Missing: 3_is_agentic.json (will be generated during execution)
[2026-09-01 01:52:09] [GATE-0] [WARN]   ✗ Missing: 4_canirun_grades.json (will be generated during execution)
[2026-09-01 01:52:09] [GATE-0] [INFO]   ✓ Found: 5_ap2_ledger_pqc.md
[2026-09-01 01:52:09] [GATE-0] [INFO]   ✓ Found: 6_ragas_golden_set.json
[2026-09-01 01:52:09] [GATE-0] [INFO]   ✓ Found: 7_freetoken_benchmark.json
[2026-09-01 01:52:09] [GATE-0] [INFO] CHECK 2: Verifying git state...
[2026-09-01 01:52:10] [GATE-0] [INFO]   ✓ Valid git repository
[2026-09-01 01:52:12] [GATE-0] [WARN]   ⚠ Uncommitted changes detected (non-blocking)
[2026-09-01 01:52:12] [GATE-0] [WARN]   ⚠ Last commit not signed (warning only)
[2026-09-01 01:52:12] [GATE-0] [INFO] CHECK 3: Verifying AP2 ledger structure...
[2026-09-01 01:52:12] [GATE-0] [INFO]   ✓ AP2 ledger directory exists
[2026-09-01 01:52:12] [GATE-0] [INFO]   ✓ Found        2 ledger entries
[2026-09-01 01:52:12] [GATE-0] [INFO] CHECK 4: Verifying work receipts directory...
[2026-09-01 01:52:12] [GATE-0] [INFO]   ✓ Work receipts directory exists
[2026-09-01 01:52:12] [GATE-0] [INFO]   ✓ Found       35 work receipt files
[2026-09-01 01:52:12] [GATE-0] [INFO] CHECK 5: Verifying Python dependencies...
[2026-09-01 01:52:12] [GATE-0] [INFO] === Gate 0 Pre-Flight Verification ===
[2026-09-01 01:52:12] [GATE-0] [INFO]   ✓ Python module available: json
[2026-09-01 01:52:12] [GATE-0] [INFO] CHECK 1: Verifying proof artifacts...
[2026-09-01 01:52:12] [GATE-0] [INFO]   ✓ Found: 1_agentacct_config.json
[2026-09-01 01:52:12] [GATE-0] [WARN]   ✗ Missing: 2_unlazy_gates.md (will be generated during execution)
[2026-09-01 01:52:12] [GATE-0] [WARN]   ✗ Missing: 3_is_agentic.json (will be generated during execution)
[2026-09-01 01:52:12] [GATE-0] [WARN]   ✗ Missing: 4_canirun_grades.json (will be generated during execution)
[2026-09-01 01:52:12] [GATE-0] [INFO]   ✓ Found: 5_ap2_ledger_pqc.md
[2026-09-01 01:52:12] [GATE-0] [INFO]   ✓ Found: 6_ragas_golden_set.json
[2026-09-01 01:52:12] [GATE-0] [INFO]   ✓ Found: 7_freetoken_benchmark.json
[2026-09-01 01:52:12] [GATE-0] [INFO] CHECK 2: Verifying git state...
[2026-09-01 01:52:12] [GATE-0] [INFO]   ✓ Python module available: hashlib
[2026-09-01 01:52:12] [GATE-0] [INFO]   ✓ Valid git repository
[2026-09-01 01:52:12] [GATE-0] [INFO]   ✓ Python module available: dataclasses
[2026-09-01 01:52:12] [GATE-0] [INFO]   ✓ Python module available: pathlib
[2026-09-01 01:52:12] [GATE-0] [INFO] CHECK 6: Verifying gate dependencies...
[2026-09-01 01:52:12] [GATE-0] [INFO]   ✓ Gate 1-3 validator script ready
[2026-09-01 01:52:12] [GATE-0] [INFO]   ✓ Gate 4-5 validator script ready
[2026-09-01 01:52:12] [GATE-0] [INFO]   ✓ agentacct capture module available
[2026-09-01 01:52:12] [GATE-0] [INFO]   ✓ unlazy gates module available
[2026-09-01 01:52:12] [GATE-0] [INFO] =========================================
[2026-09-01 01:52:12] [GATE-0] [INFO] Gate 0 Summary:
[2026-09-01 01:52:12] [GATE-0] [INFO]   Proof Artifacts: 4/7
[2026-09-01 01:52:12] [GATE-0] [INFO]   Git State:       1/3
[2026-09-01 01:52:12] [GATE-0] [INFO]   AP2 Ledger:      2/2
[2026-09-01 01:52:12] [GATE-0] [INFO]   Work Receipts:   2/2
[2026-09-01 01:52:12] [GATE-0] [INFO]   Python Modules:  4/4
[2026-09-01 01:52:12] [GATE-0] [INFO]   Dependencies:    4/4
[2026-09-01 01:52:12] [GATE-0] [INFO] =========================================
[2026-09-01 01:52:12] [GATE-0] [INFO] TOTAL: 17/22 checks passed
[2026-09-01 01:52:12] [GATE-0] [INFO] Gate 0 PASSED: Pre-flight verification complete
[2026-09-01 01:52:14] [GATE-0] [WARN]   ⚠ Uncommitted changes detected (non-blocking)
[2026-09-01 01:52:14] [GATE-0] [WARN]   ⚠ Last commit not signed (warning only)
[2026-09-01 01:52:14] [GATE-0] [INFO] CHECK 3: Verifying AP2 ledger structure...
[2026-09-01 01:52:14] [GATE-0] [INFO]   ✓ AP2 ledger directory exists
[2026-09-01 01:52:14] [GATE-0] [INFO]   ✓ Found        2 ledger entries
[2026-09-01 01:52:14] [GATE-0] [INFO] CHECK 4: Verifying work receipts directory...
[2026-09-01 01:52:14] [GATE-0] [INFO]   ✓ Work receipts directory exists
[2026-09-01 01:52:14] [GATE-0] [INFO]   ✓ Found       36 work receipt files
[2026-09-01 01:52:14] [GATE-0] [INFO] CHECK 5: Verifying Python dependencies...
[2026-09-01 01:52:14] [GATE-0] [INFO]   ✓ Python module available: json
[2026-09-01 01:52:14] [GATE-0] [INFO]   ✓ Python module available: hashlib
[2026-09-01 01:52:14] [GATE-0] [INFO]   ✓ Python module available: dataclasses
[2026-09-01 01:52:14] [GATE-0] [INFO]   ✓ Python module available: pathlib
[2026-09-01 01:52:14] [GATE-0] [INFO] CHECK 6: Verifying gate dependencies...
[2026-09-01 01:52:14] [GATE-0] [INFO]   ✓ Gate 1-3 validator script ready
[2026-09-01 01:52:14] [GATE-0] [INFO]   ✓ Gate 4-5 validator script ready
[2026-09-01 01:52:14] [GATE-0] [INFO]   ✓ agentacct capture module available
[2026-09-01 01:52:14] [GATE-0] [INFO]   ✓ unlazy gates module available
[2026-09-01 01:52:14] [GATE-0] [INFO] =========================================
[2026-09-01 01:52:14] [GATE-0] [INFO] Gate 0 Summary:
[2026-09-01 01:52:14] [GATE-0] [INFO]   Proof Artifacts: 4/7
[2026-09-01 01:52:14] [GATE-0] [INFO]   Git State:       1/3
[2026-09-01 01:52:14] [GATE-0] [INFO]   AP2 Ledger:      2/2
[2026-09-01 01:52:14] [GATE-0] [INFO]   Work Receipts:   2/2
[2026-09-01 01:52:14] [GATE-0] [INFO]   Python Modules:  4/4
[2026-09-01 01:52:14] [GATE-0] [INFO]   Dependencies:    4/4
[2026-09-01 01:52:14] [GATE-0] [INFO] =========================================
[2026-09-01 01:52:14] [GATE-0] [INFO] TOTAL: 17/22 checks passed
[2026-09-01 01:52:14] [GATE-0] [INFO] Gate 0 PASSED: Pre-flight verification complete
[2026-09-01 01:52:15] [GATE-0] [INFO] === Gate 0 Pre-Flight Verification ===
[2026-09-01 01:52:15] [GATE-0] [INFO] CHECK 1: Verifying proof artifacts...
[2026-09-01 01:52:15] [GATE-0] [INFO]   ✓ Found: 1_agentacct_config.json
[2026-09-01 01:52:15] [GATE-0] [WARN]   ✗ Missing: 2_unlazy_gates.md (will be generated during execution)
[2026-09-01 01:52:16] [GATE-0] [WARN]   ✗ Missing: 3_is_agentic.json (will be generated during execution)
[2026-09-01 01:52:16] [GATE-0] [WARN]   ✗ Missing: 4_canirun_grades.json (will be generated during execution)
[2026-09-01 01:52:16] [GATE-0] [INFO]   ✓ Found: 5_ap2_ledger_pqc.md
[2026-09-01 01:52:16] [GATE-0] [INFO]   ✓ Found: 6_ragas_golden_set.json
[2026-09-01 01:52:16] [GATE-0] [INFO]   ✓ Found: 7_freetoken_benchmark.json
[2026-09-01 01:52:16] [GATE-0] [INFO] CHECK 2: Verifying git state...
[2026-09-01 01:52:16] [GATE-0] [INFO]   ✓ Valid git repository
[2026-09-01 01:52:18] [GATE-0] [WARN]   ⚠ Uncommitted changes detected (non-blocking)
[2026-09-01 01:52:18] [GATE-0] [WARN]   ⚠ Last commit not signed (warning only)
[2026-09-01 01:52:18] [GATE-0] [INFO] CHECK 3: Verifying AP2 ledger structure...
[2026-09-01 01:52:18] [GATE-0] [INFO]   ✓ AP2 ledger directory exists
[2026-09-01 01:52:18] [GATE-0] [INFO]   ✓ Found        2 ledger entries
[2026-09-01 01:52:18] [GATE-0] [INFO] CHECK 4: Verifying work receipts directory...
[2026-09-01 01:52:18] [GATE-0] [INFO]   ✓ Work receipts directory exists
[2026-09-01 01:52:18] [GATE-0] [INFO]   ✓ Found       37 work receipt files
[2026-09-01 01:52:18] [GATE-0] [INFO] CHECK 5: Verifying Python dependencies...
[2026-09-01 01:52:18] [GATE-0] [INFO]   ✓ Python module available: json
[2026-09-01 01:52:18] [GATE-0] [INFO]   ✓ Python module available: hashlib
[2026-09-01 01:52:18] [GATE-0] [INFO]   ✓ Python module available: dataclasses
[2026-09-01 01:52:18] [GATE-0] [INFO]   ✓ Python module available: pathlib
[2026-09-01 01:52:18] [GATE-0] [INFO] CHECK 6: Verifying gate dependencies...
[2026-09-01 01:52:18] [GATE-0] [INFO]   ✓ Gate 1-3 validator script ready
[2026-09-01 01:52:18] [GATE-0] [INFO]   ✓ Gate 4-5 validator script ready
[2026-09-01 01:52:18] [GATE-0] [INFO]   ✓ agentacct capture module available
[2026-09-01 01:52:18] [GATE-0] [INFO]   ✓ unlazy gates module available
[2026-09-01 01:52:18] [GATE-0] [INFO] =========================================
[2026-09-01 01:52:18] [GATE-0] [INFO] Gate 0 Summary:
[2026-09-01 01:52:18] [GATE-0] [INFO]   Proof Artifacts: 4/7
[2026-09-01 01:52:18] [GATE-0] [INFO]   Git State:       1/3
[2026-09-01 01:52:18] [GATE-0] [INFO]   AP2 Ledger:      2/2
[2026-09-01 01:52:18] [GATE-0] [INFO]   Work Receipts:   2/2
[2026-09-01 01:52:18] [GATE-0] [INFO]   Python Modules:  4/4
[2026-09-01 01:52:18] [GATE-0] [INFO]   Dependencies:    4/4
[2026-09-01 01:52:18] [GATE-0] [INFO] =========================================
[2026-09-01 01:52:18] [GATE-0] [INFO] TOTAL: 17/22 checks passed
[2026-09-01 01:52:18] [GATE-0] [INFO] Gate 0 PASSED: Pre-flight verification complete
[2026-09-01 01:52:24] [GATE-0] [INFO] === Gate 0 Pre-Flight Verification ===
[2026-09-01 01:52:24] [GATE-0] [INFO] CHECK 1: Verifying proof artifacts...
[2026-09-01 01:52:24] [GATE-0] [INFO]   ✓ Found: 1_agentacct_config.json
[2026-09-01 01:52:24] [GATE-0] [WARN]   ✗ Missing: 2_unlazy_gates.md (will be generated during execution)
[2026-09-01 01:52:24] [GATE-0] [WARN]   ✗ Missing: 3_is_agentic.json (will be generated during execution)
[2026-09-01 01:52:24] [GATE-0] [WARN]   ✗ Missing: 4_canirun_grades.json (will be generated during execution)
[2026-09-01 01:52:24] [GATE-0] [INFO]   ✓ Found: 5_ap2_ledger_pqc.md
[2026-09-01 01:52:24] [GATE-0] [INFO]   ✓ Found: 6_ragas_golden_set.json
[2026-09-01 01:52:24] [GATE-0] [INFO]   ✓ Found: 7_freetoken_benchmark.json
[2026-09-01 01:52:24] [GATE-0] [INFO] CHECK 2: Verifying git state...
[2026-09-01 01:52:24] [GATE-0] [INFO]   ✓ Valid git repository
[2026-09-01 01:52:26] [GATE-0] [WARN]   ⚠ Uncommitted changes detected (non-blocking)
[2026-09-01 01:52:26] [GATE-0] [WARN]   ⚠ Last commit not signed (warning only)
[2026-09-01 01:52:26] [GATE-0] [INFO] CHECK 3: Verifying AP2 ledger structure...
[2026-09-01 01:52:26] [GATE-0] [INFO]   ✓ AP2 ledger directory exists
[2026-09-01 01:52:26] [GATE-0] [INFO]   ✓ Found        2 ledger entries
[2026-09-01 01:52:26] [GATE-0] [INFO] CHECK 4: Verifying work receipts directory...
[2026-09-01 01:52:26] [GATE-0] [INFO]   ✓ Work receipts directory exists
[2026-09-01 01:52:26] [GATE-0] [INFO]   ✓ Found       38 work receipt files
[2026-09-01 01:52:26] [GATE-0] [INFO] CHECK 5: Verifying Python dependencies...
[2026-09-01 01:52:26] [GATE-0] [INFO]   ✓ Python module available: json
[2026-09-01 01:52:26] [GATE-0] [INFO]   ✓ Python module available: hashlib
[2026-09-01 01:52:26] [GATE-0] [INFO]   ✓ Python module available: dataclasses
[2026-09-01 01:52:26] [GATE-0] [INFO]   ✓ Python module available: pathlib
[2026-09-01 01:52:26] [GATE-0] [INFO] CHECK 6: Verifying gate dependencies...
[2026-09-01 01:52:26] [GATE-0] [INFO]   ✓ Gate 1-3 validator script ready
[2026-09-01 01:52:26] [GATE-0] [INFO]   ✓ Gate 4-5 validator script ready
[2026-09-01 01:52:26] [GATE-0] [INFO]   ✓ agentacct capture module available
[2026-09-01 01:52:26] [GATE-0] [INFO]   ✓ unlazy gates module available
[2026-09-01 01:52:26] [GATE-0] [INFO] =========================================
[2026-09-01 01:52:26] [GATE-0] [INFO] Gate 0 Summary:
[2026-09-01 01:52:26] [GATE-0] [INFO]   Proof Artifacts: 4/7
[2026-09-01 01:52:26] [GATE-0] [INFO]   Git State:       1/3
[2026-09-01 01:52:26] [GATE-0] [INFO]   AP2 Ledger:      2/2
[2026-09-01 01:52:26] [GATE-0] [INFO]   Work Receipts:   2/2
[2026-09-01 01:52:26] [GATE-0] [INFO]   Python Modules:  4/4
[2026-09-01 01:52:26] [GATE-0] [INFO]   Dependencies:    4/4
[2026-09-01 01:52:26] [GATE-0] [INFO] =========================================
[2026-09-01 01:52:26] [GATE-0] [INFO] TOTAL: 17/22 checks passed
[2026-09-01 01:52:26] [GATE-0] [INFO] Gate 0 PASSED: Pre-flight verification complete
[2026-09-01 01:52:30] [GATE-0] [INFO] === Gate 0 Pre-Flight Verification ===
[2026-09-01 01:52:30] [GATE-0] [INFO] CHECK 1: Verifying proof artifacts...
[2026-09-01 01:52:30] [GATE-0] [INFO]   ✓ Found: 1_agentacct_config.json
[2026-09-01 01:52:30] [GATE-0] [WARN]   ✗ Missing: 2_unlazy_gates.md (will be generated during execution)
[2026-09-01 01:52:30] [GATE-0] [WARN]   ✗ Missing: 3_is_agentic.json (will be generated during execution)
[2026-09-01 01:52:30] [GATE-0] [WARN]   ✗ Missing: 4_canirun_grades.json (will be generated during execution)
[2026-09-01 01:52:30] [GATE-0] [INFO]   ✓ Found: 5_ap2_ledger_pqc.md
[2026-09-01 01:52:30] [GATE-0] [INFO]   ✓ Found: 6_ragas_golden_set.json
[2026-09-01 01:52:30] [GATE-0] [INFO]   ✓ Found: 7_freetoken_benchmark.json
[2026-09-01 01:52:30] [GATE-0] [INFO] CHECK 2: Verifying git state...
[2026-09-01 01:52:30] [GATE-0] [INFO]   ✓ Valid git repository
[2026-09-01 01:52:31] [GATE-0] [WARN]   ⚠ Uncommitted changes detected (non-blocking)
[2026-09-01 01:52:31] [GATE-0] [WARN]   ⚠ Last commit not signed (warning only)
[2026-09-01 01:52:31] [GATE-0] [INFO] CHECK 3: Verifying AP2 ledger structure...
[2026-09-01 01:52:31] [GATE-0] [INFO]   ✓ AP2 ledger directory exists
[2026-09-01 01:52:31] [GATE-0] [INFO]   ✓ Found        2 ledger entries
[2026-09-01 01:52:31] [GATE-0] [INFO] CHECK 4: Verifying work receipts directory...
[2026-09-01 01:52:31] [GATE-0] [INFO]   ✓ Work receipts directory exists
[2026-09-01 01:52:31] [GATE-0] [INFO]   ✓ Found       39 work receipt files
[2026-09-01 01:52:31] [GATE-0] [INFO] CHECK 5: Verifying Python dependencies...
[2026-09-01 01:52:31] [GATE-0] [INFO]   ✓ Python module available: json
[2026-09-01 01:52:31] [GATE-0] [INFO]   ✓ Python module available: hashlib
[2026-09-01 01:52:31] [GATE-0] [INFO]   ✓ Python module available: dataclasses
[2026-09-01 01:52:31] [GATE-0] [INFO]   ✓ Python module available: pathlib
[2026-09-01 01:52:31] [GATE-0] [INFO] CHECK 6: Verifying gate dependencies...
[2026-09-01 01:52:31] [GATE-0] [INFO]   ✓ Gate 1-3 validator script ready
[2026-09-01 01:52:31] [GATE-0] [INFO]   ✓ Gate 4-5 validator script ready
[2026-09-01 01:52:31] [GATE-0] [INFO]   ✓ agentacct capture module available
[2026-09-01 01:52:31] [GATE-0] [INFO]   ✓ unlazy gates module available
[2026-09-01 01:52:31] [GATE-0] [INFO] =========================================
[2026-09-01 01:52:31] [GATE-0] [INFO] Gate 0 Summary:
[2026-09-01 01:52:31] [GATE-0] [INFO]   Proof Artifacts: 4/7
[2026-09-01 01:52:31] [GATE-0] [INFO]   Git State:       1/3
[2026-09-01 01:52:31] [GATE-0] [INFO]   AP2 Ledger:      2/2
[2026-09-01 01:52:31] [GATE-0] [INFO]   Work Receipts:   2/2
[2026-09-01 01:52:31] [GATE-0] [INFO]   Python Modules:  4/4
[2026-09-01 01:52:31] [GATE-0] [INFO]   Dependencies:    4/4
[2026-09-01 01:52:31] [GATE-0] [INFO] =========================================
[2026-09-01 01:52:31] [GATE-0] [INFO] TOTAL: 17/22 checks passed
[2026-09-01 01:52:31] [GATE-0] [INFO] Gate 0 PASSED: Pre-flight verification complete
[2026-09-01 01:52:34] [GATE-0] [INFO] === Gate 0 Pre-Flight Verification ===
[2026-09-01 01:52:34] [GATE-0] [INFO] CHECK 1: Verifying proof artifacts...
[2026-09-01 01:52:34] [GATE-0] [INFO]   ✓ Found: 1_agentacct_config.json
[2026-09-01 01:52:34] [GATE-0] [WARN]   ✗ Missing: 2_unlazy_gates.md (will be generated during execution)
[2026-09-01 01:52:34] [GATE-0] [WARN]   ✗ Missing: 3_is_agentic.json (will be generated during execution)
[2026-09-01 01:52:34] [GATE-0] [WARN]   ✗ Missing: 4_canirun_grades.json (will be generated during execution)
[2026-09-01 01:52:34] [GATE-0] [INFO]   ✓ Found: 5_ap2_ledger_pqc.md
[2026-09-01 01:52:34] [GATE-0] [INFO]   ✓ Found: 6_ragas_golden_set.json
[2026-09-01 01:52:34] [GATE-0] [INFO]   ✓ Found: 7_freetoken_benchmark.json
[2026-09-01 01:52:34] [GATE-0] [INFO] CHECK 2: Verifying git state...
[2026-09-01 01:52:34] [GATE-0] [INFO]   ✓ Valid git repository
[2026-09-01 01:52:36] [GATE-0] [WARN]   ⚠ Uncommitted changes detected (non-blocking)
[2026-09-01 01:52:36] [GATE-0] [WARN]   ⚠ Last commit not signed (warning only)
[2026-09-01 01:52:36] [GATE-0] [INFO] CHECK 3: Verifying AP2 ledger structure...
[2026-09-01 01:52:36] [GATE-0] [INFO]   ✓ AP2 ledger directory exists
[2026-09-01 01:52:36] [GATE-0] [INFO]   ✓ Found        2 ledger entries
[2026-09-01 01:52:36] [GATE-0] [INFO] CHECK 4: Verifying work receipts directory...
[2026-09-01 01:52:36] [GATE-0] [INFO]   ✓ Work receipts directory exists
[2026-09-01 01:52:36] [GATE-0] [INFO]   ✓ Found       40 work receipt files
[2026-09-01 01:52:36] [GATE-0] [INFO] CHECK 5: Verifying Python dependencies...
[2026-09-01 01:52:36] [GATE-0] [INFO]   ✓ Python module available: json
[2026-09-01 01:52:36] [GATE-0] [INFO]   ✓ Python module available: hashlib
[2026-09-01 01:52:36] [GATE-0] [INFO]   ✓ Python module available: dataclasses
[2026-09-01 01:52:36] [GATE-0] [INFO]   ✓ Python module available: pathlib
[2026-09-01 01:52:36] [GATE-0] [INFO] CHECK 6: Verifying gate dependencies...
[2026-09-01 01:52:36] [GATE-0] [INFO]   ✓ Gate 1-3 validator script ready
[2026-09-01 01:52:36] [GATE-0] [INFO]   ✓ Gate 4-5 validator script ready
[2026-09-01 01:52:36] [GATE-0] [INFO]   ✓ agentacct capture module available
[2026-09-01 01:52:36] [GATE-0] [INFO]   ✓ unlazy gates module available
[2026-09-01 01:52:36] [GATE-0] [INFO] =========================================
[2026-09-01 01:52:36] [GATE-0] [INFO] Gate 0 Summary:
[2026-09-01 01:52:36] [GATE-0] [INFO]   Proof Artifacts: 4/7
[2026-09-01 01:52:36] [GATE-0] [INFO]   Git State:       1/3
[2026-09-01 01:52:36] [GATE-0] [INFO]   AP2 Ledger:      2/2
[2026-09-01 01:52:36] [GATE-0] [INFO]   Work Receipts:   2/2
[2026-09-01 01:52:36] [GATE-0] [INFO]   Python Modules:  4/4
[2026-09-01 01:52:36] [GATE-0] [INFO]   Dependencies:    4/4
[2026-09-01 01:52:36] [GATE-0] [INFO] =========================================
[2026-09-01 01:52:36] [GATE-0] [INFO] TOTAL: 17/22 checks passed
[2026-09-01 01:52:36] [GATE-0] [INFO] Gate 0 PASSED: Pre-flight verification complete
[2026-09-01 01:52:36] [GATE-0] [INFO] === Gate 0 Pre-Flight Verification ===
[2026-09-01 01:52:36] [GATE-0] [INFO] CHECK 1: Verifying proof artifacts...
[2026-09-01 01:52:36] [GATE-0] [INFO]   ✓ Found: 1_agentacct_config.json
[2026-09-01 01:52:36] [GATE-0] [WARN]   ✗ Missing: 2_unlazy_gates.md (will be generated during execution)
[2026-09-01 01:52:36] [GATE-0] [WARN]   ✗ Missing: 3_is_agentic.json (will be generated during execution)
[2026-09-01 01:52:36] [GATE-0] [WARN]   ✗ Missing: 4_canirun_grades.json (will be generated during execution)
[2026-09-01 01:52:36] [GATE-0] [INFO]   ✓ Found: 5_ap2_ledger_pqc.md
[2026-09-01 01:52:36] [GATE-0] [INFO]   ✓ Found: 6_ragas_golden_set.json
[2026-09-01 01:52:36] [GATE-0] [INFO]   ✓ Found: 7_freetoken_benchmark.json
[2026-09-01 01:52:36] [GATE-0] [INFO] CHECK 2: Verifying git state...
[2026-09-01 01:52:36] [GATE-0] [INFO]   ✓ Valid git repository
[2026-09-01 01:52:38] [GATE-0] [WARN]   ⚠ Uncommitted changes detected (non-blocking)
[2026-09-01 01:52:38] [GATE-0] [WARN]   ⚠ Last commit not signed (warning only)
[2026-09-01 01:52:38] [GATE-0] [INFO] CHECK 3: Verifying AP2 ledger structure...
[2026-09-01 01:52:38] [GATE-0] [INFO]   ✓ AP2 ledger directory exists
[2026-09-01 01:52:38] [GATE-0] [INFO]   ✓ Found        2 ledger entries
[2026-09-01 01:52:38] [GATE-0] [INFO] CHECK 4: Verifying work receipts directory...
[2026-09-01 01:52:38] [GATE-0] [INFO]   ✓ Work receipts directory exists
[2026-09-01 01:52:38] [GATE-0] [INFO]   ✓ Found       41 work receipt files
[2026-09-01 01:52:38] [GATE-0] [INFO] CHECK 5: Verifying Python dependencies...
[2026-09-01 01:52:38] [GATE-0] [INFO]   ✓ Python module available: json
[2026-09-01 01:52:38] [GATE-0] [INFO]   ✓ Python module available: hashlib
[2026-09-01 01:52:38] [GATE-0] [INFO]   ✓ Python module available: dataclasses
[2026-09-01 01:52:38] [GATE-0] [INFO]   ✓ Python module available: pathlib
[2026-09-01 01:52:38] [GATE-0] [INFO] CHECK 6: Verifying gate dependencies...
[2026-09-01 01:52:38] [GATE-0] [INFO]   ✓ Gate 1-3 validator script ready
[2026-09-01 01:52:38] [GATE-0] [INFO]   ✓ Gate 4-5 validator script ready
[2026-09-01 01:52:38] [GATE-0] [INFO]   ✓ agentacct capture module available
[2026-09-01 01:52:38] [GATE-0] [INFO]   ✓ unlazy gates module available
[2026-09-01 01:52:38] [GATE-0] [INFO] =========================================
[2026-09-01 01:52:38] [GATE-0] [INFO] Gate 0 Summary:
[2026-09-01 01:52:38] [GATE-0] [INFO]   Proof Artifacts: 4/7
[2026-09-01 01:52:38] [GATE-0] [INFO]   Git State:       1/3
[2026-09-01 01:52:38] [GATE-0] [INFO]   AP2 Ledger:      2/2
[2026-09-01 01:52:38] [GATE-0] [INFO]   Work Receipts:   2/2
[2026-09-01 01:52:38] [GATE-0] [INFO]   Python Modules:  4/4
[2026-09-01 01:52:38] [GATE-0] [INFO]   Dependencies:    4/4
[2026-09-01 01:52:38] [GATE-0] [INFO] =========================================
[2026-09-01 01:52:38] [GATE-0] [INFO] TOTAL: 17/22 checks passed
[2026-09-01 01:52:38] [GATE-0] [INFO] Gate 0 PASSED: Pre-flight verification complete
[2026-09-01 01:52:41] [GATE-0] [INFO] === Gate 0 Pre-Flight Verification ===
[2026-09-01 01:52:41] [GATE-0] [INFO] CHECK 1: Verifying proof artifacts...
[2026-09-01 01:52:41] [GATE-0] [INFO]   ✓ Found: 1_agentacct_config.json
[2026-09-01 01:52:41] [GATE-0] [WARN]   ✗ Missing: 2_unlazy_gates.md (will be generated during execution)
[2026-09-01 01:52:41] [GATE-0] [WARN]   ✗ Missing: 3_is_agentic.json (will be generated during execution)
[2026-09-01 01:52:41] [GATE-0] [WARN]   ✗ Missing: 4_canirun_grades.json (will be generated during execution)
[2026-09-01 01:52:41] [GATE-0] [INFO]   ✓ Found: 5_ap2_ledger_pqc.md
[2026-09-01 01:52:41] [GATE-0] [INFO]   ✓ Found: 6_ragas_golden_set.json
[2026-09-01 01:52:41] [GATE-0] [INFO]   ✓ Found: 7_freetoken_benchmark.json
[2026-09-01 01:52:41] [GATE-0] [INFO] CHECK 2: Verifying git state...
[2026-09-01 01:52:41] [GATE-0] [INFO]   ✓ Valid git repository
[2026-09-01 01:52:42] [GATE-0] [WARN]   ⚠ Uncommitted changes detected (non-blocking)
[2026-09-01 01:52:42] [GATE-0] [WARN]   ⚠ Last commit not signed (warning only)
[2026-09-01 01:52:42] [GATE-0] [INFO] CHECK 3: Verifying AP2 ledger structure...
[2026-09-01 01:52:42] [GATE-0] [INFO]   ✓ AP2 ledger directory exists
[2026-09-01 01:52:42] [GATE-0] [INFO]   ✓ Found        2 ledger entries
[2026-09-01 01:52:42] [GATE-0] [INFO] CHECK 4: Verifying work receipts directory...
[2026-09-01 01:52:42] [GATE-0] [INFO]   ✓ Work receipts directory exists
[2026-09-01 01:52:42] [GATE-0] [INFO]   ✓ Found       42 work receipt files
[2026-09-01 01:52:42] [GATE-0] [INFO] CHECK 5: Verifying Python dependencies...
[2026-09-01 01:52:42] [GATE-0] [INFO]   ✓ Python module available: json
[2026-09-01 01:52:42] [GATE-0] [INFO]   ✓ Python module available: hashlib
[2026-09-01 01:52:43] [GATE-0] [INFO]   ✓ Python module available: dataclasses
[2026-09-01 01:52:43] [GATE-0] [INFO]   ✓ Python module available: pathlib
[2026-09-01 01:52:43] [GATE-0] [INFO] CHECK 6: Verifying gate dependencies...
[2026-09-01 01:52:43] [GATE-0] [INFO]   ✓ Gate 1-3 validator script ready
[2026-09-01 01:52:43] [GATE-0] [INFO]   ✓ Gate 4-5 validator script ready
[2026-09-01 01:52:43] [GATE-0] [INFO]   ✓ agentacct capture module available
[2026-09-01 01:52:43] [GATE-0] [INFO]   ✓ unlazy gates module available
[2026-09-01 01:52:43] [GATE-0] [INFO] =========================================
[2026-09-01 01:52:43] [GATE-0] [INFO] Gate 0 Summary:
[2026-09-01 01:52:43] [GATE-0] [INFO]   Proof Artifacts: 4/7
[2026-09-01 01:52:43] [GATE-0] [INFO]   Git State:       1/3
[2026-09-01 01:52:43] [GATE-0] [INFO]   AP2 Ledger:      2/2
[2026-09-01 01:52:43] [GATE-0] [INFO]   Work Receipts:   2/2
[2026-09-01 01:52:43] [GATE-0] [INFO]   Python Modules:  4/4
[2026-09-01 01:52:43] [GATE-0] [INFO]   Dependencies:    4/4
[2026-09-01 01:52:43] [GATE-0] [INFO] =========================================
[2026-09-01 01:52:43] [GATE-0] [INFO] TOTAL: 17/22 checks passed
[2026-09-01 01:52:43] [GATE-0] [INFO] Gate 0 PASSED: Pre-flight verification complete
[2026-09-01 01:52:55] [GATE-0] [INFO] === Gate 0 Pre-Flight Verification ===
[2026-09-01 01:52:55] [GATE-0] [INFO] CHECK 1: Verifying proof artifacts...
[2026-09-01 01:52:55] [GATE-0] [INFO]   ✓ Found: 1_agentacct_config.json
[2026-09-01 01:52:55] [GATE-0] [WARN]   ✗ Missing: 2_unlazy_gates.md (will be generated during execution)
[2026-09-01 01:52:55] [GATE-0] [WARN]   ✗ Missing: 3_is_agentic.json (will be generated during execution)
[2026-09-01 01:52:55] [GATE-0] [WARN]   ✗ Missing: 4_canirun_grades.json (will be generated during execution)
[2026-09-01 01:52:55] [GATE-0] [INFO]   ✓ Found: 5_ap2_ledger_pqc.md
[2026-09-01 01:52:55] [GATE-0] [INFO]   ✓ Found: 6_ragas_golden_set.json
[2026-09-01 01:52:55] [GATE-0] [INFO]   ✓ Found: 7_freetoken_benchmark.json
[2026-09-01 01:52:55] [GATE-0] [INFO] CHECK 2: Verifying git state...
[2026-09-01 01:52:55] [GATE-0] [INFO]   ✓ Valid git repository
[2026-09-01 01:52:56] [GATE-0] [WARN]   ⚠ Uncommitted changes detected (non-blocking)
[2026-09-01 01:52:56] [GATE-0] [WARN]   ⚠ Last commit not signed (warning only)
[2026-09-01 01:52:56] [GATE-0] [INFO] CHECK 3: Verifying AP2 ledger structure...
[2026-09-01 01:52:56] [GATE-0] [INFO]   ✓ AP2 ledger directory exists
[2026-09-01 01:52:56] [GATE-0] [INFO]   ✓ Found        2 ledger entries
[2026-09-01 01:52:56] [GATE-0] [INFO] CHECK 4: Verifying work receipts directory...
[2026-09-01 01:52:56] [GATE-0] [INFO]   ✓ Work receipts directory exists
[2026-09-01 01:52:56] [GATE-0] [INFO]   ✓ Found       43 work receipt files
[2026-09-01 01:52:56] [GATE-0] [INFO] CHECK 5: Verifying Python dependencies...
[2026-09-01 01:52:56] [GATE-0] [INFO]   ✓ Python module available: json
[2026-09-01 01:52:56] [GATE-0] [INFO]   ✓ Python module available: hashlib
[2026-09-01 01:52:57] [GATE-0] [INFO]   ✓ Python module available: dataclasses
[2026-09-01 01:52:57] [GATE-0] [INFO]   ✓ Python module available: pathlib
[2026-09-01 01:52:57] [GATE-0] [INFO] CHECK 6: Verifying gate dependencies...
[2026-09-01 01:52:57] [GATE-0] [INFO]   ✓ Gate 1-3 validator script ready
[2026-09-01 01:52:57] [GATE-0] [INFO]   ✓ Gate 4-5 validator script ready
[2026-09-01 01:52:57] [GATE-0] [INFO]   ✓ agentacct capture module available
[2026-09-01 01:52:57] [GATE-0] [INFO]   ✓ unlazy gates module available
[2026-09-01 01:52:57] [GATE-0] [INFO] =========================================
[2026-09-01 01:52:57] [GATE-0] [INFO] Gate 0 Summary:
[2026-09-01 01:52:57] [GATE-0] [INFO]   Proof Artifacts: 4/7
[2026-09-01 01:52:57] [GATE-0] [INFO]   Git State:       1/3
[2026-09-01 01:52:57] [GATE-0] [INFO]   AP2 Ledger:      2/2
[2026-09-01 01:52:57] [GATE-0] [INFO]   Work Receipts:   2/2
[2026-09-01 01:52:57] [GATE-0] [INFO]   Python Modules:  4/4
[2026-09-01 01:52:57] [GATE-0] [INFO]   Dependencies:    4/4
[2026-09-01 01:52:57] [GATE-0] [INFO] =========================================
[2026-09-01 01:52:57] [GATE-0] [INFO] TOTAL: 17/22 checks passed
[2026-09-01 01:52:57] [GATE-0] [INFO] Gate 0 PASSED: Pre-flight verification complete
[2026-09-01 01:52:59] [GATE-0] [INFO] === Gate 0 Pre-Flight Verification ===
[2026-09-01 01:52:59] [GATE-0] [INFO] CHECK 1: Verifying proof artifacts...
[2026-09-01 01:52:59] [GATE-0] [INFO]   ✓ Found: 1_agentacct_config.json
[2026-09-01 01:52:59] [GATE-0] [WARN]   ✗ Missing: 2_unlazy_gates.md (will be generated during execution)
[2026-09-01 01:52:59] [GATE-0] [WARN]   ✗ Missing: 3_is_agentic.json (will be generated during execution)
[2026-09-01 01:52:59] [GATE-0] [WARN]   ✗ Missing: 4_canirun_grades.json (will be generated during execution)
[2026-09-01 01:52:59] [GATE-0] [INFO]   ✓ Found: 5_ap2_ledger_pqc.md
[2026-09-01 01:52:59] [GATE-0] [INFO]   ✓ Found: 6_ragas_golden_set.json
[2026-09-01 01:52:59] [GATE-0] [INFO]   ✓ Found: 7_freetoken_benchmark.json
[2026-09-01 01:52:59] [GATE-0] [INFO] CHECK 2: Verifying git state...
[2026-09-01 01:52:59] [GATE-0] [INFO]   ✓ Valid git repository
[2026-09-01 01:53:00] [GATE-0] [WARN]   ⚠ Uncommitted changes detected (non-blocking)
[2026-09-01 01:53:00] [GATE-0] [WARN]   ⚠ Last commit not signed (warning only)
[2026-09-01 01:53:00] [GATE-0] [INFO] CHECK 3: Verifying AP2 ledger structure...
[2026-09-01 01:53:00] [GATE-0] [INFO]   ✓ AP2 ledger directory exists
[2026-09-01 01:53:00] [GATE-0] [INFO]   ✓ Found        2 ledger entries
[2026-09-01 01:53:00] [GATE-0] [INFO] CHECK 4: Verifying work receipts directory...
[2026-09-01 01:53:00] [GATE-0] [INFO]   ✓ Work receipts directory exists
[2026-09-01 01:53:00] [GATE-0] [INFO]   ✓ Found       44 work receipt files
[2026-09-01 01:53:00] [GATE-0] [INFO] CHECK 5: Verifying Python dependencies...
[2026-09-01 01:53:00] [GATE-0] [INFO]   ✓ Python module available: json
[2026-09-01 01:53:00] [GATE-0] [INFO]   ✓ Python module available: hashlib
[2026-09-01 01:53:00] [GATE-0] [INFO]   ✓ Python module available: dataclasses
[2026-09-01 01:53:00] [GATE-0] [INFO]   ✓ Python module available: pathlib
[2026-09-01 01:53:00] [GATE-0] [INFO] CHECK 6: Verifying gate dependencies...
[2026-09-01 01:53:00] [GATE-0] [INFO]   ✓ Gate 1-3 validator script ready
[2026-09-01 01:53:00] [GATE-0] [INFO]   ✓ Gate 4-5 validator script ready
[2026-09-01 01:53:00] [GATE-0] [INFO]   ✓ agentacct capture module available
[2026-09-01 01:53:00] [GATE-0] [INFO]   ✓ unlazy gates module available
[2026-09-01 01:53:00] [GATE-0] [INFO] =========================================
[2026-09-01 01:53:00] [GATE-0] [INFO] Gate 0 Summary:
[2026-09-01 01:53:00] [GATE-0] [INFO]   Proof Artifacts: 4/7
[2026-09-01 01:53:00] [GATE-0] [INFO]   Git State:       1/3
[2026-09-01 01:53:00] [GATE-0] [INFO]   AP2 Ledger:      2/2
[2026-09-01 01:53:00] [GATE-0] [INFO]   Work Receipts:   2/2
[2026-09-01 01:53:00] [GATE-0] [INFO]   Python Modules:  4/4
[2026-09-01 01:53:00] [GATE-0] [INFO]   Dependencies:    4/4
[2026-09-01 01:53:00] [GATE-0] [INFO] =========================================
[2026-09-01 01:53:00] [GATE-0] [INFO] TOTAL: 17/22 checks passed
[2026-09-01 01:53:00] [GATE-0] [INFO] Gate 0 PASSED: Pre-flight verification complete
[2026-09-01 01:53:05] [GATE-0] [INFO] === Gate 0 Pre-Flight Verification ===
[2026-09-01 01:53:05] [GATE-0] [INFO] CHECK 1: Verifying proof artifacts...
[2026-09-01 01:53:05] [GATE-0] [INFO]   ✓ Found: 1_agentacct_config.json
[2026-09-01 01:53:05] [GATE-0] [WARN]   ✗ Missing: 2_unlazy_gates.md (will be generated during execution)
[2026-09-01 01:53:05] [GATE-0] [WARN]   ✗ Missing: 3_is_agentic.json (will be generated during execution)
[2026-09-01 01:53:05] [GATE-0] [WARN]   ✗ Missing: 4_canirun_grades.json (will be generated during execution)
[2026-09-01 01:53:05] [GATE-0] [INFO]   ✓ Found: 5_ap2_ledger_pqc.md
[2026-09-01 01:53:05] [GATE-0] [INFO]   ✓ Found: 6_ragas_golden_set.json
[2026-09-01 01:53:05] [GATE-0] [INFO]   ✓ Found: 7_freetoken_benchmark.json
[2026-09-01 01:53:05] [GATE-0] [INFO] CHECK 2: Verifying git state...
[2026-09-01 01:53:05] [GATE-0] [INFO]   ✓ Valid git repository
[2026-09-01 01:53:06] [GATE-0] [WARN]   ⚠ Uncommitted changes detected (non-blocking)
[2026-09-01 01:53:06] [GATE-0] [WARN]   ⚠ Last commit not signed (warning only)
[2026-09-01 01:53:06] [GATE-0] [INFO] CHECK 3: Verifying AP2 ledger structure...
[2026-09-01 01:53:06] [GATE-0] [INFO]   ✓ AP2 ledger directory exists
[2026-09-01 01:53:06] [GATE-0] [INFO]   ✓ Found        2 ledger entries
[2026-09-01 01:53:06] [GATE-0] [INFO] CHECK 4: Verifying work receipts directory...
[2026-09-01 01:53:06] [GATE-0] [INFO]   ✓ Work receipts directory exists
[2026-09-01 01:53:06] [GATE-0] [INFO]   ✓ Found       45 work receipt files
[2026-09-01 01:53:06] [GATE-0] [INFO] CHECK 5: Verifying Python dependencies...
[2026-09-01 01:53:06] [GATE-0] [INFO]   ✓ Python module available: json
[2026-09-01 01:53:06] [GATE-0] [INFO]   ✓ Python module available: hashlib
[2026-09-01 01:53:06] [GATE-0] [INFO]   ✓ Python module available: dataclasses
[2026-09-01 01:53:06] [GATE-0] [INFO]   ✓ Python module available: pathlib
[2026-09-01 01:53:06] [GATE-0] [INFO] CHECK 6: Verifying gate dependencies...
[2026-09-01 01:53:06] [GATE-0] [INFO]   ✓ Gate 1-3 validator script ready
[2026-09-01 01:53:06] [GATE-0] [INFO]   ✓ Gate 4-5 validator script ready
[2026-09-01 01:53:06] [GATE-0] [INFO]   ✓ agentacct capture module available
[2026-09-01 01:53:06] [GATE-0] [INFO]   ✓ unlazy gates module available
[2026-09-01 01:53:06] [GATE-0] [INFO] =========================================
[2026-09-01 01:53:06] [GATE-0] [INFO] Gate 0 Summary:
[2026-09-01 01:53:06] [GATE-0] [INFO]   Proof Artifacts: 4/7
[2026-09-01 01:53:06] [GATE-0] [INFO]   Git State:       1/3
[2026-09-01 01:53:06] [GATE-0] [INFO]   AP2 Ledger:      2/2
[2026-09-01 01:53:06] [GATE-0] [INFO]   Work Receipts:   2/2
[2026-09-01 01:53:06] [GATE-0] [INFO]   Python Modules:  4/4
[2026-09-01 01:53:06] [GATE-0] [INFO]   Dependencies:    4/4
[2026-09-01 01:53:06] [GATE-0] [INFO] =========================================
[2026-09-01 01:53:06] [GATE-0] [INFO] TOTAL: 17/22 checks passed
[2026-09-01 01:53:06] [GATE-0] [INFO] Gate 0 PASSED: Pre-flight verification complete
[2026-09-01 01:53:06] [GATE-0] [INFO] === Gate 0 Pre-Flight Verification ===
[2026-09-01 01:53:06] [GATE-0] [INFO] CHECK 1: Verifying proof artifacts...
[2026-09-01 01:53:06] [GATE-0] [INFO]   ✓ Found: 1_agentacct_config.json
[2026-09-01 01:53:06] [GATE-0] [WARN]   ✗ Missing: 2_unlazy_gates.md (will be generated during execution)
[2026-09-01 01:53:06] [GATE-0] [WARN]   ✗ Missing: 3_is_agentic.json (will be generated during execution)
[2026-09-01 01:53:06] [GATE-0] [WARN]   ✗ Missing: 4_canirun_grades.json (will be generated during execution)
[2026-09-01 01:53:06] [GATE-0] [INFO]   ✓ Found: 5_ap2_ledger_pqc.md
[2026-09-01 01:53:06] [GATE-0] [INFO]   ✓ Found: 6_ragas_golden_set.json
[2026-09-01 01:53:06] [GATE-0] [INFO]   ✓ Found: 7_freetoken_benchmark.json
[2026-09-01 01:53:06] [GATE-0] [INFO] CHECK 2: Verifying git state...
[2026-09-01 01:53:06] [GATE-0] [INFO]   ✓ Valid git repository
[2026-09-01 01:53:08] [GATE-0] [WARN]   ⚠ Uncommitted changes detected (non-blocking)
[2026-09-01 01:53:08] [GATE-0] [WARN]   ⚠ Last commit not signed (warning only)
[2026-09-01 01:53:08] [GATE-0] [INFO] CHECK 3: Verifying AP2 ledger structure...
[2026-09-01 01:53:08] [GATE-0] [INFO]   ✓ AP2 ledger directory exists
[2026-09-01 01:53:08] [GATE-0] [INFO]   ✓ Found        2 ledger entries
[2026-09-01 01:53:08] [GATE-0] [INFO] CHECK 4: Verifying work receipts directory...
[2026-09-01 01:53:08] [GATE-0] [INFO]   ✓ Work receipts directory exists
[2026-09-01 01:53:08] [GATE-0] [INFO]   ✓ Found       45 work receipt files
[2026-09-01 01:53:08] [GATE-0] [INFO] CHECK 5: Verifying Python dependencies...
[2026-09-01 01:53:08] [GATE-0] [INFO]   ✓ Python module available: json
[2026-09-01 01:53:08] [GATE-0] [INFO]   ✓ Python module available: hashlib
[2026-09-01 01:53:08] [GATE-0] [INFO]   ✓ Python module available: dataclasses
[2026-09-01 01:53:08] [GATE-0] [INFO]   ✓ Python module available: pathlib
[2026-09-01 01:53:08] [GATE-0] [INFO] CHECK 6: Verifying gate dependencies...
[2026-09-01 01:53:08] [GATE-0] [INFO]   ✓ Gate 1-3 validator script ready
[2026-09-01 01:53:08] [GATE-0] [INFO]   ✓ Gate 4-5 validator script ready
[2026-09-01 01:53:08] [GATE-0] [INFO]   ✓ agentacct capture module available
[2026-09-01 01:53:08] [GATE-0] [INFO]   ✓ unlazy gates module available
[2026-09-01 01:53:08] [GATE-0] [INFO] =========================================
[2026-09-01 01:53:08] [GATE-0] [INFO] Gate 0 Summary:
[2026-09-01 01:53:08] [GATE-0] [INFO]   Proof Artifacts: 4/7
[2026-09-01 01:53:08] [GATE-0] [INFO]   Git State:       1/3
[2026-09-01 01:53:08] [GATE-0] [INFO]   AP2 Ledger:      2/2
[2026-09-01 01:53:08] [GATE-0] [INFO]   Work Receipts:   2/2
[2026-09-01 01:53:08] [GATE-0] [INFO]   Python Modules:  4/4
[2026-09-01 01:53:08] [GATE-0] [INFO]   Dependencies:    4/4
[2026-09-01 01:53:08] [GATE-0] [INFO] =========================================
[2026-09-01 01:53:08] [GATE-0] [INFO] TOTAL: 17/22 checks passed
[2026-09-01 01:53:08] [GATE-0] [INFO] Gate 0 PASSED: Pre-flight verification complete
[2026-09-01 01:53:09] [GATE-0] [INFO] === Gate 0 Pre-Flight Verification ===
[2026-09-01 01:53:09] [GATE-0] [INFO] CHECK 1: Verifying proof artifacts...
[2026-09-01 01:53:09] [GATE-0] [INFO]   ✓ Found: 1_agentacct_config.json
[2026-09-01 01:53:09] [GATE-0] [WARN]   ✗ Missing: 2_unlazy_gates.md (will be generated during execution)
[2026-09-01 01:53:09] [GATE-0] [WARN]   ✗ Missing: 3_is_agentic.json (will be generated during execution)
[2026-09-01 01:53:09] [GATE-0] [WARN]   ✗ Missing: 4_canirun_grades.json (will be generated during execution)
[2026-09-01 01:53:09] [GATE-0] [INFO]   ✓ Found: 5_ap2_ledger_pqc.md
[2026-09-01 01:53:09] [GATE-0] [INFO]   ✓ Found: 6_ragas_golden_set.json
[2026-09-01 01:53:09] [GATE-0] [INFO]   ✓ Found: 7_freetoken_benchmark.json
[2026-09-01 01:53:09] [GATE-0] [INFO] CHECK 2: Verifying git state...
[2026-09-01 01:53:09] [GATE-0] [INFO]   ✓ Valid git repository
[2026-09-01 01:53:11] [GATE-0] [WARN]   ⚠ Uncommitted changes detected (non-blocking)
[2026-09-01 01:53:11] [GATE-0] [WARN]   ⚠ Last commit not signed (warning only)
[2026-09-01 01:53:11] [GATE-0] [INFO] CHECK 3: Verifying AP2 ledger structure...
[2026-09-01 01:53:11] [GATE-0] [INFO]   ✓ AP2 ledger directory exists
[2026-09-01 01:53:11] [GATE-0] [INFO]   ✓ Found        2 ledger entries
[2026-09-01 01:53:11] [GATE-0] [INFO] CHECK 4: Verifying work receipts directory...
[2026-09-01 01:53:11] [GATE-0] [INFO]   ✓ Work receipts directory exists
[2026-09-01 01:53:11] [GATE-0] [INFO]   ✓ Found       46 work receipt files
[2026-09-01 01:53:11] [GATE-0] [INFO] CHECK 5: Verifying Python dependencies...
[2026-09-01 01:53:11] [GATE-0] [INFO]   ✓ Python module available: json
[2026-09-01 01:53:11] [GATE-0] [INFO]   ✓ Python module available: hashlib
[2026-09-01 01:53:11] [GATE-0] [INFO]   ✓ Python module available: dataclasses
[2026-09-01 01:53:11] [GATE-0] [INFO]   ✓ Python module available: pathlib
[2026-09-01 01:53:11] [GATE-0] [INFO] CHECK 6: Verifying gate dependencies...
[2026-09-01 01:53:11] [GATE-0] [INFO]   ✓ Gate 1-3 validator script ready
[2026-09-01 01:53:11] [GATE-0] [INFO]   ✓ Gate 4-5 validator script ready
[2026-09-01 01:53:11] [GATE-0] [INFO]   ✓ agentacct capture module available
[2026-09-01 01:53:11] [GATE-0] [INFO]   ✓ unlazy gates module available
[2026-09-01 01:53:11] [GATE-0] [INFO] =========================================
[2026-09-01 01:53:11] [GATE-0] [INFO] Gate 0 Summary:
[2026-09-01 01:53:11] [GATE-0] [INFO]   Proof Artifacts: 4/7
[2026-09-01 01:53:11] [GATE-0] [INFO]   Git State:       1/3
[2026-09-01 01:53:11] [GATE-0] [INFO]   AP2 Ledger:      2/2
[2026-09-01 01:53:11] [GATE-0] [INFO]   Work Receipts:   2/2
[2026-09-01 01:53:11] [GATE-0] [INFO]   Python Modules:  4/4
[2026-09-01 01:53:11] [GATE-0] [INFO]   Dependencies:    4/4
[2026-09-01 01:53:11] [GATE-0] [INFO] =========================================
[2026-09-01 01:53:11] [GATE-0] [INFO] TOTAL: 17/22 checks passed
[2026-09-01 01:53:11] [GATE-0] [INFO] Gate 0 PASSED: Pre-flight verification complete
[2026-09-01 01:53:13] [GATE-0] [INFO] === Gate 0 Pre-Flight Verification ===
[2026-09-01 01:53:13] [GATE-0] [INFO] CHECK 1: Verifying proof artifacts...
[2026-09-01 01:53:13] [GATE-0] [INFO]   ✓ Found: 1_agentacct_config.json
[2026-09-01 01:53:13] [GATE-0] [WARN]   ✗ Missing: 2_unlazy_gates.md (will be generated during execution)
[2026-09-01 01:53:13] [GATE-0] [WARN]   ✗ Missing: 3_is_agentic.json (will be generated during execution)
[2026-09-01 01:53:13] [GATE-0] [WARN]   ✗ Missing: 4_canirun_grades.json (will be generated during execution)
[2026-09-01 01:53:13] [GATE-0] [INFO]   ✓ Found: 5_ap2_ledger_pqc.md
[2026-09-01 01:53:13] [GATE-0] [INFO]   ✓ Found: 6_ragas_golden_set.json
[2026-09-01 01:53:13] [GATE-0] [INFO]   ✓ Found: 7_freetoken_benchmark.json
[2026-09-01 01:53:13] [GATE-0] [INFO] CHECK 2: Verifying git state...
[2026-09-01 01:53:13] [GATE-0] [INFO]   ✓ Valid git repository
[2026-09-01 01:53:15] [GATE-0] [WARN]   ⚠ Uncommitted changes detected (non-blocking)
[2026-09-01 01:53:15] [GATE-0] [WARN]   ⚠ Last commit not signed (warning only)
[2026-09-01 01:53:15] [GATE-0] [INFO] CHECK 3: Verifying AP2 ledger structure...
[2026-09-01 01:53:15] [GATE-0] [INFO]   ✓ AP2 ledger directory exists
[2026-09-01 01:53:15] [GATE-0] [INFO]   ✓ Found        2 ledger entries
[2026-09-01 01:53:15] [GATE-0] [INFO] CHECK 4: Verifying work receipts directory...
[2026-09-01 01:53:15] [GATE-0] [INFO]   ✓ Work receipts directory exists
[2026-09-01 01:53:15] [GATE-0] [INFO]   ✓ Found       47 work receipt files
[2026-09-01 01:53:15] [GATE-0] [INFO] CHECK 5: Verifying Python dependencies...
[2026-09-01 01:53:15] [GATE-0] [INFO]   ✓ Python module available: json
[2026-09-01 01:53:15] [GATE-0] [INFO]   ✓ Python module available: hashlib
[2026-09-01 01:53:15] [GATE-0] [INFO]   ✓ Python module available: dataclasses
[2026-09-01 01:53:15] [GATE-0] [INFO]   ✓ Python module available: pathlib
[2026-09-01 01:53:15] [GATE-0] [INFO] CHECK 6: Verifying gate dependencies...
[2026-09-01 01:53:15] [GATE-0] [INFO]   ✓ Gate 1-3 validator script ready
[2026-09-01 01:53:15] [GATE-0] [INFO]   ✓ Gate 4-5 validator script ready
[2026-09-01 01:53:15] [GATE-0] [INFO]   ✓ agentacct capture module available
[2026-09-01 01:53:15] [GATE-0] [INFO]   ✓ unlazy gates module available
[2026-09-01 01:53:15] [GATE-0] [INFO] =========================================
[2026-09-01 01:53:15] [GATE-0] [INFO] Gate 0 Summary:
[2026-09-01 01:53:15] [GATE-0] [INFO]   Proof Artifacts: 4/7
[2026-09-01 01:53:15] [GATE-0] [INFO]   Git State:       1/3
[2026-09-01 01:53:15] [GATE-0] [INFO]   AP2 Ledger:      2/2
[2026-09-01 01:53:15] [GATE-0] [INFO]   Work Receipts:   2/2
[2026-09-01 01:53:15] [GATE-0] [INFO]   Python Modules:  4/4
[2026-09-01 01:53:15] [GATE-0] [INFO]   Dependencies:    4/4
[2026-09-01 01:53:15] [GATE-0] [INFO] =========================================
[2026-09-01 01:53:15] [GATE-0] [INFO] TOTAL: 17/22 checks passed
[2026-09-01 01:53:15] [GATE-0] [INFO] Gate 0 PASSED: Pre-flight verification complete
[2026-09-01 01:53:15] [GATE-0] [INFO] === Gate 0 Pre-Flight Verification ===
[2026-09-01 01:53:16] [GATE-0] [INFO] CHECK 1: Verifying proof artifacts...
[2026-09-01 01:53:16] [GATE-0] [INFO]   ✓ Found: 1_agentacct_config.json
[2026-09-01 01:53:16] [GATE-0] [WARN]   ✗ Missing: 2_unlazy_gates.md (will be generated during execution)
[2026-09-01 01:53:16] [GATE-0] [WARN]   ✗ Missing: 3_is_agentic.json (will be generated during execution)
[2026-09-01 01:53:16] [GATE-0] [WARN]   ✗ Missing: 4_canirun_grades.json (will be generated during execution)
[2026-09-01 01:53:16] [GATE-0] [INFO]   ✓ Found: 5_ap2_ledger_pqc.md
[2026-09-01 01:53:16] [GATE-0] [INFO]   ✓ Found: 6_ragas_golden_set.json
[2026-09-01 01:53:16] [GATE-0] [INFO]   ✓ Found: 7_freetoken_benchmark.json
[2026-09-01 01:53:16] [GATE-0] [INFO] CHECK 2: Verifying git state...
[2026-09-01 01:53:16] [GATE-0] [INFO]   ✓ Valid git repository
[2026-09-01 01:53:17] [GATE-0] [WARN]   ⚠ Uncommitted changes detected (non-blocking)
[2026-09-01 01:53:17] [GATE-0] [WARN]   ⚠ Last commit not signed (warning only)
[2026-09-01 01:53:17] [GATE-0] [INFO] CHECK 3: Verifying AP2 ledger structure...
[2026-09-01 01:53:17] [GATE-0] [INFO]   ✓ AP2 ledger directory exists
[2026-09-01 01:53:17] [GATE-0] [INFO]   ✓ Found        2 ledger entries
[2026-09-01 01:53:17] [GATE-0] [INFO] CHECK 4: Verifying work receipts directory...
[2026-09-01 01:53:17] [GATE-0] [INFO]   ✓ Work receipts directory exists
[2026-09-01 01:53:17] [GATE-0] [INFO]   ✓ Found       48 work receipt files
[2026-09-01 01:53:17] [GATE-0] [INFO] CHECK 5: Verifying Python dependencies...
[2026-09-01 01:53:17] [GATE-0] [INFO]   ✓ Python module available: json
[2026-09-01 01:53:17] [GATE-0] [INFO]   ✓ Python module available: hashlib
[2026-09-01 01:53:17] [GATE-0] [INFO]   ✓ Python module available: dataclasses
[2026-09-01 01:53:17] [GATE-0] [INFO]   ✓ Python module available: pathlib
[2026-09-01 01:53:17] [GATE-0] [INFO] CHECK 6: Verifying gate dependencies...
[2026-09-01 01:53:17] [GATE-0] [INFO]   ✓ Gate 1-3 validator script ready
[2026-09-01 01:53:17] [GATE-0] [INFO]   ✓ Gate 4-5 validator script ready
[2026-09-01 01:53:17] [GATE-0] [INFO]   ✓ agentacct capture module available
[2026-09-01 01:53:17] [GATE-0] [INFO]   ✓ unlazy gates module available
[2026-09-01 01:53:17] [GATE-0] [INFO] =========================================
[2026-09-01 01:53:17] [GATE-0] [INFO] Gate 0 Summary:
[2026-09-01 01:53:17] [GATE-0] [INFO]   Proof Artifacts: 4/7
[2026-09-01 01:53:17] [GATE-0] [INFO]   Git State:       1/3
[2026-09-01 01:53:17] [GATE-0] [INFO]   AP2 Ledger:      2/2
[2026-09-01 01:53:17] [GATE-0] [INFO]   Work Receipts:   2/2
[2026-09-01 01:53:17] [GATE-0] [INFO]   Python Modules:  4/4
[2026-09-01 01:53:17] [GATE-0] [INFO]   Dependencies:    4/4
[2026-09-01 01:53:17] [GATE-0] [INFO] =========================================
[2026-09-01 01:53:17] [GATE-0] [INFO] TOTAL: 17/22 checks passed
[2026-09-01 01:53:17] [GATE-0] [INFO] Gate 0 PASSED: Pre-flight verification complete
[2026-09-01 01:53:18] [GATE-0] [INFO] === Gate 0 Pre-Flight Verification ===
[2026-09-01 01:53:18] [GATE-0] [INFO] CHECK 1: Verifying proof artifacts...
[2026-09-01 01:53:18] [GATE-0] [INFO]   ✓ Found: 1_agentacct_config.json
[2026-09-01 01:53:18] [GATE-0] [WARN]   ✗ Missing: 2_unlazy_gates.md (will be generated during execution)
[2026-09-01 01:53:18] [GATE-0] [WARN]   ✗ Missing: 3_is_agentic.json (will be generated during execution)
[2026-09-01 01:53:18] [GATE-0] [WARN]   ✗ Missing: 4_canirun_grades.json (will be generated during execution)
[2026-09-01 01:53:18] [GATE-0] [INFO]   ✓ Found: 5_ap2_ledger_pqc.md
[2026-09-01 01:53:18] [GATE-0] [INFO]   ✓ Found: 6_ragas_golden_set.json
[2026-09-01 01:53:18] [GATE-0] [INFO]   ✓ Found: 7_freetoken_benchmark.json
[2026-09-01 01:53:18] [GATE-0] [INFO] CHECK 2: Verifying git state...
[2026-09-01 01:53:18] [GATE-0] [INFO]   ✓ Valid git repository
[2026-09-01 01:53:20] [GATE-0] [WARN]   ⚠ Uncommitted changes detected (non-blocking)
[2026-09-01 01:53:20] [GATE-0] [WARN]   ⚠ Last commit not signed (warning only)
[2026-09-01 01:53:20] [GATE-0] [INFO] CHECK 3: Verifying AP2 ledger structure...
[2026-09-01 01:53:20] [GATE-0] [INFO]   ✓ AP2 ledger directory exists
[2026-09-01 01:53:20] [GATE-0] [INFO]   ✓ Found        2 ledger entries
[2026-09-01 01:53:20] [GATE-0] [INFO] CHECK 4: Verifying work receipts directory...
[2026-09-01 01:53:20] [GATE-0] [INFO]   ✓ Work receipts directory exists
[2026-09-01 01:53:20] [GATE-0] [INFO]   ✓ Found       49 work receipt files
[2026-09-01 01:53:20] [GATE-0] [INFO] CHECK 5: Verifying Python dependencies...
[2026-09-01 01:53:20] [GATE-0] [INFO]   ✓ Python module available: json
[2026-09-01 01:53:20] [GATE-0] [INFO]   ✓ Python module available: hashlib
[2026-09-01 01:53:20] [GATE-0] [INFO]   ✓ Python module available: dataclasses
[2026-09-01 01:53:20] [GATE-0] [INFO]   ✓ Python module available: pathlib
[2026-09-01 01:53:20] [GATE-0] [INFO] CHECK 6: Verifying gate dependencies...
[2026-09-01 01:53:20] [GATE-0] [INFO]   ✓ Gate 1-3 validator script ready
[2026-09-01 01:53:20] [GATE-0] [INFO]   ✓ Gate 4-5 validator script ready
[2026-09-01 01:53:20] [GATE-0] [INFO]   ✓ agentacct capture module available
[2026-09-01 01:53:20] [GATE-0] [INFO]   ✓ unlazy gates module available
[2026-09-01 01:53:20] [GATE-0] [INFO] =========================================
[2026-09-01 01:53:20] [GATE-0] [INFO] Gate 0 Summary:
[2026-09-01 01:53:20] [GATE-0] [INFO]   Proof Artifacts: 4/7
[2026-09-01 01:53:20] [GATE-0] [INFO]   Git State:       1/3
[2026-09-01 01:53:20] [GATE-0] [INFO]   AP2 Ledger:      2/2
[2026-09-01 01:53:20] [GATE-0] [INFO]   Work Receipts:   2/2
[2026-09-01 01:53:20] [GATE-0] [INFO]   Python Modules:  4/4
[2026-09-01 01:53:20] [GATE-0] [INFO]   Dependencies:    4/4
[2026-09-01 01:53:20] [GATE-0] [INFO] =========================================
[2026-09-01 01:53:20] [GATE-0] [INFO] TOTAL: 17/22 checks passed
[2026-09-01 01:53:20] [GATE-0] [INFO] Gate 0 PASSED: Pre-flight verification complete
[2026-09-01 01:53:22] [GATE-0] [INFO] === Gate 0 Pre-Flight Verification ===
[2026-09-01 01:53:22] [GATE-0] [INFO] CHECK 1: Verifying proof artifacts...
[2026-09-01 01:53:22] [GATE-0] [INFO]   ✓ Found: 1_agentacct_config.json
[2026-09-01 01:53:22] [GATE-0] [WARN]   ✗ Missing: 2_unlazy_gates.md (will be generated during execution)
[2026-09-01 01:53:22] [GATE-0] [WARN]   ✗ Missing: 3_is_agentic.json (will be generated during execution)
[2026-09-01 01:53:22] [GATE-0] [WARN]   ✗ Missing: 4_canirun_grades.json (will be generated during execution)
[2026-09-01 01:53:22] [GATE-0] [INFO]   ✓ Found: 5_ap2_ledger_pqc.md
[2026-09-01 01:53:22] [GATE-0] [INFO]   ✓ Found: 6_ragas_golden_set.json
[2026-09-01 01:53:22] [GATE-0] [INFO]   ✓ Found: 7_freetoken_benchmark.json
[2026-09-01 01:53:22] [GATE-0] [INFO] CHECK 2: Verifying git state...
[2026-09-01 01:53:22] [GATE-0] [INFO]   ✓ Valid git repository
[2026-09-01 01:53:24] [GATE-0] [WARN]   ⚠ Uncommitted changes detected (non-blocking)
[2026-09-01 01:53:24] [GATE-0] [WARN]   ⚠ Last commit not signed (warning only)
[2026-09-01 01:53:24] [GATE-0] [INFO] CHECK 3: Verifying AP2 ledger structure...
[2026-09-01 01:53:24] [GATE-0] [INFO]   ✓ AP2 ledger directory exists
[2026-09-01 01:53:24] [GATE-0] [INFO]   ✓ Found        2 ledger entries
[2026-09-01 01:53:24] [GATE-0] [INFO] CHECK 4: Verifying work receipts directory...
[2026-09-01 01:53:24] [GATE-0] [INFO]   ✓ Work receipts directory exists
[2026-09-01 01:53:24] [GATE-0] [INFO]   ✓ Found       50 work receipt files
[2026-09-01 01:53:24] [GATE-0] [INFO] CHECK 5: Verifying Python dependencies...
[2026-09-01 01:53:24] [GATE-0] [INFO]   ✓ Python module available: json
[2026-09-01 01:53:24] [GATE-0] [INFO]   ✓ Python module available: hashlib
[2026-09-01 01:53:24] [GATE-0] [INFO]   ✓ Python module available: dataclasses
[2026-09-01 01:53:24] [GATE-0] [INFO]   ✓ Python module available: pathlib
[2026-09-01 01:53:24] [GATE-0] [INFO] CHECK 6: Verifying gate dependencies...
[2026-09-01 01:53:24] [GATE-0] [INFO]   ✓ Gate 1-3 validator script ready
[2026-09-01 01:53:24] [GATE-0] [INFO]   ✓ Gate 4-5 validator script ready
[2026-09-01 01:53:24] [GATE-0] [INFO]   ✓ agentacct capture module available
[2026-09-01 01:53:24] [GATE-0] [INFO]   ✓ unlazy gates module available
[2026-09-01 01:53:24] [GATE-0] [INFO] =========================================
[2026-09-01 01:53:24] [GATE-0] [INFO] Gate 0 Summary:
[2026-09-01 01:53:24] [GATE-0] [INFO]   Proof Artifacts: 4/7
[2026-09-01 01:53:24] [GATE-0] [INFO]   Git State:       1/3
[2026-09-01 01:53:24] [GATE-0] [INFO]   AP2 Ledger:      2/2
[2026-09-01 01:53:24] [GATE-0] [INFO]   Work Receipts:   2/2
[2026-09-01 01:53:24] [GATE-0] [INFO]   Python Modules:  4/4
[2026-09-01 01:53:24] [GATE-0] [INFO]   Dependencies:    4/4
[2026-09-01 01:53:24] [GATE-0] [INFO] =========================================
[2026-09-01 01:53:24] [GATE-0] [INFO] TOTAL: 17/22 checks passed
[2026-09-01 01:53:24] [GATE-0] [INFO] Gate 0 PASSED: Pre-flight verification complete
[2026-09-01 01:53:28] [GATE-0] [INFO] === Gate 0 Pre-Flight Verification ===
[2026-09-01 01:53:28] [GATE-0] [INFO] CHECK 1: Verifying proof artifacts...
[2026-09-01 01:53:28] [GATE-0] [INFO]   ✓ Found: 1_agentacct_config.json
[2026-09-01 01:53:28] [GATE-0] [WARN]   ✗ Missing: 2_unlazy_gates.md (will be generated during execution)
[2026-09-01 01:53:28] [GATE-0] [WARN]   ✗ Missing: 3_is_agentic.json (will be generated during execution)
[2026-09-01 01:53:28] [GATE-0] [WARN]   ✗ Missing: 4_canirun_grades.json (will be generated during execution)
[2026-09-01 01:53:28] [GATE-0] [INFO]   ✓ Found: 5_ap2_ledger_pqc.md
[2026-09-01 01:53:28] [GATE-0] [INFO]   ✓ Found: 6_ragas_golden_set.json
[2026-09-01 01:53:28] [GATE-0] [INFO]   ✓ Found: 7_freetoken_benchmark.json
[2026-09-01 01:53:28] [GATE-0] [INFO] CHECK 2: Verifying git state...
[2026-09-01 01:53:28] [GATE-0] [INFO]   ✓ Valid git repository
[2026-09-01 01:53:29] [GATE-0] [WARN]   ⚠ Uncommitted changes detected (non-blocking)
[2026-09-01 01:53:29] [GATE-0] [WARN]   ⚠ Last commit not signed (warning only)
[2026-09-01 01:53:29] [GATE-0] [INFO] CHECK 3: Verifying AP2 ledger structure...
[2026-09-01 01:53:29] [GATE-0] [INFO]   ✓ AP2 ledger directory exists
[2026-09-01 01:53:29] [GATE-0] [INFO]   ✓ Found        2 ledger entries
[2026-09-01 01:53:29] [GATE-0] [INFO] CHECK 4: Verifying work receipts directory...
[2026-09-01 01:53:29] [GATE-0] [INFO]   ✓ Work receipts directory exists
[2026-09-01 01:53:29] [GATE-0] [INFO]   ✓ Found       51 work receipt files
[2026-09-01 01:53:29] [GATE-0] [INFO] CHECK 5: Verifying Python dependencies...
[2026-09-01 01:53:29] [GATE-0] [INFO]   ✓ Python module available: json
[2026-09-01 01:53:29] [GATE-0] [INFO]   ✓ Python module available: hashlib
[2026-09-01 01:53:29] [GATE-0] [INFO]   ✓ Python module available: dataclasses
[2026-09-01 01:53:29] [GATE-0] [INFO]   ✓ Python module available: pathlib
[2026-09-01 01:53:29] [GATE-0] [INFO] CHECK 6: Verifying gate dependencies...
[2026-09-01 01:53:29] [GATE-0] [INFO]   ✓ Gate 1-3 validator script ready
[2026-09-01 01:53:29] [GATE-0] [INFO]   ✓ Gate 4-5 validator script ready
[2026-09-01 01:53:29] [GATE-0] [INFO]   ✓ agentacct capture module available
[2026-09-01 01:53:29] [GATE-0] [INFO]   ✓ unlazy gates module available
[2026-09-01 01:53:29] [GATE-0] [INFO] =========================================
[2026-09-01 01:53:29] [GATE-0] [INFO] Gate 0 Summary:
[2026-09-01 01:53:29] [GATE-0] [INFO]   Proof Artifacts: 4/7
[2026-09-01 01:53:29] [GATE-0] [INFO]   Git State:       1/3
[2026-09-01 01:53:29] [GATE-0] [INFO]   AP2 Ledger:      2/2
[2026-09-01 01:53:29] [GATE-0] [INFO]   Work Receipts:   2/2
[2026-09-01 01:53:29] [GATE-0] [INFO]   Python Modules:  4/4
[2026-09-01 01:53:29] [GATE-0] [INFO]   Dependencies:    4/4
[2026-09-01 01:53:29] [GATE-0] [INFO] =========================================
[2026-09-01 01:53:29] [GATE-0] [INFO] TOTAL: 17/22 checks passed
[2026-09-01 01:53:29] [GATE-0] [INFO] Gate 0 PASSED: Pre-flight verification complete
[2026-09-01 01:53:32] [GATE-0] [INFO] === Gate 0 Pre-Flight Verification ===
[2026-09-01 01:53:32] [GATE-0] [INFO] CHECK 1: Verifying proof artifacts...
[2026-09-01 01:53:32] [GATE-0] [INFO]   ✓ Found: 1_agentacct_config.json
[2026-09-01 01:53:32] [GATE-0] [WARN]   ✗ Missing: 2_unlazy_gates.md (will be generated during execution)
[2026-09-01 01:53:32] [GATE-0] [WARN]   ✗ Missing: 3_is_agentic.json (will be generated during execution)
[2026-09-01 01:53:32] [GATE-0] [WARN]   ✗ Missing: 4_canirun_grades.json (will be generated during execution)
[2026-09-01 01:53:32] [GATE-0] [INFO]   ✓ Found: 5_ap2_ledger_pqc.md
[2026-09-01 01:53:32] [GATE-0] [INFO]   ✓ Found: 6_ragas_golden_set.json
[2026-09-01 01:53:32] [GATE-0] [INFO]   ✓ Found: 7_freetoken_benchmark.json
[2026-09-01 01:53:32] [GATE-0] [INFO] CHECK 2: Verifying git state...
[2026-09-01 01:53:32] [GATE-0] [INFO]   ✓ Valid git repository
[2026-09-01 01:53:33] [GATE-0] [WARN]   ⚠ Uncommitted changes detected (non-blocking)
[2026-09-01 01:53:33] [GATE-0] [WARN]   ⚠ Last commit not signed (warning only)
[2026-09-01 01:53:33] [GATE-0] [INFO] CHECK 3: Verifying AP2 ledger structure...
[2026-09-01 01:53:33] [GATE-0] [INFO]   ✓ AP2 ledger directory exists
[2026-09-01 01:53:34] [GATE-0] [INFO]   ✓ Found        2 ledger entries
[2026-09-01 01:53:34] [GATE-0] [INFO] CHECK 4: Verifying work receipts directory...
[2026-09-01 01:53:34] [GATE-0] [INFO]   ✓ Work receipts directory exists
[2026-09-01 01:53:34] [GATE-0] [INFO]   ✓ Found       51 work receipt files
[2026-09-01 01:53:34] [GATE-0] [INFO] CHECK 5: Verifying Python dependencies...
[2026-09-01 01:53:34] [GATE-0] [INFO]   ✓ Python module available: json
[2026-09-01 01:53:34] [GATE-0] [INFO]   ✓ Python module available: hashlib
[2026-09-01 01:53:34] [GATE-0] [INFO]   ✓ Python module available: dataclasses
[2026-09-01 01:53:34] [GATE-0] [INFO]   ✓ Python module available: pathlib
[2026-09-01 01:53:34] [GATE-0] [INFO] CHECK 6: Verifying gate dependencies...
[2026-09-01 01:53:34] [GATE-0] [INFO]   ✓ Gate 1-3 validator script ready
[2026-09-01 01:53:34] [GATE-0] [INFO]   ✓ Gate 4-5 validator script ready
[2026-09-01 01:53:34] [GATE-0] [INFO]   ✓ agentacct capture module available
[2026-09-01 01:53:34] [GATE-0] [INFO]   ✓ unlazy gates module available
[2026-09-01 01:53:34] [GATE-0] [INFO] =========================================
[2026-09-01 01:53:34] [GATE-0] [INFO] Gate 0 Summary:
[2026-09-01 01:53:34] [GATE-0] [INFO]   Proof Artifacts: 4/7
[2026-09-01 01:53:34] [GATE-0] [INFO]   Git State:       1/3
[2026-09-01 01:53:34] [GATE-0] [INFO]   AP2 Ledger:      2/2
[2026-09-01 01:53:34] [GATE-0] [INFO]   Work Receipts:   2/2
[2026-09-01 01:53:34] [GATE-0] [INFO]   Python Modules:  4/4
[2026-09-01 01:53:34] [GATE-0] [INFO]   Dependencies:    4/4
[2026-09-01 01:53:34] [GATE-0] [INFO] =========================================
[2026-09-01 01:53:34] [GATE-0] [INFO] TOTAL: 17/22 checks passed
[2026-09-01 01:53:34] [GATE-0] [INFO] Gate 0 PASSED: Pre-flight verification complete
[2026-09-01 01:53:39] [GATE-0] [INFO] === Gate 0 Pre-Flight Verification ===
[2026-09-01 01:53:39] [GATE-0] [INFO] CHECK 1: Verifying proof artifacts...
[2026-09-01 01:53:39] [GATE-0] [INFO]   ✓ Found: 1_agentacct_config.json
[2026-09-01 01:53:39] [GATE-0] [WARN]   ✗ Missing: 2_unlazy_gates.md (will be generated during execution)
[2026-09-01 01:53:39] [GATE-0] [WARN]   ✗ Missing: 3_is_agentic.json (will be generated during execution)
[2026-09-01 01:53:39] [GATE-0] [WARN]   ✗ Missing: 4_canirun_grades.json (will be generated during execution)
[2026-09-01 01:53:39] [GATE-0] [INFO]   ✓ Found: 5_ap2_ledger_pqc.md
[2026-09-01 01:53:39] [GATE-0] [INFO]   ✓ Found: 6_ragas_golden_set.json
[2026-09-01 01:53:39] [GATE-0] [INFO]   ✓ Found: 7_freetoken_benchmark.json
[2026-09-01 01:53:39] [GATE-0] [INFO] CHECK 2: Verifying git state...
[2026-09-01 01:53:40] [GATE-0] [INFO]   ✓ Valid git repository
[2026-09-01 01:53:41] [GATE-0] [WARN]   ⚠ Uncommitted changes detected (non-blocking)
[2026-09-01 01:53:41] [GATE-0] [WARN]   ⚠ Last commit not signed (warning only)
[2026-09-01 01:53:41] [GATE-0] [INFO] CHECK 3: Verifying AP2 ledger structure...
[2026-09-01 01:53:41] [GATE-0] [INFO]   ✓ AP2 ledger directory exists
[2026-09-01 01:53:41] [GATE-0] [INFO]   ✓ Found        3 ledger entries
[2026-09-01 01:53:41] [GATE-0] [INFO] CHECK 4: Verifying work receipts directory...
[2026-09-01 01:53:41] [GATE-0] [INFO]   ✓ Work receipts directory exists
[2026-09-01 01:53:41] [GATE-0] [INFO]   ✓ Found       51 work receipt files
[2026-09-01 01:53:41] [GATE-0] [INFO] CHECK 5: Verifying Python dependencies...
[2026-09-01 01:53:41] [GATE-0] [INFO]   ✓ Python module available: json
[2026-09-01 01:53:41] [GATE-0] [INFO]   ✓ Python module available: hashlib
[2026-09-01 01:53:41] [GATE-0] [INFO]   ✓ Python module available: dataclasses
[2026-09-01 01:53:41] [GATE-0] [INFO]   ✓ Python module available: pathlib
[2026-09-01 01:53:41] [GATE-0] [INFO] CHECK 6: Verifying gate dependencies...
[2026-09-01 01:53:41] [GATE-0] [INFO]   ✓ Gate 1-3 validator script ready
[2026-09-01 01:53:41] [GATE-0] [INFO]   ✓ Gate 4-5 validator script ready
[2026-09-01 01:53:41] [GATE-0] [INFO]   ✓ agentacct capture module available
[2026-09-01 01:53:41] [GATE-0] [INFO]   ✓ unlazy gates module available
[2026-09-01 01:53:41] [GATE-0] [INFO] =========================================
[2026-09-01 01:53:41] [GATE-0] [INFO] Gate 0 Summary:
[2026-09-01 01:53:41] [GATE-0] [INFO]   Proof Artifacts: 4/7
[2026-09-01 01:53:41] [GATE-0] [INFO]   Git State:       1/3
[2026-09-01 01:53:41] [GATE-0] [INFO]   AP2 Ledger:      2/2
[2026-09-01 01:53:41] [GATE-0] [INFO]   Work Receipts:   2/2
[2026-09-01 01:53:41] [GATE-0] [INFO]   Python Modules:  4/4
[2026-09-01 01:53:41] [GATE-0] [INFO]   Dependencies:    4/4
[2026-09-01 01:53:41] [GATE-0] [INFO] =========================================
[2026-09-01 01:53:41] [GATE-0] [INFO] TOTAL: 17/22 checks passed
[2026-09-01 01:53:41] [GATE-0] [INFO] Gate 0 PASSED: Pre-flight verification complete
[2026-09-01 01:53:44] [GATE-0] [INFO] === Gate 0 Pre-Flight Verification ===
[2026-09-01 01:53:44] [GATE-0] [INFO] CHECK 1: Verifying proof artifacts...
[2026-09-01 01:53:44] [GATE-0] [INFO]   ✓ Found: 1_agentacct_config.json
[2026-09-01 01:53:44] [GATE-0] [WARN]   ✗ Missing: 2_unlazy_gates.md (will be generated during execution)
[2026-09-01 01:53:44] [GATE-0] [WARN]   ✗ Missing: 3_is_agentic.json (will be generated during execution)
[2026-09-01 01:53:44] [GATE-0] [WARN]   ✗ Missing: 4_canirun_grades.json (will be generated during execution)
[2026-09-01 01:53:44] [GATE-0] [INFO]   ✓ Found: 5_ap2_ledger_pqc.md
[2026-09-01 01:53:44] [GATE-0] [INFO]   ✓ Found: 6_ragas_golden_set.json
[2026-09-01 01:53:44] [GATE-0] [INFO]   ✓ Found: 7_freetoken_benchmark.json
[2026-09-01 01:53:44] [GATE-0] [INFO] CHECK 2: Verifying git state...
[2026-09-01 01:53:44] [GATE-0] [INFO]   ✓ Valid git repository
[2026-09-01 01:53:47] [GATE-0] [WARN]   ⚠ Uncommitted changes detected (non-blocking)
[2026-09-01 01:53:47] [GATE-0] [WARN]   ⚠ Last commit not signed (warning only)
[2026-09-01 01:53:47] [GATE-0] [INFO] CHECK 3: Verifying AP2 ledger structure...
[2026-09-01 01:53:47] [GATE-0] [INFO]   ✓ AP2 ledger directory exists
[2026-09-01 01:53:47] [GATE-0] [INFO]   ✓ Found        3 ledger entries
[2026-09-01 01:53:47] [GATE-0] [INFO] CHECK 4: Verifying work receipts directory...
[2026-09-01 01:53:47] [GATE-0] [INFO]   ✓ Work receipts directory exists
[2026-09-01 01:53:47] [GATE-0] [INFO]   ✓ Found       52 work receipt files
[2026-09-01 01:53:47] [GATE-0] [INFO] CHECK 5: Verifying Python dependencies...
[2026-09-01 01:53:47] [GATE-0] [INFO]   ✓ Python module available: json
[2026-09-01 01:53:47] [GATE-0] [INFO]   ✓ Python module available: hashlib
[2026-09-01 01:53:47] [GATE-0] [INFO]   ✓ Python module available: dataclasses
[2026-09-01 01:53:47] [GATE-0] [INFO]   ✓ Python module available: pathlib
[2026-09-01 01:53:47] [GATE-0] [INFO] CHECK 6: Verifying gate dependencies...
[2026-09-01 01:53:47] [GATE-0] [INFO]   ✓ Gate 1-3 validator script ready
[2026-09-01 01:53:47] [GATE-0] [INFO]   ✓ Gate 4-5 validator script ready
[2026-09-01 01:53:47] [GATE-0] [INFO]   ✓ agentacct capture module available
[2026-09-01 01:53:47] [GATE-0] [INFO]   ✓ unlazy gates module available
[2026-09-01 01:53:47] [GATE-0] [INFO] =========================================
[2026-09-01 01:53:47] [GATE-0] [INFO] Gate 0 Summary:
[2026-09-01 01:53:47] [GATE-0] [INFO]   Proof Artifacts: 4/7
[2026-09-01 01:53:47] [GATE-0] [INFO]   Git State:       1/3
[2026-09-01 01:53:47] [GATE-0] [INFO]   AP2 Ledger:      2/2
[2026-09-01 01:53:47] [GATE-0] [INFO]   Work Receipts:   2/2
[2026-09-01 01:53:47] [GATE-0] [INFO]   Python Modules:  4/4
[2026-09-01 01:53:47] [GATE-0] [INFO]   Dependencies:    4/4
[2026-09-01 01:53:47] [GATE-0] [INFO] =========================================
[2026-09-01 01:53:47] [GATE-0] [INFO] TOTAL: 17/22 checks passed
[2026-09-01 01:53:47] [GATE-0] [INFO] Gate 0 PASSED: Pre-flight verification complete
[2026-09-01 01:53:50] [GATE-0] [INFO] === Gate 0 Pre-Flight Verification ===
[2026-09-01 01:53:50] [GATE-0] [INFO] CHECK 1: Verifying proof artifacts...
[2026-09-01 01:53:50] [GATE-0] [INFO]   ✓ Found: 1_agentacct_config.json
[2026-09-01 01:53:50] [GATE-0] [WARN]   ✗ Missing: 2_unlazy_gates.md (will be generated during execution)
[2026-09-01 01:53:50] [GATE-0] [WARN]   ✗ Missing: 3_is_agentic.json (will be generated during execution)
[2026-09-01 01:53:50] [GATE-0] [WARN]   ✗ Missing: 4_canirun_grades.json (will be generated during execution)
[2026-09-01 01:53:50] [GATE-0] [INFO]   ✓ Found: 5_ap2_ledger_pqc.md
[2026-09-01 01:53:50] [GATE-0] [INFO]   ✓ Found: 6_ragas_golden_set.json
[2026-09-01 01:53:50] [GATE-0] [INFO]   ✓ Found: 7_freetoken_benchmark.json
[2026-09-01 01:53:50] [GATE-0] [INFO] CHECK 2: Verifying git state...
[2026-09-01 01:53:50] [GATE-0] [INFO]   ✓ Valid git repository
[2026-09-01 01:53:53] [GATE-0] [WARN]   ⚠ Uncommitted changes detected (non-blocking)
[2026-09-01 01:53:53] [GATE-0] [WARN]   ⚠ Last commit not signed (warning only)
[2026-09-01 01:53:53] [GATE-0] [INFO] CHECK 3: Verifying AP2 ledger structure...
[2026-09-01 01:53:53] [GATE-0] [INFO]   ✓ AP2 ledger directory exists
[2026-09-01 01:53:53] [GATE-0] [INFO]   ✓ Found        3 ledger entries
[2026-09-01 01:53:53] [GATE-0] [INFO] CHECK 4: Verifying work receipts directory...
[2026-09-01 01:53:53] [GATE-0] [INFO]   ✓ Work receipts directory exists
[2026-09-01 01:53:53] [GATE-0] [INFO]   ✓ Found       53 work receipt files
[2026-09-01 01:53:53] [GATE-0] [INFO] CHECK 5: Verifying Python dependencies...
[2026-09-01 01:53:53] [GATE-0] [INFO]   ✓ Python module available: json
[2026-09-01 01:53:53] [GATE-0] [INFO]   ✓ Python module available: hashlib
[2026-09-01 01:53:53] [GATE-0] [INFO]   ✓ Python module available: dataclasses
[2026-09-01 01:53:53] [GATE-0] [INFO]   ✓ Python module available: pathlib
[2026-09-01 01:53:53] [GATE-0] [INFO] CHECK 6: Verifying gate dependencies...
[2026-09-01 01:53:53] [GATE-0] [INFO]   ✓ Gate 1-3 validator script ready
[2026-09-01 01:53:53] [GATE-0] [INFO]   ✓ Gate 4-5 validator script ready
[2026-09-01 01:53:53] [GATE-0] [INFO]   ✓ agentacct capture module available
[2026-09-01 01:53:53] [GATE-0] [INFO]   ✓ unlazy gates module available
[2026-09-01 01:53:53] [GATE-0] [INFO] =========================================
[2026-09-01 01:53:53] [GATE-0] [INFO] Gate 0 Summary:
[2026-09-01 01:53:53] [GATE-0] [INFO]   Proof Artifacts: 4/7
[2026-09-01 01:53:53] [GATE-0] [INFO]   Git State:       1/3
[2026-09-01 01:53:53] [GATE-0] [INFO]   AP2 Ledger:      2/2
[2026-09-01 01:53:53] [GATE-0] [INFO]   Work Receipts:   2/2
[2026-09-01 01:53:53] [GATE-0] [INFO]   Python Modules:  4/4
[2026-09-01 01:53:53] [GATE-0] [INFO]   Dependencies:    4/4
[2026-09-01 01:53:53] [GATE-0] [INFO] =========================================
[2026-09-01 01:53:53] [GATE-0] [INFO] TOTAL: 17/22 checks passed
[2026-09-01 01:53:53] [GATE-0] [INFO] Gate 0 PASSED: Pre-flight verification complete
[2026-09-01 01:54:13] [GATE-0] [INFO] === Gate 0 Pre-Flight Verification ===
[2026-09-01 01:54:13] [GATE-0] [INFO] CHECK 1: Verifying proof artifacts...
[2026-09-01 01:54:13] [GATE-0] [INFO]   ✓ Found: 1_agentacct_config.json
[2026-09-01 01:54:13] [GATE-0] [WARN]   ✗ Missing: 2_unlazy_gates.md (will be generated during execution)
[2026-09-01 01:54:13] [GATE-0] [WARN]   ✗ Missing: 3_is_agentic.json (will be generated during execution)
[2026-09-01 01:54:13] [GATE-0] [WARN]   ✗ Missing: 4_canirun_grades.json (will be generated during execution)
[2026-09-01 01:54:13] [GATE-0] [INFO]   ✓ Found: 5_ap2_ledger_pqc.md
[2026-09-01 01:54:13] [GATE-0] [INFO]   ✓ Found: 6_ragas_golden_set.json
[2026-09-01 01:54:13] [GATE-0] [INFO]   ✓ Found: 7_freetoken_benchmark.json
[2026-09-01 01:54:13] [GATE-0] [INFO] CHECK 2: Verifying git state...
[2026-09-01 01:54:13] [GATE-0] [INFO]   ✓ Valid git repository
[2026-09-01 01:54:15] [GATE-0] [WARN]   ⚠ Uncommitted changes detected (non-blocking)
[2026-09-01 01:54:15] [GATE-0] [WARN]   ⚠ Last commit not signed (warning only)
[2026-09-01 01:54:15] [GATE-0] [INFO] CHECK 3: Verifying AP2 ledger structure...
[2026-09-01 01:54:15] [GATE-0] [INFO]   ✓ AP2 ledger directory exists
[2026-09-01 01:54:15] [GATE-0] [INFO]   ✓ Found        3 ledger entries
[2026-09-01 01:54:15] [GATE-0] [INFO] CHECK 4: Verifying work receipts directory...
[2026-09-01 01:54:15] [GATE-0] [INFO]   ✓ Work receipts directory exists
[2026-09-01 01:54:15] [GATE-0] [INFO]   ✓ Found       54 work receipt files
[2026-09-01 01:54:15] [GATE-0] [INFO] CHECK 5: Verifying Python dependencies...
[2026-09-01 01:54:15] [GATE-0] [INFO]   ✓ Python module available: json
[2026-09-01 01:54:15] [GATE-0] [INFO]   ✓ Python module available: hashlib
[2026-09-01 01:54:15] [GATE-0] [INFO]   ✓ Python module available: dataclasses
[2026-09-01 01:54:15] [GATE-0] [INFO]   ✓ Python module available: pathlib
[2026-09-01 01:54:15] [GATE-0] [INFO] CHECK 6: Verifying gate dependencies...
[2026-09-01 01:54:15] [GATE-0] [INFO]   ✓ Gate 1-3 validator script ready
[2026-09-01 01:54:15] [GATE-0] [INFO]   ✓ Gate 4-5 validator script ready
[2026-09-01 01:54:15] [GATE-0] [INFO]   ✓ agentacct capture module available
[2026-09-01 01:54:15] [GATE-0] [INFO]   ✓ unlazy gates module available
[2026-09-01 01:54:15] [GATE-0] [INFO] =========================================
[2026-09-01 01:54:15] [GATE-0] [INFO] Gate 0 Summary:
[2026-09-01 01:54:15] [GATE-0] [INFO]   Proof Artifacts: 4/7
[2026-09-01 01:54:15] [GATE-0] [INFO]   Git State:       1/3
[2026-09-01 01:54:15] [GATE-0] [INFO]   AP2 Ledger:      2/2
[2026-09-01 01:54:15] [GATE-0] [INFO]   Work Receipts:   2/2
[2026-09-01 01:54:15] [GATE-0] [INFO]   Python Modules:  4/4
[2026-09-01 01:54:15] [GATE-0] [INFO]   Dependencies:    4/4
[2026-09-01 01:54:15] [GATE-0] [INFO] =========================================
[2026-09-01 01:54:15] [GATE-0] [INFO] TOTAL: 17/22 checks passed
[2026-09-01 01:54:15] [GATE-0] [INFO] Gate 0 PASSED: Pre-flight verification complete
[2026-09-01 01:54:19] [GATE-0] [INFO] === Gate 0 Pre-Flight Verification ===
[2026-09-01 01:54:19] [GATE-0] [INFO] CHECK 1: Verifying proof artifacts...
[2026-09-01 01:54:19] [GATE-0] [INFO]   ✓ Found: 1_agentacct_config.json
[2026-09-01 01:54:19] [GATE-0] [WARN]   ✗ Missing: 2_unlazy_gates.md (will be generated during execution)
[2026-09-01 01:54:19] [GATE-0] [WARN]   ✗ Missing: 3_is_agentic.json (will be generated during execution)
[2026-09-01 01:54:19] [GATE-0] [WARN]   ✗ Missing: 4_canirun_grades.json (will be generated during execution)
[2026-09-01 01:54:19] [GATE-0] [INFO]   ✓ Found: 5_ap2_ledger_pqc.md
[2026-09-01 01:54:19] [GATE-0] [INFO]   ✓ Found: 6_ragas_golden_set.json
[2026-09-01 01:54:19] [GATE-0] [INFO]   ✓ Found: 7_freetoken_benchmark.json
[2026-09-01 01:54:19] [GATE-0] [INFO] CHECK 2: Verifying git state...
[2026-09-01 01:54:19] [GATE-0] [INFO]   ✓ Valid git repository
[2026-09-01 01:54:21] [GATE-0] [WARN]   ⚠ Uncommitted changes detected (non-blocking)
[2026-09-01 01:54:21] [GATE-0] [WARN]   ⚠ Last commit not signed (warning only)
[2026-09-01 01:54:21] [GATE-0] [INFO] CHECK 3: Verifying AP2 ledger structure...
[2026-09-01 01:54:21] [GATE-0] [INFO]   ✓ AP2 ledger directory exists
[2026-09-01 01:54:21] [GATE-0] [INFO]   ✓ Found        3 ledger entries
[2026-09-01 01:54:21] [GATE-0] [INFO] CHECK 4: Verifying work receipts directory...
[2026-09-01 01:54:21] [GATE-0] [INFO]   ✓ Work receipts directory exists
[2026-09-01 01:54:21] [GATE-0] [INFO]   ✓ Found       55 work receipt files
[2026-09-01 01:54:21] [GATE-0] [INFO] CHECK 5: Verifying Python dependencies...
[2026-09-01 01:54:21] [GATE-0] [INFO]   ✓ Python module available: json
[2026-09-01 01:54:21] [GATE-0] [INFO]   ✓ Python module available: hashlib
[2026-09-01 01:54:21] [GATE-0] [INFO]   ✓ Python module available: dataclasses
[2026-09-01 01:54:21] [GATE-0] [INFO]   ✓ Python module available: pathlib
[2026-09-01 01:54:21] [GATE-0] [INFO] CHECK 6: Verifying gate dependencies...
[2026-09-01 01:54:21] [GATE-0] [INFO]   ✓ Gate 1-3 validator script ready
[2026-09-01 01:54:21] [GATE-0] [INFO]   ✓ Gate 4-5 validator script ready
[2026-09-01 01:54:21] [GATE-0] [INFO]   ✓ agentacct capture module available
[2026-09-01 01:54:21] [GATE-0] [INFO]   ✓ unlazy gates module available
[2026-09-01 01:54:21] [GATE-0] [INFO] =========================================
[2026-09-01 01:54:21] [GATE-0] [INFO] Gate 0 Summary:
[2026-09-01 01:54:21] [GATE-0] [INFO]   Proof Artifacts: 4/7
[2026-09-01 01:54:21] [GATE-0] [INFO]   Git State:       1/3
[2026-09-01 01:54:21] [GATE-0] [INFO]   AP2 Ledger:      2/2
[2026-09-01 01:54:21] [GATE-0] [INFO]   Work Receipts:   2/2
[2026-09-01 01:54:21] [GATE-0] [INFO]   Python Modules:  4/4
[2026-09-01 01:54:21] [GATE-0] [INFO]   Dependencies:    4/4
[2026-09-01 01:54:21] [GATE-0] [INFO] =========================================
[2026-09-01 01:54:21] [GATE-0] [INFO] TOTAL: 17/22 checks passed
[2026-09-01 01:54:21] [GATE-0] [INFO] Gate 0 PASSED: Pre-flight verification complete
[2026-09-01 01:54:28] [GATE-0] [INFO] === Gate 0 Pre-Flight Verification ===
[2026-09-01 01:54:28] [GATE-0] [INFO] CHECK 1: Verifying proof artifacts...
[2026-09-01 01:54:28] [GATE-0] [INFO]   ✓ Found: 1_agentacct_config.json
[2026-09-01 01:54:28] [GATE-0] [WARN]   ✗ Missing: 2_unlazy_gates.md (will be generated during execution)
[2026-09-01 01:54:28] [GATE-0] [WARN]   ✗ Missing: 3_is_agentic.json (will be generated during execution)
[2026-09-01 01:54:28] [GATE-0] [WARN]   ✗ Missing: 4_canirun_grades.json (will be generated during execution)
[2026-09-01 01:54:28] [GATE-0] [INFO]   ✓ Found: 5_ap2_ledger_pqc.md
[2026-09-01 01:54:28] [GATE-0] [INFO]   ✓ Found: 6_ragas_golden_set.json
[2026-09-01 01:54:28] [GATE-0] [INFO]   ✓ Found: 7_freetoken_benchmark.json
[2026-09-01 01:54:28] [GATE-0] [INFO] CHECK 2: Verifying git state...
[2026-09-01 01:54:28] [GATE-0] [INFO]   ✓ Valid git repository
[2026-09-01 01:54:30] [GATE-0] [WARN]   ⚠ Uncommitted changes detected (non-blocking)
[2026-09-01 01:54:30] [GATE-0] [WARN]   ⚠ Last commit not signed (warning only)
[2026-09-01 01:54:30] [GATE-0] [INFO] CHECK 3: Verifying AP2 ledger structure...
[2026-09-01 01:54:30] [GATE-0] [INFO]   ✓ AP2 ledger directory exists
[2026-09-01 01:54:30] [GATE-0] [INFO]   ✓ Found        3 ledger entries
[2026-09-01 01:54:30] [GATE-0] [INFO] CHECK 4: Verifying work receipts directory...
[2026-09-01 01:54:30] [GATE-0] [INFO]   ✓ Work receipts directory exists
[2026-09-01 01:54:30] [GATE-0] [INFO]   ✓ Found       56 work receipt files
[2026-09-01 01:54:30] [GATE-0] [INFO] CHECK 5: Verifying Python dependencies...
[2026-09-01 01:54:30] [GATE-0] [INFO]   ✓ Python module available: json
[2026-09-01 01:54:30] [GATE-0] [INFO]   ✓ Python module available: hashlib
[2026-09-01 01:54:30] [GATE-0] [INFO]   ✓ Python module available: dataclasses
[2026-09-01 01:54:30] [GATE-0] [INFO]   ✓ Python module available: pathlib
[2026-09-01 01:54:30] [GATE-0] [INFO] CHECK 6: Verifying gate dependencies...
[2026-09-01 01:54:30] [GATE-0] [INFO]   ✓ Gate 1-3 validator script ready
[2026-09-01 01:54:30] [GATE-0] [INFO]   ✓ Gate 4-5 validator script ready
[2026-09-01 01:54:30] [GATE-0] [INFO]   ✓ agentacct capture module available
[2026-09-01 01:54:30] [GATE-0] [INFO]   ✓ unlazy gates module available
[2026-09-01 01:54:30] [GATE-0] [INFO] =========================================
[2026-09-01 01:54:30] [GATE-0] [INFO] Gate 0 Summary:
[2026-09-01 01:54:30] [GATE-0] [INFO]   Proof Artifacts: 4/7
[2026-09-01 01:54:30] [GATE-0] [INFO]   Git State:       1/3
[2026-09-01 01:54:30] [GATE-0] [INFO]   AP2 Ledger:      2/2
[2026-09-01 01:54:30] [GATE-0] [INFO]   Work Receipts:   2/2
[2026-09-01 01:54:30] [GATE-0] [INFO]   Python Modules:  4/4
[2026-09-01 01:54:30] [GATE-0] [INFO]   Dependencies:    4/4
[2026-09-01 01:54:30] [GATE-0] [INFO] =========================================
[2026-09-01 01:54:30] [GATE-0] [INFO] TOTAL: 17/22 checks passed
[2026-09-01 01:54:30] [GATE-0] [INFO] Gate 0 PASSED: Pre-flight verification complete
[2026-09-01 01:54:42] [GATE-0] [INFO] === Gate 0 Pre-Flight Verification ===
[2026-09-01 01:54:42] [GATE-0] [INFO] CHECK 1: Verifying proof artifacts...
[2026-09-01 01:54:42] [GATE-0] [INFO]   ✓ Found: 1_agentacct_config.json
[2026-09-01 01:54:42] [GATE-0] [WARN]   ✗ Missing: 2_unlazy_gates.md (will be generated during execution)
[2026-09-01 01:54:42] [GATE-0] [WARN]   ✗ Missing: 3_is_agentic.json (will be generated during execution)
[2026-09-01 01:54:42] [GATE-0] [WARN]   ✗ Missing: 4_canirun_grades.json (will be generated during execution)
[2026-09-01 01:54:42] [GATE-0] [INFO]   ✓ Found: 5_ap2_ledger_pqc.md
[2026-09-01 01:54:42] [GATE-0] [INFO]   ✓ Found: 6_ragas_golden_set.json
[2026-09-01 01:54:42] [GATE-0] [INFO]   ✓ Found: 7_freetoken_benchmark.json
[2026-09-01 01:54:42] [GATE-0] [INFO] CHECK 2: Verifying git state...
[2026-09-01 01:54:42] [GATE-0] [INFO]   ✓ Valid git repository
[2026-09-01 01:54:44] [GATE-0] [WARN]   ⚠ Uncommitted changes detected (non-blocking)
[2026-09-01 01:54:44] [GATE-0] [WARN]   ⚠ Last commit not signed (warning only)
[2026-09-01 01:54:44] [GATE-0] [INFO] CHECK 3: Verifying AP2 ledger structure...
[2026-09-01 01:54:44] [GATE-0] [INFO]   ✓ AP2 ledger directory exists
[2026-09-01 01:54:44] [GATE-0] [INFO]   ✓ Found        3 ledger entries
[2026-09-01 01:54:44] [GATE-0] [INFO] CHECK 4: Verifying work receipts directory...
[2026-09-01 01:54:44] [GATE-0] [INFO]   ✓ Work receipts directory exists
[2026-09-01 01:54:44] [GATE-0] [INFO]   ✓ Found       57 work receipt files
[2026-09-01 01:54:44] [GATE-0] [INFO] CHECK 5: Verifying Python dependencies...
[2026-09-01 01:54:44] [GATE-0] [INFO]   ✓ Python module available: json
[2026-09-01 01:54:44] [GATE-0] [INFO]   ✓ Python module available: hashlib
[2026-09-01 01:54:44] [GATE-0] [INFO]   ✓ Python module available: dataclasses
[2026-09-01 01:54:44] [GATE-0] [INFO]   ✓ Python module available: pathlib
[2026-09-01 01:54:44] [GATE-0] [INFO] CHECK 6: Verifying gate dependencies...
[2026-09-01 01:54:44] [GATE-0] [INFO]   ✓ Gate 1-3 validator script ready
[2026-09-01 01:54:44] [GATE-0] [INFO]   ✓ Gate 4-5 validator script ready
[2026-09-01 01:54:44] [GATE-0] [INFO]   ✓ agentacct capture module available
[2026-09-01 01:54:44] [GATE-0] [INFO]   ✓ unlazy gates module available
[2026-09-01 01:54:44] [GATE-0] [INFO] =========================================
[2026-09-01 01:54:44] [GATE-0] [INFO] Gate 0 Summary:
[2026-09-01 01:54:44] [GATE-0] [INFO]   Proof Artifacts: 4/7
[2026-09-01 01:54:44] [GATE-0] [INFO]   Git State:       1/3
[2026-09-01 01:54:44] [GATE-0] [INFO]   AP2 Ledger:      2/2
[2026-09-01 01:54:44] [GATE-0] [INFO]   Work Receipts:   2/2
[2026-09-01 01:54:44] [GATE-0] [INFO]   Python Modules:  4/4
[2026-09-01 01:54:44] [GATE-0] [INFO]   Dependencies:    4/4
[2026-09-01 01:54:44] [GATE-0] [INFO] =========================================
[2026-09-01 01:54:44] [GATE-0] [INFO] TOTAL: 17/22 checks passed
[2026-09-01 01:54:44] [GATE-0] [INFO] Gate 0 PASSED: Pre-flight verification complete
[2026-09-01 01:54:47] [GATE-0] [INFO] === Gate 0 Pre-Flight Verification ===
[2026-09-01 01:54:47] [GATE-0] [INFO] CHECK 1: Verifying proof artifacts...
[2026-09-01 01:54:47] [GATE-0] [INFO]   ✓ Found: 1_agentacct_config.json
[2026-09-01 01:54:47] [GATE-0] [WARN]   ✗ Missing: 2_unlazy_gates.md (will be generated during execution)
[2026-09-01 01:54:47] [GATE-0] [WARN]   ✗ Missing: 3_is_agentic.json (will be generated during execution)
[2026-09-01 01:54:47] [GATE-0] [WARN]   ✗ Missing: 4_canirun_grades.json (will be generated during execution)
[2026-09-01 01:54:47] [GATE-0] [INFO]   ✓ Found: 5_ap2_ledger_pqc.md
[2026-09-01 01:54:47] [GATE-0] [INFO]   ✓ Found: 6_ragas_golden_set.json
[2026-09-01 01:54:47] [GATE-0] [INFO]   ✓ Found: 7_freetoken_benchmark.json
[2026-09-01 01:54:47] [GATE-0] [INFO] CHECK 2: Verifying git state...
[2026-09-01 01:54:47] [GATE-0] [INFO]   ✓ Valid git repository
[2026-09-01 01:54:49] [GATE-0] [WARN]   ⚠ Uncommitted changes detected (non-blocking)
[2026-09-01 01:54:49] [GATE-0] [WARN]   ⚠ Last commit not signed (warning only)
[2026-09-01 01:54:49] [GATE-0] [INFO] CHECK 3: Verifying AP2 ledger structure...
[2026-09-01 01:54:49] [GATE-0] [INFO]   ✓ AP2 ledger directory exists
[2026-09-01 01:54:49] [GATE-0] [INFO]   ✓ Found        3 ledger entries
[2026-09-01 01:54:49] [GATE-0] [INFO] CHECK 4: Verifying work receipts directory...
[2026-09-01 01:54:49] [GATE-0] [INFO]   ✓ Work receipts directory exists
[2026-09-01 01:54:49] [GATE-0] [INFO]   ✓ Found       58 work receipt files
[2026-09-01 01:54:49] [GATE-0] [INFO] CHECK 5: Verifying Python dependencies...
[2026-09-01 01:54:49] [GATE-0] [INFO]   ✓ Python module available: json
[2026-09-01 01:54:49] [GATE-0] [INFO]   ✓ Python module available: hashlib
[2026-09-01 01:54:49] [GATE-0] [INFO]   ✓ Python module available: dataclasses
[2026-09-01 01:54:49] [GATE-0] [INFO]   ✓ Python module available: pathlib
[2026-09-01 01:54:49] [GATE-0] [INFO] CHECK 6: Verifying gate dependencies...
[2026-09-01 01:54:49] [GATE-0] [INFO]   ✓ Gate 1-3 validator script ready
[2026-09-01 01:54:49] [GATE-0] [INFO]   ✓ Gate 4-5 validator script ready
[2026-09-01 01:54:49] [GATE-0] [INFO]   ✓ agentacct capture module available
[2026-09-01 01:54:49] [GATE-0] [INFO]   ✓ unlazy gates module available
[2026-09-01 01:54:49] [GATE-0] [INFO] =========================================
[2026-09-01 01:54:49] [GATE-0] [INFO] Gate 0 Summary:
[2026-09-01 01:54:49] [GATE-0] [INFO]   Proof Artifacts: 4/7
[2026-09-01 01:54:49] [GATE-0] [INFO]   Git State:       1/3
[2026-09-01 01:54:49] [GATE-0] [INFO]   AP2 Ledger:      2/2
[2026-09-01 01:54:49] [GATE-0] [INFO]   Work Receipts:   2/2
[2026-09-01 01:54:49] [GATE-0] [INFO]   Python Modules:  4/4
[2026-09-01 01:54:49] [GATE-0] [INFO]   Dependencies:    4/4
[2026-09-01 01:54:49] [GATE-0] [INFO] =========================================
[2026-09-01 01:54:49] [GATE-0] [INFO] TOTAL: 17/22 checks passed
[2026-09-01 01:54:49] [GATE-0] [INFO] Gate 0 PASSED: Pre-flight verification complete
[2026-09-01 01:55:29] [GATE-0] [INFO] === Gate 0 Pre-Flight Verification ===
[2026-09-01 01:55:29] [GATE-0] [INFO] CHECK 1: Verifying proof artifacts...
[2026-09-01 01:55:29] [GATE-0] [INFO]   ✓ Found: 1_agentacct_config.json
[2026-09-01 01:55:29] [GATE-0] [WARN]   ✗ Missing: 2_unlazy_gates.md (will be generated during execution)
[2026-09-01 01:55:29] [GATE-0] [WARN]   ✗ Missing: 3_is_agentic.json (will be generated during execution)
[2026-09-01 01:55:29] [GATE-0] [WARN]   ✗ Missing: 4_canirun_grades.json (will be generated during execution)
[2026-09-01 01:55:29] [GATE-0] [INFO]   ✓ Found: 5_ap2_ledger_pqc.md
[2026-09-01 01:55:29] [GATE-0] [INFO]   ✓ Found: 6_ragas_golden_set.json
[2026-09-01 01:55:29] [GATE-0] [INFO]   ✓ Found: 7_freetoken_benchmark.json
[2026-09-01 01:55:29] [GATE-0] [INFO] CHECK 2: Verifying git state...
[2026-09-01 01:55:29] [GATE-0] [INFO]   ✓ Valid git repository
[2026-09-01 01:55:31] [GATE-0] [WARN]   ⚠ Uncommitted changes detected (non-blocking)
[2026-09-01 01:55:31] [GATE-0] [WARN]   ⚠ Last commit not signed (warning only)
[2026-09-01 01:55:31] [GATE-0] [INFO] CHECK 3: Verifying AP2 ledger structure...
[2026-09-01 01:55:31] [GATE-0] [INFO]   ✓ AP2 ledger directory exists
[2026-09-01 01:55:31] [GATE-0] [INFO]   ✓ Found        3 ledger entries
[2026-09-01 01:55:31] [GATE-0] [INFO] CHECK 4: Verifying work receipts directory...
[2026-09-01 01:55:31] [GATE-0] [INFO]   ✓ Work receipts directory exists
[2026-09-01 01:55:31] [GATE-0] [INFO]   ✓ Found       59 work receipt files
[2026-09-01 01:55:31] [GATE-0] [INFO] CHECK 5: Verifying Python dependencies...
[2026-09-01 01:55:31] [GATE-0] [INFO]   ✓ Python module available: json
[2026-09-01 01:55:31] [GATE-0] [INFO]   ✓ Python module available: hashlib
[2026-09-01 01:55:31] [GATE-0] [INFO]   ✓ Python module available: dataclasses
[2026-09-01 01:55:31] [GATE-0] [INFO]   ✓ Python module available: pathlib
[2026-09-01 01:55:31] [GATE-0] [INFO] CHECK 6: Verifying gate dependencies...
[2026-09-01 01:55:31] [GATE-0] [INFO]   ✓ Gate 1-3 validator script ready
[2026-09-01 01:55:31] [GATE-0] [INFO]   ✓ Gate 4-5 validator script ready
[2026-09-01 01:55:31] [GATE-0] [INFO]   ✓ agentacct capture module available
[2026-09-01 01:55:31] [GATE-0] [INFO]   ✓ unlazy gates module available
[2026-09-01 01:55:31] [GATE-0] [INFO] =========================================
[2026-09-01 01:55:31] [GATE-0] [INFO] Gate 0 Summary:
[2026-09-01 01:55:31] [GATE-0] [INFO]   Proof Artifacts: 4/7
[2026-09-01 01:55:31] [GATE-0] [INFO]   Git State:       1/3
[2026-09-01 01:55:31] [GATE-0] [INFO]   AP2 Ledger:      2/2
[2026-09-01 01:55:31] [GATE-0] [INFO]   Work Receipts:   2/2
[2026-09-01 01:55:31] [GATE-0] [INFO]   Python Modules:  4/4
[2026-09-01 01:55:31] [GATE-0] [INFO]   Dependencies:    4/4
[2026-09-01 01:55:31] [GATE-0] [INFO] =========================================
[2026-09-01 01:55:31] [GATE-0] [INFO] TOTAL: 17/22 checks passed
[2026-09-01 01:55:31] [GATE-0] [INFO] Gate 0 PASSED: Pre-flight verification complete
[2026-09-01 02:07:05] [GATE-0] [INFO] === Gate 0 Pre-Flight Verification ===
[2026-09-01 02:07:05] [GATE-0] [INFO] CHECK 1: Verifying proof artifacts...
[2026-09-01 02:07:05] [GATE-0] [INFO]   ✓ Found: 1_agentacct_config.json
[2026-09-01 02:07:05] [GATE-0] [WARN]   ✗ Missing: 2_unlazy_gates.md (will be generated during execution)
[2026-09-01 02:07:05] [GATE-0] [WARN]   ✗ Missing: 3_is_agentic.json (will be generated during execution)
[2026-09-01 02:07:05] [GATE-0] [WARN]   ✗ Missing: 4_canirun_grades.json (will be generated during execution)
[2026-09-01 02:07:05] [GATE-0] [INFO]   ✓ Found: 5_ap2_ledger_pqc.md
[2026-09-01 02:07:05] [GATE-0] [INFO]   ✓ Found: 6_ragas_golden_set.json
[2026-09-01 02:07:05] [GATE-0] [INFO]   ✓ Found: 7_freetoken_benchmark.json
[2026-09-01 02:07:05] [GATE-0] [INFO] CHECK 2: Verifying git state...
[2026-09-01 02:07:05] [GATE-0] [INFO]   ✓ Valid git repository
[2026-09-01 02:07:05] [GATE-0] [INFO] === Gate 0 Pre-Flight Verification ===
[2026-09-01 02:07:05] [GATE-0] [INFO] CHECK 1: Verifying proof artifacts...
[2026-09-01 02:07:05] [GATE-0] [INFO]   ✓ Found: 1_agentacct_config.json
[2026-09-01 02:07:05] [GATE-0] [WARN]   ✗ Missing: 2_unlazy_gates.md (will be generated during execution)
[2026-09-01 02:07:05] [GATE-0] [WARN]   ✗ Missing: 3_is_agentic.json (will be generated during execution)
[2026-09-01 02:07:05] [GATE-0] [WARN]   ✗ Missing: 4_canirun_grades.json (will be generated during execution)
[2026-09-01 02:07:05] [GATE-0] [INFO]   ✓ Found: 5_ap2_ledger_pqc.md
[2026-09-01 02:07:05] [GATE-0] [INFO]   ✓ Found: 6_ragas_golden_set.json
[2026-09-01 02:07:05] [GATE-0] [INFO]   ✓ Found: 7_freetoken_benchmark.json
[2026-09-01 02:07:05] [GATE-0] [INFO] CHECK 2: Verifying git state...
[2026-09-01 02:07:05] [GATE-0] [INFO]   ✓ Valid git repository
[2026-09-01 02:07:05] [GATE-0] [INFO] === Gate 0 Pre-Flight Verification ===
[2026-09-01 02:07:05] [GATE-0] [INFO] CHECK 1: Verifying proof artifacts...
[2026-09-01 02:07:06] [GATE-0] [INFO]   ✓ Found: 1_agentacct_config.json
[2026-09-01 02:07:06] [GATE-0] [WARN]   ✗ Missing: 2_unlazy_gates.md (will be generated during execution)
[2026-09-01 02:07:06] [GATE-0] [WARN]   ✗ Missing: 3_is_agentic.json (will be generated during execution)
[2026-09-01 02:07:06] [GATE-0] [WARN]   ✗ Missing: 4_canirun_grades.json (will be generated during execution)
[2026-09-01 02:07:06] [GATE-0] [INFO]   ✓ Found: 5_ap2_ledger_pqc.md
[2026-09-01 02:07:06] [GATE-0] [INFO]   ✓ Found: 6_ragas_golden_set.json
[2026-09-01 02:07:06] [GATE-0] [INFO]   ✓ Found: 7_freetoken_benchmark.json
[2026-09-01 02:07:06] [GATE-0] [INFO] CHECK 2: Verifying git state...
[2026-09-01 02:07:06] [GATE-0] [INFO]   ✓ Valid git repository
[2026-09-01 02:07:08] [GATE-0] [WARN]   ⚠ Uncommitted changes detected (non-blocking)
[2026-09-01 02:07:08] [GATE-0] [WARN]   ⚠ Uncommitted changes detected (non-blocking)
[2026-09-01 02:07:08] [GATE-0] [WARN]   ⚠ Uncommitted changes detected (non-blocking)
[2026-09-01 02:07:08] [GATE-0] [WARN]   ⚠ Last commit not signed (warning only)
[2026-09-01 02:07:08] [GATE-0] [WARN]   ⚠ Last commit not signed (warning only)
[2026-09-01 02:07:08] [GATE-0] [INFO] CHECK 3: Verifying AP2 ledger structure...
[2026-09-01 02:07:08] [GATE-0] [WARN]   ⚠ Last commit not signed (warning only)
[2026-09-01 02:07:08] [GATE-0] [INFO] CHECK 3: Verifying AP2 ledger structure...
[2026-09-01 02:07:08] [GATE-0] [INFO] CHECK 3: Verifying AP2 ledger structure...
[2026-09-01 02:07:08] [GATE-0] [INFO]   ✓ AP2 ledger directory exists
[2026-09-01 02:07:08] [GATE-0] [INFO]   ✓ AP2 ledger directory exists
[2026-09-01 02:07:08] [GATE-0] [INFO]   ✓ AP2 ledger directory exists
[2026-09-01 02:07:08] [GATE-0] [INFO]   ✓ Found        6 ledger entries
[2026-09-01 02:07:08] [GATE-0] [INFO]   ✓ Found        6 ledger entries
[2026-09-01 02:07:08] [GATE-0] [INFO] CHECK 4: Verifying work receipts directory...
[2026-09-01 02:07:08] [GATE-0] [INFO]   ✓ Found        6 ledger entries
[2026-09-01 02:07:08] [GATE-0] [INFO] CHECK 4: Verifying work receipts directory...
[2026-09-01 02:07:08] [GATE-0] [INFO]   ✓ Work receipts directory exists
[2026-09-01 02:07:08] [GATE-0] [INFO] CHECK 4: Verifying work receipts directory...
[2026-09-01 02:07:08] [GATE-0] [INFO]   ✓ Work receipts directory exists
[2026-09-01 02:07:08] [GATE-0] [INFO]   ✓ Work receipts directory exists
[2026-09-01 02:07:08] [GATE-0] [INFO]   ✓ Found       60 work receipt files
[2026-09-01 02:07:08] [GATE-0] [INFO]   ✓ Found       60 work receipt files
[2026-09-01 02:07:08] [GATE-0] [INFO] CHECK 5: Verifying Python dependencies...
[2026-09-01 02:07:08] [GATE-0] [INFO]   ✓ Found       60 work receipt files
[2026-09-01 02:07:08] [GATE-0] [INFO] CHECK 5: Verifying Python dependencies...
[2026-09-01 02:07:08] [GATE-0] [INFO] CHECK 5: Verifying Python dependencies...
[2026-09-01 02:07:08] [GATE-0] [INFO]   ✓ Python module available: json
[2026-09-01 02:07:08] [GATE-0] [INFO]   ✓ Python module available: json
[2026-09-01 02:07:08] [GATE-0] [INFO]   ✓ Python module available: json
[2026-09-01 02:07:08] [GATE-0] [INFO]   ✓ Python module available: hashlib
[2026-09-01 02:07:08] [GATE-0] [INFO]   ✓ Python module available: hashlib
[2026-09-01 02:07:08] [GATE-0] [INFO]   ✓ Python module available: hashlib
[2026-09-01 02:07:08] [GATE-0] [INFO]   ✓ Python module available: dataclasses
[2026-09-01 02:07:08] [GATE-0] [INFO]   ✓ Python module available: dataclasses
[2026-09-01 02:07:08] [GATE-0] [INFO]   ✓ Python module available: dataclasses
[2026-09-01 02:07:08] [GATE-0] [INFO]   ✓ Python module available: pathlib
[2026-09-01 02:07:08] [GATE-0] [INFO]   ✓ Python module available: pathlib
[2026-09-01 02:07:08] [GATE-0] [INFO]   ✓ Python module available: pathlib
[2026-09-01 02:07:08] [GATE-0] [INFO] CHECK 6: Verifying gate dependencies...
[2026-09-01 02:07:08] [GATE-0] [INFO] CHECK 6: Verifying gate dependencies...
[2026-09-01 02:07:08] [GATE-0] [INFO] CHECK 6: Verifying gate dependencies...
[2026-09-01 02:07:08] [GATE-0] [INFO]   ✓ Gate 1-3 validator script ready
[2026-09-01 02:07:08] [GATE-0] [INFO]   ✓ Gate 1-3 validator script ready
[2026-09-01 02:07:08] [GATE-0] [INFO]   ✓ Gate 1-3 validator script ready
[2026-09-01 02:07:08] [GATE-0] [INFO]   ✓ Gate 4-5 validator script ready
[2026-09-01 02:07:08] [GATE-0] [INFO]   ✓ Gate 4-5 validator script ready
[2026-09-01 02:07:08] [GATE-0] [INFO]   ✓ Gate 4-5 validator script ready
[2026-09-01 02:07:08] [GATE-0] [INFO]   ✓ agentacct capture module available
[2026-09-01 02:07:08] [GATE-0] [INFO]   ✓ agentacct capture module available
[2026-09-01 02:07:08] [GATE-0] [INFO]   ✓ agentacct capture module available
[2026-09-01 02:07:08] [GATE-0] [INFO]   ✓ unlazy gates module available
[2026-09-01 02:07:08] [GATE-0] [INFO]   ✓ unlazy gates module available
[2026-09-01 02:07:08] [GATE-0] [INFO]   ✓ unlazy gates module available
[2026-09-01 02:07:08] [GATE-0] [INFO] =========================================
[2026-09-01 02:07:08] [GATE-0] [INFO] =========================================
[2026-09-01 02:07:08] [GATE-0] [INFO] =========================================
[2026-09-01 02:07:08] [GATE-0] [INFO] Gate 0 Summary:
[2026-09-01 02:07:08] [GATE-0] [INFO] Gate 0 Summary:
[2026-09-01 02:07:08] [GATE-0] [INFO] Gate 0 Summary:
[2026-09-01 02:07:08] [GATE-0] [INFO]   Proof Artifacts: 4/7
[2026-09-01 02:07:08] [GATE-0] [INFO]   Proof Artifacts: 4/7
[2026-09-01 02:07:08] [GATE-0] [INFO]   Proof Artifacts: 4/7
[2026-09-01 02:07:08] [GATE-0] [INFO]   Git State:       1/3
[2026-09-01 02:07:08] [GATE-0] [INFO]   Git State:       1/3
[2026-09-01 02:07:08] [GATE-0] [INFO]   Git State:       1/3
[2026-09-01 02:07:08] [GATE-0] [INFO]   AP2 Ledger:      2/2
[2026-09-01 02:07:08] [GATE-0] [INFO]   AP2 Ledger:      2/2
[2026-09-01 02:07:08] [GATE-0] [INFO]   AP2 Ledger:      2/2
[2026-09-01 02:07:08] [GATE-0] [INFO]   Work Receipts:   2/2
[2026-09-01 02:07:08] [GATE-0] [INFO]   Work Receipts:   2/2
[2026-09-01 02:07:08] [GATE-0] [INFO]   Work Receipts:   2/2
[2026-09-01 02:07:08] [GATE-0] [INFO]   Python Modules:  4/4
[2026-09-01 02:07:08] [GATE-0] [INFO]   Python Modules:  4/4
[2026-09-01 02:07:08] [GATE-0] [INFO]   Python Modules:  4/4
[2026-09-01 02:07:08] [GATE-0] [INFO]   Dependencies:    4/4
[2026-09-01 02:07:08] [GATE-0] [INFO]   Dependencies:    4/4
[2026-09-01 02:07:08] [GATE-0] [INFO]   Dependencies:    4/4
[2026-09-01 02:07:08] [GATE-0] [INFO] =========================================
[2026-09-01 02:07:08] [GATE-0] [INFO] =========================================
[2026-09-01 02:07:08] [GATE-0] [INFO] =========================================
[2026-09-01 02:07:08] [GATE-0] [INFO] TOTAL: 17/22 checks passed
[2026-09-01 02:07:08] [GATE-0] [INFO] TOTAL: 17/22 checks passed
[2026-09-01 02:07:08] [GATE-0] [INFO] TOTAL: 17/22 checks passed
[2026-09-01 02:07:08] [GATE-0] [INFO] Gate 0 PASSED: Pre-flight verification complete
[2026-09-01 02:07:08] [GATE-0] [INFO] Gate 0 PASSED: Pre-flight verification complete
[2026-09-01 02:07:08] [GATE-0] [INFO] Gate 0 PASSED: Pre-flight verification complete
[2026-09-01 02:07:18] [GATE-0] [INFO] === Gate 0 Pre-Flight Verification ===
[2026-09-01 02:07:18] [GATE-0] [INFO] CHECK 1: Verifying proof artifacts...
[2026-09-01 02:07:18] [GATE-0] [INFO]   ✓ Found: 1_agentacct_config.json
[2026-09-01 02:07:18] [GATE-0] [WARN]   ✗ Missing: 2_unlazy_gates.md (will be generated during execution)
[2026-09-01 02:07:18] [GATE-0] [WARN]   ✗ Missing: 3_is_agentic.json (will be generated during execution)
[2026-09-01 02:07:18] [GATE-0] [WARN]   ✗ Missing: 4_canirun_grades.json (will be generated during execution)
[2026-09-01 02:07:18] [GATE-0] [INFO]   ✓ Found: 5_ap2_ledger_pqc.md
[2026-09-01 02:07:18] [GATE-0] [INFO]   ✓ Found: 6_ragas_golden_set.json
[2026-09-01 02:07:18] [GATE-0] [INFO]   ✓ Found: 7_freetoken_benchmark.json
[2026-09-01 02:07:18] [GATE-0] [INFO] CHECK 2: Verifying git state...
[2026-09-01 02:07:18] [GATE-0] [INFO]   ✓ Valid git repository
[2026-09-01 02:07:18] [GATE-0] [INFO] === Gate 0 Pre-Flight Verification ===
[2026-09-01 02:07:18] [GATE-0] [INFO] CHECK 1: Verifying proof artifacts...
[2026-09-01 02:07:18] [GATE-0] [INFO]   ✓ Found: 1_agentacct_config.json
[2026-09-01 02:07:18] [GATE-0] [WARN]   ✗ Missing: 2_unlazy_gates.md (will be generated during execution)
[2026-09-01 02:07:18] [GATE-0] [WARN]   ✗ Missing: 3_is_agentic.json (will be generated during execution)
[2026-09-01 02:07:18] [GATE-0] [WARN]   ✗ Missing: 4_canirun_grades.json (will be generated during execution)
[2026-09-01 02:07:18] [GATE-0] [INFO]   ✓ Found: 5_ap2_ledger_pqc.md
[2026-09-01 02:07:18] [GATE-0] [INFO]   ✓ Found: 6_ragas_golden_set.json
[2026-09-01 02:07:18] [GATE-0] [INFO]   ✓ Found: 7_freetoken_benchmark.json
[2026-09-01 02:07:18] [GATE-0] [INFO] CHECK 2: Verifying git state...
[2026-09-01 02:07:18] [GATE-0] [INFO]   ✓ Valid git repository
[2026-09-01 02:07:19] [GATE-0] [INFO] === Gate 0 Pre-Flight Verification ===
[2026-09-01 02:07:19] [GATE-0] [INFO] CHECK 1: Verifying proof artifacts...
[2026-09-01 02:07:19] [GATE-0] [INFO]   ✓ Found: 1_agentacct_config.json
[2026-09-01 02:07:19] [GATE-0] [WARN]   ✗ Missing: 2_unlazy_gates.md (will be generated during execution)
[2026-09-01 02:07:19] [GATE-0] [WARN]   ✗ Missing: 3_is_agentic.json (will be generated during execution)
[2026-09-01 02:07:19] [GATE-0] [WARN]   ✗ Missing: 4_canirun_grades.json (will be generated during execution)
[2026-09-01 02:07:19] [GATE-0] [INFO]   ✓ Found: 5_ap2_ledger_pqc.md
[2026-09-01 02:07:19] [GATE-0] [INFO]   ✓ Found: 6_ragas_golden_set.json
[2026-09-01 02:07:19] [GATE-0] [INFO]   ✓ Found: 7_freetoken_benchmark.json
[2026-09-01 02:07:19] [GATE-0] [INFO] CHECK 2: Verifying git state...
[2026-09-01 02:07:19] [GATE-0] [INFO]   ✓ Valid git repository
[2026-09-01 02:07:20] [GATE-0] [WARN]   ⚠ Uncommitted changes detected (non-blocking)
[2026-09-01 02:07:20] [GATE-0] [WARN]   ⚠ Last commit not signed (warning only)
[2026-09-01 02:07:20] [GATE-0] [INFO] CHECK 3: Verifying AP2 ledger structure...
[2026-09-01 02:07:20] [GATE-0] [INFO]   ✓ AP2 ledger directory exists
[2026-09-01 02:07:20] [GATE-0] [INFO]   ✓ Found        6 ledger entries
[2026-09-01 02:07:20] [GATE-0] [INFO] CHECK 4: Verifying work receipts directory...
[2026-09-01 02:07:20] [GATE-0] [INFO]   ✓ Work receipts directory exists
[2026-09-01 02:07:20] [GATE-0] [INFO]   ✓ Found       62 work receipt files
[2026-09-01 02:07:20] [GATE-0] [INFO] CHECK 5: Verifying Python dependencies...
[2026-09-01 02:07:20] [GATE-0] [INFO]   ✓ Python module available: json
[2026-09-01 02:07:20] [GATE-0] [INFO]   ✓ Python module available: hashlib
[2026-09-01 02:07:20] [GATE-0] [INFO]   ✓ Python module available: dataclasses
[2026-09-01 02:07:20] [GATE-0] [INFO]   ✓ Python module available: pathlib
[2026-09-01 02:07:20] [GATE-0] [INFO] CHECK 6: Verifying gate dependencies...
[2026-09-01 02:07:20] [GATE-0] [INFO]   ✓ Gate 1-3 validator script ready
[2026-09-01 02:07:20] [GATE-0] [INFO]   ✓ Gate 4-5 validator script ready
[2026-09-01 02:07:20] [GATE-0] [INFO]   ✓ agentacct capture module available
[2026-09-01 02:07:20] [GATE-0] [INFO]   ✓ unlazy gates module available
[2026-09-01 02:07:20] [GATE-0] [INFO] =========================================
[2026-09-01 02:07:20] [GATE-0] [INFO] Gate 0 Summary:
[2026-09-01 02:07:20] [GATE-0] [INFO]   Proof Artifacts: 4/7
[2026-09-01 02:07:20] [GATE-0] [INFO]   Git State:       1/3
[2026-09-01 02:07:20] [GATE-0] [INFO]   AP2 Ledger:      2/2
[2026-09-01 02:07:20] [GATE-0] [INFO]   Work Receipts:   2/2
[2026-09-01 02:07:20] [GATE-0] [INFO]   Python Modules:  4/4
[2026-09-01 02:07:20] [GATE-0] [INFO]   Dependencies:    4/4
[2026-09-01 02:07:20] [GATE-0] [INFO] =========================================
[2026-09-01 02:07:20] [GATE-0] [INFO] TOTAL: 17/22 checks passed
[2026-09-01 02:07:20] [GATE-0] [INFO] Gate 0 PASSED: Pre-flight verification complete
[2026-09-01 02:07:20] [GATE-0] [WARN]   ⚠ Uncommitted changes detected (non-blocking)
[2026-09-01 02:07:20] [GATE-0] [WARN]   ⚠ Last commit not signed (warning only)
[2026-09-01 02:07:20] [GATE-0] [INFO] CHECK 3: Verifying AP2 ledger structure...
[2026-09-01 02:07:20] [GATE-0] [INFO]   ✓ AP2 ledger directory exists
[2026-09-01 02:07:20] [GATE-0] [INFO]   ✓ Found        6 ledger entries
[2026-09-01 02:07:20] [GATE-0] [INFO] CHECK 4: Verifying work receipts directory...
[2026-09-01 02:07:20] [GATE-0] [INFO]   ✓ Work receipts directory exists
[2026-09-01 02:07:20] [GATE-0] [INFO]   ✓ Found       62 work receipt files
[2026-09-01 02:07:20] [GATE-0] [INFO] CHECK 5: Verifying Python dependencies...
[2026-09-01 02:07:20] [GATE-0] [INFO]   ✓ Python module available: json
[2026-09-01 02:07:20] [GATE-0] [INFO]   ✓ Python module available: hashlib
[2026-09-01 02:07:20] [GATE-0] [INFO]   ✓ Python module available: dataclasses
[2026-09-01 02:07:20] [GATE-0] [INFO]   ✓ Python module available: pathlib
[2026-09-01 02:07:20] [GATE-0] [INFO] CHECK 6: Verifying gate dependencies...
[2026-09-01 02:07:20] [GATE-0] [INFO]   ✓ Gate 1-3 validator script ready
[2026-09-01 02:07:20] [GATE-0] [INFO]   ✓ Gate 4-5 validator script ready
[2026-09-01 02:07:20] [GATE-0] [INFO]   ✓ agentacct capture module available
[2026-09-01 02:07:20] [GATE-0] [INFO]   ✓ unlazy gates module available
[2026-09-01 02:07:20] [GATE-0] [INFO] =========================================
[2026-09-01 02:07:20] [GATE-0] [INFO] Gate 0 Summary:
[2026-09-01 02:07:20] [GATE-0] [INFO]   Proof Artifacts: 4/7
[2026-09-01 02:07:20] [GATE-0] [INFO]   Git State:       1/3
[2026-09-01 02:07:20] [GATE-0] [INFO]   AP2 Ledger:      2/2
[2026-09-01 02:07:20] [GATE-0] [INFO]   Work Receipts:   2/2
[2026-09-01 02:07:20] [GATE-0] [INFO]   Python Modules:  4/4
[2026-09-01 02:07:20] [GATE-0] [INFO]   Dependencies:    4/4
[2026-09-01 02:07:20] [GATE-0] [INFO] =========================================
[2026-09-01 02:07:20] [GATE-0] [INFO] TOTAL: 17/22 checks passed
[2026-09-01 02:07:20] [GATE-0] [INFO] Gate 0 PASSED: Pre-flight verification complete
[2026-09-01 02:07:21] [GATE-0] [WARN]   ⚠ Uncommitted changes detected (non-blocking)
[2026-09-01 02:07:21] [GATE-0] [WARN]   ⚠ Last commit not signed (warning only)
[2026-09-01 02:07:21] [GATE-0] [INFO] CHECK 3: Verifying AP2 ledger structure...
[2026-09-01 02:07:21] [GATE-0] [INFO]   ✓ AP2 ledger directory exists
[2026-09-01 02:07:21] [GATE-0] [INFO]   ✓ Found        6 ledger entries
[2026-09-01 02:07:21] [GATE-0] [INFO] CHECK 4: Verifying work receipts directory...
[2026-09-01 02:07:21] [GATE-0] [INFO]   ✓ Work receipts directory exists
[2026-09-01 02:07:21] [GATE-0] [INFO]   ✓ Found       63 work receipt files
[2026-09-01 02:07:21] [GATE-0] [INFO] CHECK 5: Verifying Python dependencies...
[2026-09-01 02:07:21] [GATE-0] [INFO]   ✓ Python module available: json
[2026-09-01 02:07:21] [GATE-0] [INFO]   ✓ Python module available: hashlib
[2026-09-01 02:07:21] [GATE-0] [INFO]   ✓ Python module available: dataclasses
[2026-09-01 02:07:21] [GATE-0] [INFO]   ✓ Python module available: pathlib
[2026-09-01 02:07:21] [GATE-0] [INFO] CHECK 6: Verifying gate dependencies...
[2026-09-01 02:07:21] [GATE-0] [INFO]   ✓ Gate 1-3 validator script ready
[2026-09-01 02:07:21] [GATE-0] [INFO]   ✓ Gate 4-5 validator script ready
[2026-09-01 02:07:21] [GATE-0] [INFO]   ✓ agentacct capture module available
[2026-09-01 02:07:21] [GATE-0] [INFO]   ✓ unlazy gates module available
[2026-09-01 02:07:21] [GATE-0] [INFO] =========================================
[2026-09-01 02:07:21] [GATE-0] [INFO] Gate 0 Summary:
[2026-09-01 02:07:21] [GATE-0] [INFO]   Proof Artifacts: 4/7
[2026-09-01 02:07:21] [GATE-0] [INFO]   Git State:       1/3
[2026-09-01 02:07:21] [GATE-0] [INFO]   AP2 Ledger:      2/2
[2026-09-01 02:07:21] [GATE-0] [INFO]   Work Receipts:   2/2
[2026-09-01 02:07:21] [GATE-0] [INFO]   Python Modules:  4/4
[2026-09-01 02:07:21] [GATE-0] [INFO]   Dependencies:    4/4
[2026-09-01 02:07:21] [GATE-0] [INFO] =========================================
[2026-09-01 02:07:21] [GATE-0] [INFO] TOTAL: 17/22 checks passed
[2026-09-01 02:07:21] [GATE-0] [INFO] Gate 0 PASSED: Pre-flight verification complete
[2026-09-01 02:07:26] [GATE-0] [INFO] === Gate 0 Pre-Flight Verification ===
[2026-09-01 02:07:26] [GATE-0] [INFO] CHECK 1: Verifying proof artifacts...
[2026-09-01 02:07:26] [GATE-0] [INFO]   ✓ Found: 1_agentacct_config.json
[2026-09-01 02:07:26] [GATE-0] [WARN]   ✗ Missing: 2_unlazy_gates.md (will be generated during execution)
[2026-09-01 02:07:26] [GATE-0] [WARN]   ✗ Missing: 3_is_agentic.json (will be generated during execution)
[2026-09-01 02:07:26] [GATE-0] [WARN]   ✗ Missing: 4_canirun_grades.json (will be generated during execution)
[2026-09-01 02:07:26] [GATE-0] [INFO]   ✓ Found: 5_ap2_ledger_pqc.md
[2026-09-01 02:07:26] [GATE-0] [INFO]   ✓ Found: 6_ragas_golden_set.json
[2026-09-01 02:07:26] [GATE-0] [INFO]   ✓ Found: 7_freetoken_benchmark.json
[2026-09-01 02:07:26] [GATE-0] [INFO] CHECK 2: Verifying git state...
[2026-09-01 02:07:26] [GATE-0] [INFO]   ✓ Valid git repository
[2026-09-01 02:07:27] [GATE-0] [WARN]   ⚠ Uncommitted changes detected (non-blocking)
[2026-09-01 02:07:27] [GATE-0] [WARN]   ⚠ Last commit not signed (warning only)
[2026-09-01 02:07:27] [GATE-0] [INFO] CHECK 3: Verifying AP2 ledger structure...
[2026-09-01 02:07:27] [GATE-0] [INFO]   ✓ AP2 ledger directory exists
[2026-09-01 02:07:27] [GATE-0] [INFO]   ✓ Found        6 ledger entries
[2026-09-01 02:07:27] [GATE-0] [INFO] CHECK 4: Verifying work receipts directory...
[2026-09-01 02:07:27] [GATE-0] [INFO]   ✓ Work receipts directory exists
[2026-09-01 02:07:27] [GATE-0] [INFO]   ✓ Found       65 work receipt files
[2026-09-01 02:07:27] [GATE-0] [INFO] CHECK 5: Verifying Python dependencies...
[2026-09-01 02:07:27] [GATE-0] [INFO]   ✓ Python module available: json
[2026-09-01 02:07:27] [GATE-0] [INFO]   ✓ Python module available: hashlib
[2026-09-01 02:07:27] [GATE-0] [INFO]   ✓ Python module available: dataclasses
[2026-09-01 02:07:27] [GATE-0] [INFO]   ✓ Python module available: pathlib
[2026-09-01 02:07:27] [GATE-0] [INFO] CHECK 6: Verifying gate dependencies...
[2026-09-01 02:07:27] [GATE-0] [INFO]   ✓ Gate 1-3 validator script ready
[2026-09-01 02:07:27] [GATE-0] [INFO]   ✓ Gate 4-5 validator script ready
[2026-09-01 02:07:27] [GATE-0] [INFO]   ✓ agentacct capture module available
[2026-09-01 02:07:27] [GATE-0] [INFO]   ✓ unlazy gates module available
[2026-09-01 02:07:27] [GATE-0] [INFO] =========================================
[2026-09-01 02:07:27] [GATE-0] [INFO] Gate 0 Summary:
[2026-09-01 02:07:27] [GATE-0] [INFO]   Proof Artifacts: 4/7
[2026-09-01 02:07:27] [GATE-0] [INFO]   Git State:       1/3
[2026-09-01 02:07:27] [GATE-0] [INFO]   AP2 Ledger:      2/2
[2026-09-01 02:07:27] [GATE-0] [INFO]   Work Receipts:   2/2
[2026-09-01 02:07:27] [GATE-0] [INFO]   Python Modules:  4/4
[2026-09-01 02:07:27] [GATE-0] [INFO]   Dependencies:    4/4
[2026-09-01 02:07:27] [GATE-0] [INFO] =========================================
[2026-09-01 02:07:27] [GATE-0] [INFO] TOTAL: 17/22 checks passed
[2026-09-01 02:07:27] [GATE-0] [INFO] Gate 0 PASSED: Pre-flight verification complete
[2026-09-01 02:07:31] [GATE-0] [INFO] === Gate 0 Pre-Flight Verification ===
[2026-09-01 02:07:31] [GATE-0] [INFO] CHECK 1: Verifying proof artifacts...
[2026-09-01 02:07:31] [GATE-0] [INFO]   ✓ Found: 1_agentacct_config.json
[2026-09-01 02:07:31] [GATE-0] [WARN]   ✗ Missing: 2_unlazy_gates.md (will be generated during execution)
[2026-09-01 02:07:31] [GATE-0] [WARN]   ✗ Missing: 3_is_agentic.json (will be generated during execution)
[2026-09-01 02:07:31] [GATE-0] [WARN]   ✗ Missing: 4_canirun_grades.json (will be generated during execution)
[2026-09-01 02:07:31] [GATE-0] [INFO]   ✓ Found: 5_ap2_ledger_pqc.md
[2026-09-01 02:07:31] [GATE-0] [INFO]   ✓ Found: 6_ragas_golden_set.json
[2026-09-01 02:07:31] [GATE-0] [INFO]   ✓ Found: 7_freetoken_benchmark.json
[2026-09-01 02:07:31] [GATE-0] [INFO] CHECK 2: Verifying git state...
[2026-09-01 02:07:31] [GATE-0] [INFO]   ✓ Valid git repository
[2026-09-01 02:07:33] [GATE-0] [WARN]   ⚠ Uncommitted changes detected (non-blocking)
[2026-09-01 02:07:33] [GATE-0] [WARN]   ⚠ Last commit not signed (warning only)
[2026-09-01 02:07:33] [GATE-0] [INFO] CHECK 3: Verifying AP2 ledger structure...
[2026-09-01 02:07:33] [GATE-0] [INFO]   ✓ AP2 ledger directory exists
[2026-09-01 02:07:33] [GATE-0] [INFO]   ✓ Found        6 ledger entries
[2026-09-01 02:07:33] [GATE-0] [INFO] CHECK 4: Verifying work receipts directory...
[2026-09-01 02:07:33] [GATE-0] [INFO]   ✓ Work receipts directory exists
[2026-09-01 02:07:33] [GATE-0] [INFO]   ✓ Found       66 work receipt files
[2026-09-01 02:07:33] [GATE-0] [INFO] CHECK 5: Verifying Python dependencies...
[2026-09-01 02:07:33] [GATE-0] [INFO]   ✓ Python module available: json
[2026-09-01 02:07:33] [GATE-0] [INFO]   ✓ Python module available: hashlib
[2026-09-01 02:07:33] [GATE-0] [INFO]   ✓ Python module available: dataclasses
[2026-09-01 02:07:33] [GATE-0] [INFO]   ✓ Python module available: pathlib
[2026-09-01 02:07:33] [GATE-0] [INFO] CHECK 6: Verifying gate dependencies...
[2026-09-01 02:07:33] [GATE-0] [INFO]   ✓ Gate 1-3 validator script ready
[2026-09-01 02:07:33] [GATE-0] [INFO]   ✓ Gate 4-5 validator script ready
[2026-09-01 02:07:33] [GATE-0] [INFO]   ✓ agentacct capture module available
[2026-09-01 02:07:33] [GATE-0] [INFO]   ✓ unlazy gates module available
[2026-09-01 02:07:33] [GATE-0] [INFO] =========================================
[2026-09-01 02:07:33] [GATE-0] [INFO] Gate 0 Summary:
[2026-09-01 02:07:33] [GATE-0] [INFO]   Proof Artifacts: 4/7
[2026-09-01 02:07:33] [GATE-0] [INFO]   Git State:       1/3
[2026-09-01 02:07:33] [GATE-0] [INFO]   AP2 Ledger:      2/2
[2026-09-01 02:07:33] [GATE-0] [INFO]   Work Receipts:   2/2
[2026-09-01 02:07:33] [GATE-0] [INFO]   Python Modules:  4/4
[2026-09-01 02:07:33] [GATE-0] [INFO]   Dependencies:    4/4
[2026-09-01 02:07:33] [GATE-0] [INFO] =========================================
[2026-09-01 02:07:33] [GATE-0] [INFO] TOTAL: 17/22 checks passed
[2026-09-01 02:07:33] [GATE-0] [INFO] Gate 0 PASSED: Pre-flight verification complete
[2026-09-01 02:07:35] [GATE-0] [INFO] === Gate 0 Pre-Flight Verification ===
[2026-09-01 02:07:35] [GATE-0] [INFO] CHECK 1: Verifying proof artifacts...
[2026-09-01 02:07:35] [GATE-0] [INFO]   ✓ Found: 1_agentacct_config.json
[2026-09-01 02:07:35] [GATE-0] [WARN]   ✗ Missing: 2_unlazy_gates.md (will be generated during execution)
[2026-09-01 02:07:35] [GATE-0] [WARN]   ✗ Missing: 3_is_agentic.json (will be generated during execution)
[2026-09-01 02:07:35] [GATE-0] [WARN]   ✗ Missing: 4_canirun_grades.json (will be generated during execution)
[2026-09-01 02:07:35] [GATE-0] [INFO]   ✓ Found: 5_ap2_ledger_pqc.md
[2026-09-01 02:07:35] [GATE-0] [INFO]   ✓ Found: 6_ragas_golden_set.json
[2026-09-01 02:07:35] [GATE-0] [INFO]   ✓ Found: 7_freetoken_benchmark.json
[2026-09-01 02:07:35] [GATE-0] [INFO] CHECK 2: Verifying git state...
[2026-09-01 02:07:35] [GATE-0] [INFO]   ✓ Valid git repository
[2026-09-01 02:07:36] [GATE-0] [WARN]   ⚠ Uncommitted changes detected (non-blocking)
[2026-09-01 02:07:36] [GATE-0] [WARN]   ⚠ Last commit not signed (warning only)
[2026-09-01 02:07:36] [GATE-0] [INFO] CHECK 3: Verifying AP2 ledger structure...
[2026-09-01 02:07:36] [GATE-0] [INFO]   ✓ AP2 ledger directory exists
[2026-09-01 02:07:36] [GATE-0] [INFO]   ✓ Found        6 ledger entries
[2026-09-01 02:07:36] [GATE-0] [INFO] CHECK 4: Verifying work receipts directory...
[2026-09-01 02:07:36] [GATE-0] [INFO]   ✓ Work receipts directory exists
[2026-09-01 02:07:36] [GATE-0] [INFO]   ✓ Found       66 work receipt files
[2026-09-01 02:07:36] [GATE-0] [INFO] CHECK 5: Verifying Python dependencies...
[2026-09-01 02:07:36] [GATE-0] [INFO]   ✓ Python module available: json
[2026-09-01 02:07:36] [GATE-0] [INFO]   ✓ Python module available: hashlib
[2026-09-01 02:07:36] [GATE-0] [INFO]   ✓ Python module available: dataclasses
[2026-09-01 02:07:36] [GATE-0] [INFO]   ✓ Python module available: pathlib
[2026-09-01 02:07:36] [GATE-0] [INFO] CHECK 6: Verifying gate dependencies...
[2026-09-01 02:07:36] [GATE-0] [INFO]   ✓ Gate 1-3 validator script ready
[2026-09-01 02:07:36] [GATE-0] [INFO]   ✓ Gate 4-5 validator script ready
[2026-09-01 02:07:36] [GATE-0] [INFO]   ✓ agentacct capture module available
[2026-09-01 02:07:36] [GATE-0] [INFO]   ✓ unlazy gates module available
[2026-09-01 02:07:36] [GATE-0] [INFO] =========================================
[2026-09-01 02:07:36] [GATE-0] [INFO] Gate 0 Summary:
[2026-09-01 02:07:36] [GATE-0] [INFO]   Proof Artifacts: 4/7
[2026-09-01 02:07:36] [GATE-0] [INFO]   Git State:       1/3
[2026-09-01 02:07:36] [GATE-0] [INFO]   AP2 Ledger:      2/2
[2026-09-01 02:07:36] [GATE-0] [INFO]   Work Receipts:   2/2
[2026-09-01 02:07:36] [GATE-0] [INFO]   Python Modules:  4/4
[2026-09-01 02:07:36] [GATE-0] [INFO]   Dependencies:    4/4
[2026-09-01 02:07:36] [GATE-0] [INFO] =========================================
[2026-09-01 02:07:36] [GATE-0] [INFO] TOTAL: 17/22 checks passed
[2026-09-01 02:07:36] [GATE-0] [INFO] Gate 0 PASSED: Pre-flight verification complete
[2026-09-01 02:07:38] [GATE-0] [INFO] === Gate 0 Pre-Flight Verification ===
[2026-09-01 02:07:38] [GATE-0] [INFO] CHECK 1: Verifying proof artifacts...
[2026-09-01 02:07:38] [GATE-0] [INFO]   ✓ Found: 1_agentacct_config.json
[2026-09-01 02:07:38] [GATE-0] [WARN]   ✗ Missing: 2_unlazy_gates.md (will be generated during execution)
[2026-09-01 02:07:38] [GATE-0] [WARN]   ✗ Missing: 3_is_agentic.json (will be generated during execution)
[2026-09-01 02:07:38] [GATE-0] [WARN]   ✗ Missing: 4_canirun_grades.json (will be generated during execution)
[2026-09-01 02:07:38] [GATE-0] [INFO]   ✓ Found: 5_ap2_ledger_pqc.md
[2026-09-01 02:07:38] [GATE-0] [INFO]   ✓ Found: 6_ragas_golden_set.json
[2026-09-01 02:07:38] [GATE-0] [INFO]   ✓ Found: 7_freetoken_benchmark.json
[2026-09-01 02:07:38] [GATE-0] [INFO] CHECK 2: Verifying git state...
[2026-09-01 02:07:38] [GATE-0] [INFO]   ✓ Valid git repository
[2026-09-01 02:07:40] [GATE-0] [WARN]   ⚠ Uncommitted changes detected (non-blocking)
[2026-09-01 02:07:40] [GATE-0] [WARN]   ⚠ Last commit not signed (warning only)
[2026-09-01 02:07:40] [GATE-0] [INFO] CHECK 3: Verifying AP2 ledger structure...
[2026-09-01 02:07:40] [GATE-0] [INFO]   ✓ AP2 ledger directory exists
[2026-09-01 02:07:40] [GATE-0] [INFO]   ✓ Found        6 ledger entries
[2026-09-01 02:07:40] [GATE-0] [INFO] CHECK 4: Verifying work receipts directory...
[2026-09-01 02:07:40] [GATE-0] [INFO]   ✓ Work receipts directory exists
[2026-09-01 02:07:40] [GATE-0] [INFO]   ✓ Found       67 work receipt files
[2026-09-01 02:07:40] [GATE-0] [INFO] CHECK 5: Verifying Python dependencies...
[2026-09-01 02:07:40] [GATE-0] [INFO]   ✓ Python module available: json
[2026-09-01 02:07:40] [GATE-0] [INFO]   ✓ Python module available: hashlib
[2026-09-01 02:07:40] [GATE-0] [INFO]   ✓ Python module available: dataclasses
[2026-09-01 02:07:40] [GATE-0] [INFO]   ✓ Python module available: pathlib
[2026-09-01 02:07:40] [GATE-0] [INFO] CHECK 6: Verifying gate dependencies...
[2026-09-01 02:07:40] [GATE-0] [INFO]   ✓ Gate 1-3 validator script ready
[2026-09-01 02:07:40] [GATE-0] [INFO]   ✓ Gate 4-5 validator script ready
[2026-09-01 02:07:40] [GATE-0] [INFO]   ✓ agentacct capture module available
[2026-09-01 02:07:40] [GATE-0] [INFO]   ✓ unlazy gates module available
[2026-09-01 02:07:40] [GATE-0] [INFO] =========================================
[2026-09-01 02:07:40] [GATE-0] [INFO] Gate 0 Summary:
[2026-09-01 02:07:40] [GATE-0] [INFO]   Proof Artifacts: 4/7
[2026-09-01 02:07:40] [GATE-0] [INFO]   Git State:       1/3
[2026-09-01 02:07:40] [GATE-0] [INFO]   AP2 Ledger:      2/2
[2026-09-01 02:07:40] [GATE-0] [INFO]   Work Receipts:   2/2
[2026-09-01 02:07:40] [GATE-0] [INFO]   Python Modules:  4/4
[2026-09-01 02:07:40] [GATE-0] [INFO]   Dependencies:    4/4
[2026-09-01 02:07:40] [GATE-0] [INFO] =========================================
[2026-09-01 02:07:40] [GATE-0] [INFO] TOTAL: 17/22 checks passed
[2026-09-01 02:07:40] [GATE-0] [INFO] Gate 0 PASSED: Pre-flight verification complete
[2026-09-01 02:07:43] [GATE-0] [INFO] === Gate 0 Pre-Flight Verification ===
[2026-09-01 02:07:43] [GATE-0] [INFO] CHECK 1: Verifying proof artifacts...
[2026-09-01 02:07:43] [GATE-0] [INFO]   ✓ Found: 1_agentacct_config.json
[2026-09-01 02:07:43] [GATE-0] [WARN]   ✗ Missing: 2_unlazy_gates.md (will be generated during execution)
[2026-09-01 02:07:43] [GATE-0] [WARN]   ✗ Missing: 3_is_agentic.json (will be generated during execution)
[2026-09-01 02:07:43] [GATE-0] [WARN]   ✗ Missing: 4_canirun_grades.json (will be generated during execution)
[2026-09-01 02:07:43] [GATE-0] [INFO]   ✓ Found: 5_ap2_ledger_pqc.md
[2026-09-01 02:07:43] [GATE-0] [INFO]   ✓ Found: 6_ragas_golden_set.json
[2026-09-01 02:07:43] [GATE-0] [INFO]   ✓ Found: 7_freetoken_benchmark.json
[2026-09-01 02:07:43] [GATE-0] [INFO] CHECK 2: Verifying git state...
[2026-09-01 02:07:43] [GATE-0] [INFO]   ✓ Valid git repository
[2026-09-01 02:07:45] [GATE-0] [WARN]   ⚠ Uncommitted changes detected (non-blocking)
[2026-09-01 02:07:45] [GATE-0] [WARN]   ⚠ Last commit not signed (warning only)
[2026-09-01 02:07:45] [GATE-0] [INFO] CHECK 3: Verifying AP2 ledger structure...
[2026-09-01 02:07:45] [GATE-0] [INFO]   ✓ AP2 ledger directory exists
[2026-09-01 02:07:45] [GATE-0] [INFO]   ✓ Found        6 ledger entries
[2026-09-01 02:07:45] [GATE-0] [INFO] CHECK 4: Verifying work receipts directory...
[2026-09-01 02:07:45] [GATE-0] [INFO]   ✓ Work receipts directory exists
[2026-09-01 02:07:45] [GATE-0] [INFO]   ✓ Found       67 work receipt files
[2026-09-01 02:07:45] [GATE-0] [INFO] CHECK 5: Verifying Python dependencies...
[2026-09-01 02:07:45] [GATE-0] [INFO]   ✓ Python module available: json
[2026-09-01 02:07:45] [GATE-0] [INFO]   ✓ Python module available: hashlib
[2026-09-01 02:07:45] [GATE-0] [INFO]   ✓ Python module available: dataclasses
[2026-09-01 02:07:45] [GATE-0] [INFO]   ✓ Python module available: pathlib
[2026-09-01 02:07:45] [GATE-0] [INFO] CHECK 6: Verifying gate dependencies...
[2026-09-01 02:07:45] [GATE-0] [INFO]   ✓ Gate 1-3 validator script ready
[2026-09-01 02:07:45] [GATE-0] [INFO]   ✓ Gate 4-5 validator script ready
[2026-09-01 02:07:45] [GATE-0] [INFO]   ✓ agentacct capture module available
[2026-09-01 02:07:45] [GATE-0] [INFO]   ✓ unlazy gates module available
[2026-09-01 02:07:45] [GATE-0] [INFO] =========================================
[2026-09-01 02:07:45] [GATE-0] [INFO] Gate 0 Summary:
[2026-09-01 02:07:45] [GATE-0] [INFO]   Proof Artifacts: 4/7
[2026-09-01 02:07:45] [GATE-0] [INFO]   Git State:       1/3
[2026-09-01 02:07:45] [GATE-0] [INFO]   AP2 Ledger:      2/2
[2026-09-01 02:07:45] [GATE-0] [INFO]   Work Receipts:   2/2
[2026-09-01 02:07:45] [GATE-0] [INFO]   Python Modules:  4/4
[2026-09-01 02:07:45] [GATE-0] [INFO]   Dependencies:    4/4
[2026-09-01 02:07:45] [GATE-0] [INFO] =========================================
[2026-09-01 02:07:45] [GATE-0] [INFO] TOTAL: 17/22 checks passed
[2026-09-01 02:07:45] [GATE-0] [INFO] Gate 0 PASSED: Pre-flight verification complete
[2026-09-01 02:07:47] [GATE-0] [INFO] === Gate 0 Pre-Flight Verification ===
[2026-09-01 02:07:47] [GATE-0] [INFO] CHECK 1: Verifying proof artifacts...
[2026-09-01 02:07:47] [GATE-0] [INFO]   ✓ Found: 1_agentacct_config.json
[2026-09-01 02:07:47] [GATE-0] [WARN]   ✗ Missing: 2_unlazy_gates.md (will be generated during execution)
[2026-09-01 02:07:47] [GATE-0] [WARN]   ✗ Missing: 3_is_agentic.json (will be generated during execution)
[2026-09-01 02:07:47] [GATE-0] [WARN]   ✗ Missing: 4_canirun_grades.json (will be generated during execution)
[2026-09-01 02:07:47] [GATE-0] [INFO]   ✓ Found: 5_ap2_ledger_pqc.md
[2026-09-01 02:07:47] [GATE-0] [INFO]   ✓ Found: 6_ragas_golden_set.json
[2026-09-01 02:07:47] [GATE-0] [INFO]   ✓ Found: 7_freetoken_benchmark.json
[2026-09-01 02:07:47] [GATE-0] [INFO] CHECK 2: Verifying git state...
[2026-09-01 02:07:47] [GATE-0] [INFO]   ✓ Valid git repository
[2026-09-01 02:07:48] [GATE-0] [WARN]   ⚠ Uncommitted changes detected (non-blocking)
[2026-09-01 02:07:48] [GATE-0] [WARN]   ⚠ Last commit not signed (warning only)
[2026-09-01 02:07:48] [GATE-0] [INFO] CHECK 3: Verifying AP2 ledger structure...
[2026-09-01 02:07:48] [GATE-0] [INFO]   ✓ AP2 ledger directory exists
[2026-09-01 02:07:48] [GATE-0] [INFO]   ✓ Found        6 ledger entries
[2026-09-01 02:07:48] [GATE-0] [INFO] CHECK 4: Verifying work receipts directory...
[2026-09-01 02:07:48] [GATE-0] [INFO]   ✓ Work receipts directory exists
[2026-09-01 02:07:48] [GATE-0] [INFO]   ✓ Found       68 work receipt files
[2026-09-01 02:07:48] [GATE-0] [INFO] CHECK 5: Verifying Python dependencies...
[2026-09-01 02:07:48] [GATE-0] [INFO]   ✓ Python module available: json
[2026-09-01 02:07:48] [GATE-0] [INFO]   ✓ Python module available: hashlib
[2026-09-01 02:07:49] [GATE-0] [INFO]   ✓ Python module available: dataclasses
[2026-09-01 02:07:49] [GATE-0] [INFO]   ✓ Python module available: pathlib
[2026-09-01 02:07:49] [GATE-0] [INFO] CHECK 6: Verifying gate dependencies...
[2026-09-01 02:07:49] [GATE-0] [INFO]   ✓ Gate 1-3 validator script ready
[2026-09-01 02:07:49] [GATE-0] [INFO]   ✓ Gate 4-5 validator script ready
[2026-09-01 02:07:49] [GATE-0] [INFO]   ✓ agentacct capture module available
[2026-09-01 02:07:49] [GATE-0] [INFO]   ✓ unlazy gates module available
[2026-09-01 02:07:49] [GATE-0] [INFO] =========================================
[2026-09-01 02:07:49] [GATE-0] [INFO] Gate 0 Summary:
[2026-09-01 02:07:49] [GATE-0] [INFO]   Proof Artifacts: 4/7
[2026-09-01 02:07:49] [GATE-0] [INFO]   Git State:       1/3
[2026-09-01 02:07:49] [GATE-0] [INFO]   AP2 Ledger:      2/2
[2026-09-01 02:07:49] [GATE-0] [INFO]   Work Receipts:   2/2
[2026-09-01 02:07:49] [GATE-0] [INFO]   Python Modules:  4/4
[2026-09-01 02:07:49] [GATE-0] [INFO]   Dependencies:    4/4
[2026-09-01 02:07:49] [GATE-0] [INFO] =========================================
[2026-09-01 02:07:49] [GATE-0] [INFO] TOTAL: 17/22 checks passed
[2026-09-01 02:07:49] [GATE-0] [INFO] Gate 0 PASSED: Pre-flight verification complete
[2026-09-01 02:07:55] [GATE-0] [INFO] === Gate 0 Pre-Flight Verification ===
[2026-09-01 02:07:55] [GATE-0] [INFO] CHECK 1: Verifying proof artifacts...
[2026-09-01 02:07:55] [GATE-0] [INFO]   ✓ Found: 1_agentacct_config.json
[2026-09-01 02:07:55] [GATE-0] [WARN]   ✗ Missing: 2_unlazy_gates.md (will be generated during execution)
[2026-09-01 02:07:55] [GATE-0] [WARN]   ✗ Missing: 3_is_agentic.json (will be generated during execution)
[2026-09-01 02:07:55] [GATE-0] [WARN]   ✗ Missing: 4_canirun_grades.json (will be generated during execution)
[2026-09-01 02:07:55] [GATE-0] [INFO]   ✓ Found: 5_ap2_ledger_pqc.md
[2026-09-01 02:07:55] [GATE-0] [INFO]   ✓ Found: 6_ragas_golden_set.json
[2026-09-01 02:07:55] [GATE-0] [INFO]   ✓ Found: 7_freetoken_benchmark.json
[2026-09-01 02:07:55] [GATE-0] [INFO] CHECK 2: Verifying git state...
[2026-09-01 02:07:55] [GATE-0] [INFO]   ✓ Valid git repository
[2026-09-01 02:07:56] [GATE-0] [WARN]   ⚠ Uncommitted changes detected (non-blocking)
[2026-09-01 02:07:56] [GATE-0] [WARN]   ⚠ Last commit not signed (warning only)
[2026-09-01 02:07:56] [GATE-0] [INFO] CHECK 3: Verifying AP2 ledger structure...
[2026-09-01 02:07:56] [GATE-0] [INFO]   ✓ AP2 ledger directory exists
[2026-09-01 02:07:56] [GATE-0] [INFO]   ✓ Found        6 ledger entries
[2026-09-01 02:07:56] [GATE-0] [INFO] CHECK 4: Verifying work receipts directory...
[2026-09-01 02:07:56] [GATE-0] [INFO]   ✓ Work receipts directory exists
[2026-09-01 02:07:56] [GATE-0] [INFO]   ✓ Found       69 work receipt files
[2026-09-01 02:07:56] [GATE-0] [INFO] CHECK 5: Verifying Python dependencies...
[2026-09-01 02:07:56] [GATE-0] [INFO]   ✓ Python module available: json
[2026-09-01 02:07:56] [GATE-0] [INFO]   ✓ Python module available: hashlib
[2026-09-01 02:07:56] [GATE-0] [INFO]   ✓ Python module available: dataclasses
[2026-09-01 02:07:56] [GATE-0] [INFO]   ✓ Python module available: pathlib
[2026-09-01 02:07:56] [GATE-0] [INFO] CHECK 6: Verifying gate dependencies...
[2026-09-01 02:07:56] [GATE-0] [INFO]   ✓ Gate 1-3 validator script ready
[2026-09-01 02:07:56] [GATE-0] [INFO]   ✓ Gate 4-5 validator script ready
[2026-09-01 02:07:56] [GATE-0] [INFO]   ✓ agentacct capture module available
[2026-09-01 02:07:56] [GATE-0] [INFO]   ✓ unlazy gates module available
[2026-09-01 02:07:56] [GATE-0] [INFO] =========================================
[2026-09-01 02:07:56] [GATE-0] [INFO] Gate 0 Summary:
[2026-09-01 02:07:56] [GATE-0] [INFO]   Proof Artifacts: 4/7
[2026-09-01 02:07:56] [GATE-0] [INFO]   Git State:       1/3
[2026-09-01 02:07:56] [GATE-0] [INFO]   AP2 Ledger:      2/2
[2026-09-01 02:07:56] [GATE-0] [INFO]   Work Receipts:   2/2
[2026-09-01 02:07:56] [GATE-0] [INFO]   Python Modules:  4/4
[2026-09-01 02:07:56] [GATE-0] [INFO]   Dependencies:    4/4
[2026-09-01 02:07:56] [GATE-0] [INFO] =========================================
[2026-09-01 02:07:56] [GATE-0] [INFO] TOTAL: 17/22 checks passed
[2026-09-01 02:07:56] [GATE-0] [INFO] Gate 0 PASSED: Pre-flight verification complete
[2026-09-01 02:08:05] [GATE-0] [INFO] === Gate 0 Pre-Flight Verification ===
[2026-09-01 02:08:05] [GATE-0] [INFO] CHECK 1: Verifying proof artifacts...
[2026-09-01 02:08:05] [GATE-0] [INFO]   ✓ Found: 1_agentacct_config.json
[2026-09-01 02:08:05] [GATE-0] [WARN]   ✗ Missing: 2_unlazy_gates.md (will be generated during execution)
[2026-09-01 02:08:05] [GATE-0] [WARN]   ✗ Missing: 3_is_agentic.json (will be generated during execution)
[2026-09-01 02:08:05] [GATE-0] [WARN]   ✗ Missing: 4_canirun_grades.json (will be generated during execution)
[2026-09-01 02:08:05] [GATE-0] [INFO]   ✓ Found: 5_ap2_ledger_pqc.md
[2026-09-01 02:08:05] [GATE-0] [INFO]   ✓ Found: 6_ragas_golden_set.json
[2026-09-01 02:08:05] [GATE-0] [INFO]   ✓ Found: 7_freetoken_benchmark.json
[2026-09-01 02:08:05] [GATE-0] [INFO] CHECK 2: Verifying git state...
[2026-09-01 02:08:05] [GATE-0] [INFO]   ✓ Valid git repository
[2026-09-01 02:08:06] [GATE-0] [WARN]   ⚠ Uncommitted changes detected (non-blocking)
[2026-09-01 02:08:06] [GATE-0] [WARN]   ⚠ Last commit not signed (warning only)
[2026-09-01 02:08:06] [GATE-0] [INFO] CHECK 3: Verifying AP2 ledger structure...
[2026-09-01 02:08:06] [GATE-0] [INFO]   ✓ AP2 ledger directory exists
[2026-09-01 02:08:06] [GATE-0] [INFO]   ✓ Found        6 ledger entries
[2026-09-01 02:08:06] [GATE-0] [INFO] CHECK 4: Verifying work receipts directory...
[2026-09-01 02:08:06] [GATE-0] [INFO]   ✓ Work receipts directory exists
[2026-09-01 02:08:06] [GATE-0] [INFO]   ✓ Found       70 work receipt files
[2026-09-01 02:08:06] [GATE-0] [INFO] CHECK 5: Verifying Python dependencies...
[2026-09-01 02:08:06] [GATE-0] [INFO]   ✓ Python module available: json
[2026-09-01 02:08:06] [GATE-0] [INFO]   ✓ Python module available: hashlib
[2026-09-01 02:08:06] [GATE-0] [INFO]   ✓ Python module available: dataclasses
[2026-09-01 02:08:07] [GATE-0] [INFO]   ✓ Python module available: pathlib
[2026-09-01 02:08:07] [GATE-0] [INFO] CHECK 6: Verifying gate dependencies...
[2026-09-01 02:08:07] [GATE-0] [INFO]   ✓ Gate 1-3 validator script ready
[2026-09-01 02:08:07] [GATE-0] [INFO]   ✓ Gate 4-5 validator script ready
[2026-09-01 02:08:07] [GATE-0] [INFO]   ✓ agentacct capture module available
[2026-09-01 02:08:07] [GATE-0] [INFO]   ✓ unlazy gates module available
[2026-09-01 02:08:07] [GATE-0] [INFO] =========================================
[2026-09-01 02:08:07] [GATE-0] [INFO] Gate 0 Summary:
[2026-09-01 02:08:07] [GATE-0] [INFO]   Proof Artifacts: 4/7
[2026-09-01 02:08:07] [GATE-0] [INFO]   Git State:       1/3
[2026-09-01 02:08:07] [GATE-0] [INFO]   AP2 Ledger:      2/2
[2026-09-01 02:08:07] [GATE-0] [INFO]   Work Receipts:   2/2
[2026-09-01 02:08:07] [GATE-0] [INFO]   Python Modules:  4/4
[2026-09-01 02:08:07] [GATE-0] [INFO]   Dependencies:    4/4
[2026-09-01 02:08:07] [GATE-0] [INFO] =========================================
[2026-09-01 02:08:07] [GATE-0] [INFO] TOTAL: 17/22 checks passed
[2026-09-01 02:08:07] [GATE-0] [INFO] Gate 0 PASSED: Pre-flight verification complete
[2026-09-01 02:08:09] [GATE-0] [INFO] === Gate 0 Pre-Flight Verification ===
[2026-09-01 02:08:09] [GATE-0] [INFO] CHECK 1: Verifying proof artifacts...
[2026-09-01 02:08:09] [GATE-0] [INFO]   ✓ Found: 1_agentacct_config.json
[2026-09-01 02:08:09] [GATE-0] [WARN]   ✗ Missing: 2_unlazy_gates.md (will be generated during execution)
[2026-09-01 02:08:09] [GATE-0] [WARN]   ✗ Missing: 3_is_agentic.json (will be generated during execution)
[2026-09-01 02:08:09] [GATE-0] [WARN]   ✗ Missing: 4_canirun_grades.json (will be generated during execution)
[2026-09-01 02:08:09] [GATE-0] [INFO]   ✓ Found: 5_ap2_ledger_pqc.md
[2026-09-01 02:08:09] [GATE-0] [INFO]   ✓ Found: 6_ragas_golden_set.json
[2026-09-01 02:08:09] [GATE-0] [INFO]   ✓ Found: 7_freetoken_benchmark.json
[2026-09-01 02:08:09] [GATE-0] [INFO] CHECK 2: Verifying git state...
[2026-09-01 02:08:09] [GATE-0] [INFO]   ✓ Valid git repository
[2026-09-01 02:08:10] [GATE-0] [WARN]   ⚠ Uncommitted changes detected (non-blocking)
[2026-09-01 02:08:10] [GATE-0] [WARN]   ⚠ Last commit not signed (warning only)
[2026-09-01 02:08:10] [GATE-0] [INFO] CHECK 3: Verifying AP2 ledger structure...
[2026-09-01 02:08:10] [GATE-0] [INFO]   ✓ AP2 ledger directory exists
[2026-09-01 02:08:10] [GATE-0] [INFO]   ✓ Found        6 ledger entries
[2026-09-01 02:08:10] [GATE-0] [INFO] CHECK 4: Verifying work receipts directory...
[2026-09-01 02:08:10] [GATE-0] [INFO]   ✓ Work receipts directory exists
[2026-09-01 02:08:10] [GATE-0] [INFO]   ✓ Found       71 work receipt files
[2026-09-01 02:08:10] [GATE-0] [INFO] CHECK 5: Verifying Python dependencies...
[2026-09-01 02:08:10] [GATE-0] [INFO]   ✓ Python module available: json
[2026-09-01 02:08:11] [GATE-0] [INFO]   ✓ Python module available: hashlib
[2026-09-01 02:08:11] [GATE-0] [INFO]   ✓ Python module available: dataclasses
[2026-09-01 02:08:11] [GATE-0] [INFO]   ✓ Python module available: pathlib
[2026-09-01 02:08:11] [GATE-0] [INFO] CHECK 6: Verifying gate dependencies...
[2026-09-01 02:08:11] [GATE-0] [INFO]   ✓ Gate 1-3 validator script ready
[2026-09-01 02:08:11] [GATE-0] [INFO]   ✓ Gate 4-5 validator script ready
[2026-09-01 02:08:11] [GATE-0] [INFO]   ✓ agentacct capture module available
[2026-09-01 02:08:11] [GATE-0] [INFO]   ✓ unlazy gates module available
[2026-09-01 02:08:11] [GATE-0] [INFO] =========================================
[2026-09-01 02:08:11] [GATE-0] [INFO] Gate 0 Summary:
[2026-09-01 02:08:11] [GATE-0] [INFO]   Proof Artifacts: 4/7
[2026-09-01 02:08:11] [GATE-0] [INFO]   Git State:       1/3
[2026-09-01 02:08:11] [GATE-0] [INFO]   AP2 Ledger:      2/2
[2026-09-01 02:08:11] [GATE-0] [INFO]   Work Receipts:   2/2
[2026-09-01 02:08:11] [GATE-0] [INFO]   Python Modules:  4/4
[2026-09-01 02:08:11] [GATE-0] [INFO]   Dependencies:    4/4
[2026-09-01 02:08:11] [GATE-0] [INFO] =========================================
[2026-09-01 02:08:11] [GATE-0] [INFO] TOTAL: 17/22 checks passed
[2026-09-01 02:08:11] [GATE-0] [INFO] Gate 0 PASSED: Pre-flight verification complete
[2026-09-01 02:08:13] [GATE-0] [INFO] === Gate 0 Pre-Flight Verification ===
[2026-09-01 02:08:13] [GATE-0] [INFO] CHECK 1: Verifying proof artifacts...
[2026-09-01 02:08:13] [GATE-0] [INFO]   ✓ Found: 1_agentacct_config.json
[2026-09-01 02:08:13] [GATE-0] [WARN]   ✗ Missing: 2_unlazy_gates.md (will be generated during execution)
[2026-09-01 02:08:13] [GATE-0] [WARN]   ✗ Missing: 3_is_agentic.json (will be generated during execution)
[2026-09-01 02:08:13] [GATE-0] [WARN]   ✗ Missing: 4_canirun_grades.json (will be generated during execution)
[2026-09-01 02:08:13] [GATE-0] [INFO]   ✓ Found: 5_ap2_ledger_pqc.md
[2026-09-01 02:08:13] [GATE-0] [INFO]   ✓ Found: 6_ragas_golden_set.json
[2026-09-01 02:08:13] [GATE-0] [INFO]   ✓ Found: 7_freetoken_benchmark.json
[2026-09-01 02:08:13] [GATE-0] [INFO] CHECK 2: Verifying git state...
[2026-09-01 02:08:13] [GATE-0] [INFO]   ✓ Valid git repository
[2026-09-01 02:08:14] [GATE-0] [WARN]   ⚠ Uncommitted changes detected (non-blocking)
[2026-09-01 02:08:14] [GATE-0] [WARN]   ⚠ Last commit not signed (warning only)
[2026-09-01 02:08:14] [GATE-0] [INFO] CHECK 3: Verifying AP2 ledger structure...
[2026-09-01 02:08:14] [GATE-0] [INFO]   ✓ AP2 ledger directory exists
[2026-09-01 02:08:14] [GATE-0] [INFO]   ✓ Found        6 ledger entries
[2026-09-01 02:08:14] [GATE-0] [INFO] CHECK 4: Verifying work receipts directory...
[2026-09-01 02:08:14] [GATE-0] [INFO]   ✓ Work receipts directory exists
[2026-09-01 02:08:14] [GATE-0] [INFO]   ✓ Found       72 work receipt files
[2026-09-01 02:08:14] [GATE-0] [INFO] CHECK 5: Verifying Python dependencies...
[2026-09-01 02:08:14] [GATE-0] [INFO]   ✓ Python module available: json
[2026-09-01 02:08:14] [GATE-0] [INFO]   ✓ Python module available: hashlib
[2026-09-01 02:08:14] [GATE-0] [INFO]   ✓ Python module available: dataclasses
[2026-09-01 02:08:14] [GATE-0] [INFO]   ✓ Python module available: pathlib
[2026-09-01 02:08:14] [GATE-0] [INFO] CHECK 6: Verifying gate dependencies...
[2026-09-01 02:08:15] [GATE-0] [INFO]   ✓ Gate 1-3 validator script ready
[2026-09-01 02:08:15] [GATE-0] [INFO]   ✓ Gate 4-5 validator script ready
[2026-09-01 02:08:15] [GATE-0] [INFO]   ✓ agentacct capture module available
[2026-09-01 02:08:15] [GATE-0] [INFO]   ✓ unlazy gates module available
[2026-09-01 02:08:15] [GATE-0] [INFO] =========================================
[2026-09-01 02:08:15] [GATE-0] [INFO] Gate 0 Summary:
[2026-09-01 02:08:15] [GATE-0] [INFO]   Proof Artifacts: 4/7
[2026-09-01 02:08:15] [GATE-0] [INFO]   Git State:       1/3
[2026-09-01 02:08:15] [GATE-0] [INFO]   AP2 Ledger:      2/2
[2026-09-01 02:08:15] [GATE-0] [INFO]   Work Receipts:   2/2
[2026-09-01 02:08:15] [GATE-0] [INFO]   Python Modules:  4/4
[2026-09-01 02:08:15] [GATE-0] [INFO]   Dependencies:    4/4
[2026-09-01 02:08:15] [GATE-0] [INFO] =========================================
[2026-09-01 02:08:15] [GATE-0] [INFO] TOTAL: 17/22 checks passed
[2026-09-01 02:08:15] [GATE-0] [INFO] Gate 0 PASSED: Pre-flight verification complete
[2026-09-01 02:08:17] [GATE-0] [INFO] === Gate 0 Pre-Flight Verification ===
[2026-09-01 02:08:17] [GATE-0] [INFO] CHECK 1: Verifying proof artifacts...
[2026-09-01 02:08:17] [GATE-0] [INFO]   ✓ Found: 1_agentacct_config.json
[2026-09-01 02:08:17] [GATE-0] [WARN]   ✗ Missing: 2_unlazy_gates.md (will be generated during execution)
[2026-09-01 02:08:17] [GATE-0] [WARN]   ✗ Missing: 3_is_agentic.json (will be generated during execution)
[2026-09-01 02:08:17] [GATE-0] [WARN]   ✗ Missing: 4_canirun_grades.json (will be generated during execution)
[2026-09-01 02:08:17] [GATE-0] [INFO]   ✓ Found: 5_ap2_ledger_pqc.md
[2026-09-01 02:08:17] [GATE-0] [INFO]   ✓ Found: 6_ragas_golden_set.json
[2026-09-01 02:08:17] [GATE-0] [INFO]   ✓ Found: 7_freetoken_benchmark.json
[2026-09-01 02:08:17] [GATE-0] [INFO] CHECK 2: Verifying git state...
[2026-09-01 02:08:17] [GATE-0] [INFO]   ✓ Valid git repository
[2026-09-01 02:08:19] [GATE-0] [WARN]   ⚠ Uncommitted changes detected (non-blocking)
[2026-09-01 02:08:19] [GATE-0] [WARN]   ⚠ Last commit not signed (warning only)
[2026-09-01 02:08:19] [GATE-0] [INFO] CHECK 3: Verifying AP2 ledger structure...
[2026-09-01 02:08:19] [GATE-0] [INFO]   ✓ AP2 ledger directory exists
[2026-09-01 02:08:19] [GATE-0] [INFO]   ✓ Found        6 ledger entries
[2026-09-01 02:08:19] [GATE-0] [INFO] CHECK 4: Verifying work receipts directory...
[2026-09-01 02:08:19] [GATE-0] [INFO]   ✓ Work receipts directory exists
[2026-09-01 02:08:19] [GATE-0] [INFO]   ✓ Found       72 work receipt files
[2026-09-01 02:08:19] [GATE-0] [INFO] CHECK 5: Verifying Python dependencies...
[2026-09-01 02:08:19] [GATE-0] [INFO]   ✓ Python module available: json
[2026-09-01 02:08:19] [GATE-0] [INFO]   ✓ Python module available: hashlib
[2026-09-01 02:08:19] [GATE-0] [INFO]   ✓ Python module available: dataclasses
[2026-09-01 02:08:19] [GATE-0] [INFO]   ✓ Python module available: pathlib
[2026-09-01 02:08:19] [GATE-0] [INFO] CHECK 6: Verifying gate dependencies...
[2026-09-01 02:08:19] [GATE-0] [INFO]   ✓ Gate 1-3 validator script ready
[2026-09-01 02:08:19] [GATE-0] [INFO]   ✓ Gate 4-5 validator script ready
[2026-09-01 02:08:19] [GATE-0] [INFO]   ✓ agentacct capture module available
[2026-09-01 02:08:19] [GATE-0] [INFO]   ✓ unlazy gates module available
[2026-09-01 02:08:19] [GATE-0] [INFO] =========================================
[2026-09-01 02:08:19] [GATE-0] [INFO] Gate 0 Summary:
[2026-09-01 02:08:19] [GATE-0] [INFO]   Proof Artifacts: 4/7
[2026-09-01 02:08:19] [GATE-0] [INFO]   Git State:       1/3
[2026-09-01 02:08:19] [GATE-0] [INFO]   AP2 Ledger:      2/2
[2026-09-01 02:08:19] [GATE-0] [INFO]   Work Receipts:   2/2
[2026-09-01 02:08:19] [GATE-0] [INFO]   Python Modules:  4/4
[2026-09-01 02:08:19] [GATE-0] [INFO]   Dependencies:    4/4
[2026-09-01 02:08:19] [GATE-0] [INFO] =========================================
[2026-09-01 02:08:19] [GATE-0] [INFO] TOTAL: 17/22 checks passed
[2026-09-01 02:08:19] [GATE-0] [INFO] Gate 0 PASSED: Pre-flight verification complete
[2026-09-01 02:08:21] [GATE-0] [INFO] === Gate 0 Pre-Flight Verification ===
[2026-09-01 02:08:21] [GATE-0] [INFO] CHECK 1: Verifying proof artifacts...
[2026-09-01 02:08:21] [GATE-0] [INFO]   ✓ Found: 1_agentacct_config.json
[2026-09-01 02:08:21] [GATE-0] [WARN]   ✗ Missing: 2_unlazy_gates.md (will be generated during execution)
[2026-09-01 02:08:21] [GATE-0] [WARN]   ✗ Missing: 3_is_agentic.json (will be generated during execution)
[2026-09-01 02:08:21] [GATE-0] [WARN]   ✗ Missing: 4_canirun_grades.json (will be generated during execution)
[2026-09-01 02:08:21] [GATE-0] [INFO]   ✓ Found: 5_ap2_ledger_pqc.md
[2026-09-01 02:08:21] [GATE-0] [INFO]   ✓ Found: 6_ragas_golden_set.json
[2026-09-01 02:08:21] [GATE-0] [INFO]   ✓ Found: 7_freetoken_benchmark.json
[2026-09-01 02:08:21] [GATE-0] [INFO] CHECK 2: Verifying git state...
[2026-09-01 02:08:21] [GATE-0] [INFO]   ✓ Valid git repository
[2026-09-01 02:08:23] [GATE-0] [WARN]   ⚠ Uncommitted changes detected (non-blocking)
[2026-09-01 02:08:23] [GATE-0] [WARN]   ⚠ Last commit not signed (warning only)
[2026-09-01 02:08:23] [GATE-0] [INFO] CHECK 3: Verifying AP2 ledger structure...
[2026-09-01 02:08:23] [GATE-0] [INFO]   ✓ AP2 ledger directory exists
[2026-09-01 02:08:23] [GATE-0] [INFO]   ✓ Found        6 ledger entries
[2026-09-01 02:08:23] [GATE-0] [INFO] CHECK 4: Verifying work receipts directory...
[2026-09-01 02:08:23] [GATE-0] [INFO]   ✓ Work receipts directory exists
[2026-09-01 02:08:23] [GATE-0] [INFO]   ✓ Found       72 work receipt files
[2026-09-01 02:08:23] [GATE-0] [INFO] CHECK 5: Verifying Python dependencies...
[2026-09-01 02:08:23] [GATE-0] [INFO]   ✓ Python module available: json
[2026-09-01 02:08:23] [GATE-0] [INFO]   ✓ Python module available: hashlib
[2026-09-01 02:08:23] [GATE-0] [INFO]   ✓ Python module available: dataclasses
[2026-09-01 02:08:23] [GATE-0] [INFO]   ✓ Python module available: pathlib
[2026-09-01 02:08:23] [GATE-0] [INFO] CHECK 6: Verifying gate dependencies...
[2026-09-01 02:08:23] [GATE-0] [INFO]   ✓ Gate 1-3 validator script ready
[2026-09-01 02:08:23] [GATE-0] [INFO]   ✓ Gate 4-5 validator script ready
[2026-09-01 02:08:23] [GATE-0] [INFO]   ✓ agentacct capture module available
[2026-09-01 02:08:23] [GATE-0] [INFO]   ✓ unlazy gates module available
[2026-09-01 02:08:23] [GATE-0] [INFO] =========================================
[2026-09-01 02:08:23] [GATE-0] [INFO] Gate 0 Summary:
[2026-09-01 02:08:23] [GATE-0] [INFO]   Proof Artifacts: 4/7
[2026-09-01 02:08:23] [GATE-0] [INFO]   Git State:       1/3
[2026-09-01 02:08:23] [GATE-0] [INFO]   AP2 Ledger:      2/2
[2026-09-01 02:08:23] [GATE-0] [INFO]   Work Receipts:   2/2
[2026-09-01 02:08:23] [GATE-0] [INFO]   Python Modules:  4/4
[2026-09-01 02:08:23] [GATE-0] [INFO]   Dependencies:    4/4
[2026-09-01 02:08:23] [GATE-0] [INFO] =========================================
[2026-09-01 02:08:23] [GATE-0] [INFO] TOTAL: 17/22 checks passed
[2026-09-01 02:08:23] [GATE-0] [INFO] Gate 0 PASSED: Pre-flight verification complete
[2026-09-01 02:08:25] [GATE-0] [INFO] === Gate 0 Pre-Flight Verification ===
[2026-09-01 02:08:25] [GATE-0] [INFO] CHECK 1: Verifying proof artifacts...
[2026-09-01 02:08:25] [GATE-0] [INFO]   ✓ Found: 1_agentacct_config.json
[2026-09-01 02:08:25] [GATE-0] [WARN]   ✗ Missing: 2_unlazy_gates.md (will be generated during execution)
[2026-09-01 02:08:25] [GATE-0] [WARN]   ✗ Missing: 3_is_agentic.json (will be generated during execution)
[2026-09-01 02:08:25] [GATE-0] [WARN]   ✗ Missing: 4_canirun_grades.json (will be generated during execution)
[2026-09-01 02:08:25] [GATE-0] [INFO]   ✓ Found: 5_ap2_ledger_pqc.md
[2026-09-01 02:08:25] [GATE-0] [INFO]   ✓ Found: 6_ragas_golden_set.json
[2026-09-01 02:08:25] [GATE-0] [INFO]   ✓ Found: 7_freetoken_benchmark.json
[2026-09-01 02:08:25] [GATE-0] [INFO] CHECK 2: Verifying git state...
[2026-09-01 02:08:25] [GATE-0] [INFO]   ✓ Valid git repository
[2026-09-01 02:08:27] [GATE-0] [WARN]   ⚠ Uncommitted changes detected (non-blocking)
[2026-09-01 02:08:27] [GATE-0] [WARN]   ⚠ Last commit not signed (warning only)
[2026-09-01 02:08:27] [GATE-0] [INFO] CHECK 3: Verifying AP2 ledger structure...
[2026-09-01 02:08:27] [GATE-0] [INFO]   ✓ AP2 ledger directory exists
[2026-09-01 02:08:27] [GATE-0] [INFO]   ✓ Found        6 ledger entries
[2026-09-01 02:08:27] [GATE-0] [INFO] CHECK 4: Verifying work receipts directory...
[2026-09-01 02:08:27] [GATE-0] [INFO]   ✓ Work receipts directory exists
[2026-09-01 02:08:27] [GATE-0] [INFO]   ✓ Found       73 work receipt files
[2026-09-01 02:08:27] [GATE-0] [INFO] CHECK 5: Verifying Python dependencies...
[2026-09-01 02:08:27] [GATE-0] [INFO]   ✓ Python module available: json
[2026-09-01 02:08:27] [GATE-0] [INFO]   ✓ Python module available: hashlib
[2026-09-01 02:08:27] [GATE-0] [INFO]   ✓ Python module available: dataclasses
[2026-09-01 02:08:27] [GATE-0] [INFO]   ✓ Python module available: pathlib
[2026-09-01 02:08:27] [GATE-0] [INFO] CHECK 6: Verifying gate dependencies...
[2026-09-01 02:08:27] [GATE-0] [INFO]   ✓ Gate 1-3 validator script ready
[2026-09-01 02:08:27] [GATE-0] [INFO]   ✓ Gate 4-5 validator script ready
[2026-09-01 02:08:27] [GATE-0] [INFO]   ✓ agentacct capture module available
[2026-09-01 02:08:27] [GATE-0] [INFO]   ✓ unlazy gates module available
[2026-09-01 02:08:27] [GATE-0] [INFO] =========================================
[2026-09-01 02:08:27] [GATE-0] [INFO] Gate 0 Summary:
[2026-09-01 02:08:27] [GATE-0] [INFO]   Proof Artifacts: 4/7
[2026-09-01 02:08:27] [GATE-0] [INFO]   Git State:       1/3
[2026-09-01 02:08:27] [GATE-0] [INFO]   AP2 Ledger:      2/2
[2026-09-01 02:08:27] [GATE-0] [INFO]   Work Receipts:   2/2
[2026-09-01 02:08:27] [GATE-0] [INFO]   Python Modules:  4/4
[2026-09-01 02:08:27] [GATE-0] [INFO]   Dependencies:    4/4
[2026-09-01 02:08:27] [GATE-0] [INFO] =========================================
[2026-09-01 02:08:27] [GATE-0] [INFO] TOTAL: 17/22 checks passed
[2026-09-01 02:08:27] [GATE-0] [INFO] Gate 0 PASSED: Pre-flight verification complete
[2026-09-01 02:08:30] [GATE-0] [INFO] === Gate 0 Pre-Flight Verification ===
[2026-09-01 02:08:30] [GATE-0] [INFO] CHECK 1: Verifying proof artifacts...
[2026-09-01 02:08:30] [GATE-0] [INFO]   ✓ Found: 1_agentacct_config.json
[2026-09-01 02:08:30] [GATE-0] [WARN]   ✗ Missing: 2_unlazy_gates.md (will be generated during execution)
[2026-09-01 02:08:30] [GATE-0] [WARN]   ✗ Missing: 3_is_agentic.json (will be generated during execution)
[2026-09-01 02:08:30] [GATE-0] [WARN]   ✗ Missing: 4_canirun_grades.json (will be generated during execution)
[2026-09-01 02:08:30] [GATE-0] [INFO]   ✓ Found: 5_ap2_ledger_pqc.md
[2026-09-01 02:08:30] [GATE-0] [INFO]   ✓ Found: 6_ragas_golden_set.json
[2026-09-01 02:08:30] [GATE-0] [INFO]   ✓ Found: 7_freetoken_benchmark.json
[2026-09-01 02:08:30] [GATE-0] [INFO] CHECK 2: Verifying git state...
[2026-09-01 02:08:30] [GATE-0] [INFO]   ✓ Valid git repository
[2026-09-01 02:08:32] [GATE-0] [WARN]   ⚠ Uncommitted changes detected (non-blocking)
[2026-09-01 02:08:32] [GATE-0] [WARN]   ⚠ Last commit not signed (warning only)
[2026-09-01 02:08:32] [GATE-0] [INFO] CHECK 3: Verifying AP2 ledger structure...
[2026-09-01 02:08:32] [GATE-0] [INFO]   ✓ AP2 ledger directory exists
[2026-09-01 02:08:32] [GATE-0] [INFO]   ✓ Found        6 ledger entries
[2026-09-01 02:08:32] [GATE-0] [INFO] CHECK 4: Verifying work receipts directory...
[2026-09-01 02:08:32] [GATE-0] [INFO]   ✓ Work receipts directory exists
[2026-09-01 02:08:32] [GATE-0] [INFO]   ✓ Found       73 work receipt files
[2026-09-01 02:08:32] [GATE-0] [INFO] CHECK 5: Verifying Python dependencies...
[2026-09-01 02:08:32] [GATE-0] [INFO]   ✓ Python module available: json
[2026-09-01 02:08:32] [GATE-0] [INFO]   ✓ Python module available: hashlib
[2026-09-01 02:08:32] [GATE-0] [INFO]   ✓ Python module available: dataclasses
[2026-09-01 02:08:32] [GATE-0] [INFO]   ✓ Python module available: pathlib
[2026-09-01 02:08:32] [GATE-0] [INFO] CHECK 6: Verifying gate dependencies...
[2026-09-01 02:08:32] [GATE-0] [INFO]   ✓ Gate 1-3 validator script ready
[2026-09-01 02:08:32] [GATE-0] [INFO]   ✓ Gate 4-5 validator script ready
[2026-09-01 02:08:32] [GATE-0] [INFO]   ✓ agentacct capture module available
[2026-09-01 02:08:32] [GATE-0] [INFO]   ✓ unlazy gates module available
[2026-09-01 02:08:32] [GATE-0] [INFO] =========================================
[2026-09-01 02:08:32] [GATE-0] [INFO] Gate 0 Summary:
[2026-09-01 02:08:32] [GATE-0] [INFO]   Proof Artifacts: 4/7
[2026-09-01 02:08:32] [GATE-0] [INFO]   Git State:       1/3
[2026-09-01 02:08:32] [GATE-0] [INFO]   AP2 Ledger:      2/2
[2026-09-01 02:08:32] [GATE-0] [INFO]   Work Receipts:   2/2
[2026-09-01 02:08:32] [GATE-0] [INFO]   Python Modules:  4/4
[2026-09-01 02:08:32] [GATE-0] [INFO]   Dependencies:    4/4
[2026-09-01 02:08:32] [GATE-0] [INFO] =========================================
[2026-09-01 02:08:32] [GATE-0] [INFO] TOTAL: 17/22 checks passed
[2026-09-01 02:08:32] [GATE-0] [INFO] Gate 0 PASSED: Pre-flight verification complete
[2026-09-01 02:08:34] [GATE-0] [INFO] === Gate 0 Pre-Flight Verification ===
[2026-09-01 02:08:34] [GATE-0] [INFO] CHECK 1: Verifying proof artifacts...
[2026-09-01 02:08:34] [GATE-0] [INFO]   ✓ Found: 1_agentacct_config.json
[2026-09-01 02:08:34] [GATE-0] [WARN]   ✗ Missing: 2_unlazy_gates.md (will be generated during execution)
[2026-09-01 02:08:34] [GATE-0] [WARN]   ✗ Missing: 3_is_agentic.json (will be generated during execution)
[2026-09-01 02:08:34] [GATE-0] [WARN]   ✗ Missing: 4_canirun_grades.json (will be generated during execution)
[2026-09-01 02:08:34] [GATE-0] [INFO]   ✓ Found: 5_ap2_ledger_pqc.md
[2026-09-01 02:08:34] [GATE-0] [INFO]   ✓ Found: 6_ragas_golden_set.json
[2026-09-01 02:08:34] [GATE-0] [INFO]   ✓ Found: 7_freetoken_benchmark.json
[2026-09-01 02:08:34] [GATE-0] [INFO] CHECK 2: Verifying git state...
[2026-09-01 02:08:34] [GATE-0] [INFO]   ✓ Valid git repository
[2026-09-01 02:08:35] [GATE-0] [WARN]   ⚠ Uncommitted changes detected (non-blocking)
[2026-09-01 02:08:35] [GATE-0] [WARN]   ⚠ Last commit not signed (warning only)
[2026-09-01 02:08:35] [GATE-0] [INFO] CHECK 3: Verifying AP2 ledger structure...
[2026-09-01 02:08:35] [GATE-0] [INFO]   ✓ AP2 ledger directory exists
[2026-09-01 02:08:35] [GATE-0] [INFO]   ✓ Found        6 ledger entries
[2026-09-01 02:08:35] [GATE-0] [INFO] CHECK 4: Verifying work receipts directory...
[2026-09-01 02:08:35] [GATE-0] [INFO]   ✓ Work receipts directory exists
[2026-09-01 02:08:35] [GATE-0] [INFO]   ✓ Found       73 work receipt files
[2026-09-01 02:08:35] [GATE-0] [INFO] CHECK 5: Verifying Python dependencies...
[2026-09-01 02:08:35] [GATE-0] [INFO]   ✓ Python module available: json
[2026-09-01 02:08:35] [GATE-0] [INFO]   ✓ Python module available: hashlib
[2026-09-01 02:08:35] [GATE-0] [INFO]   ✓ Python module available: dataclasses
[2026-09-01 02:08:35] [GATE-0] [INFO]   ✓ Python module available: pathlib
[2026-09-01 02:08:35] [GATE-0] [INFO] CHECK 6: Verifying gate dependencies...
[2026-09-01 02:08:35] [GATE-0] [INFO]   ✓ Gate 1-3 validator script ready
[2026-09-01 02:08:35] [GATE-0] [INFO]   ✓ Gate 4-5 validator script ready
[2026-09-01 02:08:35] [GATE-0] [INFO]   ✓ agentacct capture module available
[2026-09-01 02:08:35] [GATE-0] [INFO]   ✓ unlazy gates module available
[2026-09-01 02:08:35] [GATE-0] [INFO] =========================================
[2026-09-01 02:08:35] [GATE-0] [INFO] Gate 0 Summary:
[2026-09-01 02:08:35] [GATE-0] [INFO]   Proof Artifacts: 4/7
[2026-09-01 02:08:35] [GATE-0] [INFO]   Git State:       1/3
[2026-09-01 02:08:35] [GATE-0] [INFO]   AP2 Ledger:      2/2
[2026-09-01 02:08:35] [GATE-0] [INFO]   Work Receipts:   2/2
[2026-09-01 02:08:35] [GATE-0] [INFO]   Python Modules:  4/4
[2026-09-01 02:08:35] [GATE-0] [INFO]   Dependencies:    4/4
[2026-09-01 02:08:35] [GATE-0] [INFO] =========================================
[2026-09-01 02:08:35] [GATE-0] [INFO] TOTAL: 17/22 checks passed
[2026-09-01 02:08:35] [GATE-0] [INFO] Gate 0 PASSED: Pre-flight verification complete
[2026-09-01 02:08:37] [GATE-0] [INFO] === Gate 0 Pre-Flight Verification ===
[2026-09-01 02:08:37] [GATE-0] [INFO] CHECK 1: Verifying proof artifacts...
[2026-09-01 02:08:37] [GATE-0] [INFO]   ✓ Found: 1_agentacct_config.json
[2026-09-01 02:08:37] [GATE-0] [WARN]   ✗ Missing: 2_unlazy_gates.md (will be generated during execution)
[2026-09-01 02:08:37] [GATE-0] [WARN]   ✗ Missing: 3_is_agentic.json (will be generated during execution)
[2026-09-01 02:08:37] [GATE-0] [WARN]   ✗ Missing: 4_canirun_grades.json (will be generated during execution)
[2026-09-01 02:08:37] [GATE-0] [INFO]   ✓ Found: 5_ap2_ledger_pqc.md
[2026-09-01 02:08:37] [GATE-0] [INFO]   ✓ Found: 6_ragas_golden_set.json
[2026-09-01 02:08:37] [GATE-0] [INFO]   ✓ Found: 7_freetoken_benchmark.json
[2026-09-01 02:08:37] [GATE-0] [INFO] CHECK 2: Verifying git state...
[2026-09-01 02:08:37] [GATE-0] [INFO]   ✓ Valid git repository
[2026-09-01 02:08:39] [GATE-0] [WARN]   ⚠ Uncommitted changes detected (non-blocking)
[2026-09-01 02:08:39] [GATE-0] [WARN]   ⚠ Last commit not signed (warning only)
[2026-09-01 02:08:39] [GATE-0] [INFO] CHECK 3: Verifying AP2 ledger structure...
[2026-09-01 02:08:39] [GATE-0] [INFO]   ✓ AP2 ledger directory exists
[2026-09-01 02:08:39] [GATE-0] [INFO]   ✓ Found        6 ledger entries
[2026-09-01 02:08:39] [GATE-0] [INFO] CHECK 4: Verifying work receipts directory...
[2026-09-01 02:08:39] [GATE-0] [INFO]   ✓ Work receipts directory exists
[2026-09-01 02:08:39] [GATE-0] [INFO]   ✓ Found       74 work receipt files
[2026-09-01 02:08:39] [GATE-0] [INFO] CHECK 5: Verifying Python dependencies...
[2026-09-01 02:08:39] [GATE-0] [INFO]   ✓ Python module available: json
[2026-09-01 02:08:39] [GATE-0] [INFO]   ✓ Python module available: hashlib
[2026-09-01 02:08:39] [GATE-0] [INFO]   ✓ Python module available: dataclasses
[2026-09-01 02:08:39] [GATE-0] [INFO]   ✓ Python module available: pathlib
[2026-09-01 02:08:39] [GATE-0] [INFO] CHECK 6: Verifying gate dependencies...
[2026-09-01 02:08:39] [GATE-0] [INFO]   ✓ Gate 1-3 validator script ready
[2026-09-01 02:08:39] [GATE-0] [INFO]   ✓ Gate 4-5 validator script ready
[2026-09-01 02:08:39] [GATE-0] [INFO]   ✓ agentacct capture module available
[2026-09-01 02:08:39] [GATE-0] [INFO]   ✓ unlazy gates module available
[2026-09-01 02:08:39] [GATE-0] [INFO] =========================================
[2026-09-01 02:08:39] [GATE-0] [INFO] Gate 0 Summary:
[2026-09-01 02:08:39] [GATE-0] [INFO]   Proof Artifacts: 4/7
[2026-09-01 02:08:39] [GATE-0] [INFO]   Git State:       1/3
[2026-09-01 02:08:39] [GATE-0] [INFO]   AP2 Ledger:      2/2
[2026-09-01 02:08:39] [GATE-0] [INFO]   Work Receipts:   2/2
[2026-09-01 02:08:39] [GATE-0] [INFO]   Python Modules:  4/4
[2026-09-01 02:08:39] [GATE-0] [INFO]   Dependencies:    4/4
[2026-09-01 02:08:39] [GATE-0] [INFO] =========================================
[2026-09-01 02:08:39] [GATE-0] [INFO] TOTAL: 17/22 checks passed
[2026-09-01 02:08:39] [GATE-0] [INFO] Gate 0 PASSED: Pre-flight verification complete
[2026-09-01 02:08:44] [GATE-0] [INFO] === Gate 0 Pre-Flight Verification ===
[2026-09-01 02:08:44] [GATE-0] [INFO] CHECK 1: Verifying proof artifacts...
[2026-09-01 02:08:44] [GATE-0] [INFO]   ✓ Found: 1_agentacct_config.json
[2026-09-01 02:08:44] [GATE-0] [WARN]   ✗ Missing: 2_unlazy_gates.md (will be generated during execution)
[2026-09-01 02:08:44] [GATE-0] [WARN]   ✗ Missing: 3_is_agentic.json (will be generated during execution)
[2026-09-01 02:08:44] [GATE-0] [WARN]   ✗ Missing: 4_canirun_grades.json (will be generated during execution)
[2026-09-01 02:08:44] [GATE-0] [INFO]   ✓ Found: 5_ap2_ledger_pqc.md
[2026-09-01 02:08:44] [GATE-0] [INFO]   ✓ Found: 6_ragas_golden_set.json
[2026-09-01 02:08:44] [GATE-0] [INFO]   ✓ Found: 7_freetoken_benchmark.json
[2026-09-01 02:08:44] [GATE-0] [INFO] CHECK 2: Verifying git state...
[2026-09-01 02:08:44] [GATE-0] [INFO]   ✓ Valid git repository
[2026-09-01 02:08:45] [GATE-0] [WARN]   ⚠ Uncommitted changes detected (non-blocking)
[2026-09-01 02:08:45] [GATE-0] [WARN]   ⚠ Last commit not signed (warning only)
[2026-09-01 02:08:45] [GATE-0] [INFO] CHECK 3: Verifying AP2 ledger structure...
[2026-09-01 02:08:45] [GATE-0] [INFO]   ✓ AP2 ledger directory exists
[2026-09-01 02:08:45] [GATE-0] [INFO]   ✓ Found        6 ledger entries
[2026-09-01 02:08:45] [GATE-0] [INFO] CHECK 4: Verifying work receipts directory...
[2026-09-01 02:08:46] [GATE-0] [INFO]   ✓ Work receipts directory exists
[2026-09-01 02:08:46] [GATE-0] [INFO]   ✓ Found       74 work receipt files
[2026-09-01 02:08:46] [GATE-0] [INFO] CHECK 5: Verifying Python dependencies...
[2026-09-01 02:08:46] [GATE-0] [INFO]   ✓ Python module available: json
[2026-09-01 02:08:46] [GATE-0] [INFO]   ✓ Python module available: hashlib
[2026-09-01 02:08:46] [GATE-0] [INFO]   ✓ Python module available: dataclasses
[2026-09-01 02:08:46] [GATE-0] [INFO]   ✓ Python module available: pathlib
[2026-09-01 02:08:46] [GATE-0] [INFO] CHECK 6: Verifying gate dependencies...
[2026-09-01 02:08:46] [GATE-0] [INFO]   ✓ Gate 1-3 validator script ready
[2026-09-01 02:08:46] [GATE-0] [INFO]   ✓ Gate 4-5 validator script ready
[2026-09-01 02:08:46] [GATE-0] [INFO]   ✓ agentacct capture module available
[2026-09-01 02:08:46] [GATE-0] [INFO]   ✓ unlazy gates module available
[2026-09-01 02:08:46] [GATE-0] [INFO] =========================================
[2026-09-01 02:08:46] [GATE-0] [INFO] Gate 0 Summary:
[2026-09-01 02:08:46] [GATE-0] [INFO]   Proof Artifacts: 4/7
[2026-09-01 02:08:46] [GATE-0] [INFO]   Git State:       1/3
[2026-09-01 02:08:46] [GATE-0] [INFO]   AP2 Ledger:      2/2
[2026-09-01 02:08:46] [GATE-0] [INFO]   Work Receipts:   2/2
[2026-09-01 02:08:46] [GATE-0] [INFO]   Python Modules:  4/4
[2026-09-01 02:08:46] [GATE-0] [INFO]   Dependencies:    4/4
[2026-09-01 02:08:46] [GATE-0] [INFO] =========================================
[2026-09-01 02:08:46] [GATE-0] [INFO] TOTAL: 17/22 checks passed
[2026-09-01 02:08:46] [GATE-0] [INFO] Gate 0 PASSED: Pre-flight verification complete
[2026-09-01 02:08:48] [GATE-0] [INFO] === Gate 0 Pre-Flight Verification ===
[2026-09-01 02:08:48] [GATE-0] [INFO] CHECK 1: Verifying proof artifacts...
[2026-09-01 02:08:48] [GATE-0] [INFO]   ✓ Found: 1_agentacct_config.json
[2026-09-01 02:08:48] [GATE-0] [WARN]   ✗ Missing: 2_unlazy_gates.md (will be generated during execution)
[2026-09-01 02:08:48] [GATE-0] [WARN]   ✗ Missing: 3_is_agentic.json (will be generated during execution)
[2026-09-01 02:08:48] [GATE-0] [WARN]   ✗ Missing: 4_canirun_grades.json (will be generated during execution)
[2026-09-01 02:08:48] [GATE-0] [INFO]   ✓ Found: 5_ap2_ledger_pqc.md
[2026-09-01 02:08:48] [GATE-0] [INFO]   ✓ Found: 6_ragas_golden_set.json
[2026-09-01 02:08:48] [GATE-0] [INFO]   ✓ Found: 7_freetoken_benchmark.json
[2026-09-01 02:08:48] [GATE-0] [INFO] CHECK 2: Verifying git state...
[2026-09-01 02:08:48] [GATE-0] [INFO]   ✓ Valid git repository
[2026-09-01 02:08:49] [GATE-0] [WARN]   ⚠ Uncommitted changes detected (non-blocking)
[2026-09-01 02:08:49] [GATE-0] [WARN]   ⚠ Last commit not signed (warning only)
[2026-09-01 02:08:49] [GATE-0] [INFO] CHECK 3: Verifying AP2 ledger structure...
[2026-09-01 02:08:49] [GATE-0] [INFO]   ✓ AP2 ledger directory exists
[2026-09-01 02:08:49] [GATE-0] [INFO]   ✓ Found        6 ledger entries
[2026-09-01 02:08:49] [GATE-0] [INFO] CHECK 4: Verifying work receipts directory...
[2026-09-01 02:08:49] [GATE-0] [INFO]   ✓ Work receipts directory exists
[2026-09-01 02:08:49] [GATE-0] [INFO]   ✓ Found       75 work receipt files
[2026-09-01 02:08:49] [GATE-0] [INFO] CHECK 5: Verifying Python dependencies...
[2026-09-01 02:08:49] [GATE-0] [INFO]   ✓ Python module available: json
[2026-09-01 02:08:49] [GATE-0] [INFO]   ✓ Python module available: hashlib
[2026-09-01 02:08:49] [GATE-0] [INFO]   ✓ Python module available: dataclasses
[2026-09-01 02:08:49] [GATE-0] [INFO]   ✓ Python module available: pathlib
[2026-09-01 02:08:49] [GATE-0] [INFO] CHECK 6: Verifying gate dependencies...
[2026-09-01 02:08:49] [GATE-0] [INFO]   ✓ Gate 1-3 validator script ready
[2026-09-01 02:08:49] [GATE-0] [INFO]   ✓ Gate 4-5 validator script ready
[2026-09-01 02:08:49] [GATE-0] [INFO]   ✓ agentacct capture module available
[2026-09-01 02:08:49] [GATE-0] [INFO]   ✓ unlazy gates module available
[2026-09-01 02:08:49] [GATE-0] [INFO] =========================================
[2026-09-01 02:08:49] [GATE-0] [INFO] Gate 0 Summary:
[2026-09-01 02:08:50] [GATE-0] [INFO]   Proof Artifacts: 4/7
[2026-09-01 02:08:50] [GATE-0] [INFO]   Git State:       1/3
[2026-09-01 02:08:50] [GATE-0] [INFO]   AP2 Ledger:      2/2
[2026-09-01 02:08:50] [GATE-0] [INFO]   Work Receipts:   2/2
[2026-09-01 02:08:50] [GATE-0] [INFO]   Python Modules:  4/4
[2026-09-01 02:08:50] [GATE-0] [INFO]   Dependencies:    4/4
[2026-09-01 02:08:50] [GATE-0] [INFO] =========================================
[2026-09-01 02:08:50] [GATE-0] [INFO] TOTAL: 17/22 checks passed
[2026-09-01 02:08:50] [GATE-0] [INFO] Gate 0 PASSED: Pre-flight verification complete
[2026-09-01 02:08:55] [GATE-0] [INFO] === Gate 0 Pre-Flight Verification ===
[2026-09-01 02:08:55] [GATE-0] [INFO] CHECK 1: Verifying proof artifacts...
[2026-09-01 02:08:55] [GATE-0] [INFO]   ✓ Found: 1_agentacct_config.json
[2026-09-01 02:08:55] [GATE-0] [WARN]   ✗ Missing: 2_unlazy_gates.md (will be generated during execution)
[2026-09-01 02:08:55] [GATE-0] [WARN]   ✗ Missing: 3_is_agentic.json (will be generated during execution)
[2026-09-01 02:08:55] [GATE-0] [WARN]   ✗ Missing: 4_canirun_grades.json (will be generated during execution)
[2026-09-01 02:08:55] [GATE-0] [INFO]   ✓ Found: 5_ap2_ledger_pqc.md
[2026-09-01 02:08:55] [GATE-0] [INFO]   ✓ Found: 6_ragas_golden_set.json
[2026-09-01 02:08:55] [GATE-0] [INFO]   ✓ Found: 7_freetoken_benchmark.json
[2026-09-01 02:08:55] [GATE-0] [INFO] CHECK 2: Verifying git state...
[2026-09-01 02:08:55] [GATE-0] [INFO]   ✓ Valid git repository
[2026-09-01 02:08:56] [GATE-0] [WARN]   ⚠ Uncommitted changes detected (non-blocking)
[2026-09-01 02:08:56] [GATE-0] [WARN]   ⚠ Last commit not signed (warning only)
[2026-09-01 02:08:56] [GATE-0] [INFO] CHECK 3: Verifying AP2 ledger structure...
[2026-09-01 02:08:56] [GATE-0] [INFO]   ✓ AP2 ledger directory exists
[2026-09-01 02:08:56] [GATE-0] [INFO]   ✓ Found        6 ledger entries
[2026-09-01 02:08:56] [GATE-0] [INFO] CHECK 4: Verifying work receipts directory...
[2026-09-01 02:08:56] [GATE-0] [INFO]   ✓ Work receipts directory exists
[2026-09-01 02:08:56] [GATE-0] [INFO]   ✓ Found       76 work receipt files
[2026-09-01 02:08:56] [GATE-0] [INFO] CHECK 5: Verifying Python dependencies...
[2026-09-01 02:08:56] [GATE-0] [INFO]   ✓ Python module available: json
[2026-09-01 02:08:56] [GATE-0] [INFO]   ✓ Python module available: hashlib
[2026-09-01 02:08:56] [GATE-0] [INFO]   ✓ Python module available: dataclasses
[2026-09-01 02:08:56] [GATE-0] [INFO]   ✓ Python module available: pathlib
[2026-09-01 02:08:56] [GATE-0] [INFO] CHECK 6: Verifying gate dependencies...
[2026-09-01 02:08:56] [GATE-0] [INFO]   ✓ Gate 1-3 validator script ready
[2026-09-01 02:08:56] [GATE-0] [INFO]   ✓ Gate 4-5 validator script ready
[2026-09-01 02:08:56] [GATE-0] [INFO]   ✓ agentacct capture module available
[2026-09-01 02:08:56] [GATE-0] [INFO]   ✓ unlazy gates module available
[2026-09-01 02:08:56] [GATE-0] [INFO] =========================================
[2026-09-01 02:08:56] [GATE-0] [INFO] Gate 0 Summary:
[2026-09-01 02:08:56] [GATE-0] [INFO]   Proof Artifacts: 4/7
[2026-09-01 02:08:56] [GATE-0] [INFO]   Git State:       1/3
[2026-09-01 02:08:56] [GATE-0] [INFO]   AP2 Ledger:      2/2
[2026-09-01 02:08:56] [GATE-0] [INFO]   Work Receipts:   2/2
[2026-09-01 02:08:56] [GATE-0] [INFO]   Python Modules:  4/4
[2026-09-01 02:08:56] [GATE-0] [INFO]   Dependencies:    4/4
[2026-09-01 02:08:56] [GATE-0] [INFO] =========================================
[2026-09-01 02:08:56] [GATE-0] [INFO] TOTAL: 17/22 checks passed
[2026-09-01 02:08:56] [GATE-0] [INFO] Gate 0 PASSED: Pre-flight verification complete
[2026-09-01 02:09:00] [GATE-0] [INFO] === Gate 0 Pre-Flight Verification ===
[2026-09-01 02:09:00] [GATE-0] [INFO] CHECK 1: Verifying proof artifacts...
[2026-09-01 02:09:00] [GATE-0] [INFO]   ✓ Found: 1_agentacct_config.json
[2026-09-01 02:09:00] [GATE-0] [WARN]   ✗ Missing: 2_unlazy_gates.md (will be generated during execution)
[2026-09-01 02:09:00] [GATE-0] [WARN]   ✗ Missing: 3_is_agentic.json (will be generated during execution)
[2026-09-01 02:09:00] [GATE-0] [WARN]   ✗ Missing: 4_canirun_grades.json (will be generated during execution)
[2026-09-01 02:09:00] [GATE-0] [INFO]   ✓ Found: 5_ap2_ledger_pqc.md
[2026-09-01 02:09:00] [GATE-0] [INFO]   ✓ Found: 6_ragas_golden_set.json
[2026-09-01 02:09:00] [GATE-0] [INFO]   ✓ Found: 7_freetoken_benchmark.json
[2026-09-01 02:09:00] [GATE-0] [INFO] CHECK 2: Verifying git state...
[2026-09-01 02:09:00] [GATE-0] [INFO]   ✓ Valid git repository
[2026-09-01 02:09:02] [GATE-0] [WARN]   ⚠ Uncommitted changes detected (non-blocking)
[2026-09-01 02:09:02] [GATE-0] [WARN]   ⚠ Last commit not signed (warning only)
[2026-09-01 02:09:02] [GATE-0] [INFO] CHECK 3: Verifying AP2 ledger structure...
[2026-09-01 02:09:02] [GATE-0] [INFO]   ✓ AP2 ledger directory exists
[2026-09-01 02:09:02] [GATE-0] [INFO]   ✓ Found        6 ledger entries
[2026-09-01 02:09:02] [GATE-0] [INFO] CHECK 4: Verifying work receipts directory...
[2026-09-01 02:09:02] [GATE-0] [INFO]   ✓ Work receipts directory exists
[2026-09-01 02:09:02] [GATE-0] [INFO]   ✓ Found       77 work receipt files
[2026-09-01 02:09:02] [GATE-0] [INFO] CHECK 5: Verifying Python dependencies...
[2026-09-01 02:09:02] [GATE-0] [INFO]   ✓ Python module available: json
[2026-09-01 02:09:02] [GATE-0] [INFO]   ✓ Python module available: hashlib
[2026-09-01 02:09:02] [GATE-0] [INFO]   ✓ Python module available: dataclasses
[2026-09-01 02:09:02] [GATE-0] [INFO]   ✓ Python module available: pathlib
[2026-09-01 02:09:02] [GATE-0] [INFO] CHECK 6: Verifying gate dependencies...
[2026-09-01 02:09:02] [GATE-0] [INFO]   ✓ Gate 1-3 validator script ready
[2026-09-01 02:09:02] [GATE-0] [INFO]   ✓ Gate 4-5 validator script ready
[2026-09-01 02:09:02] [GATE-0] [INFO]   ✓ agentacct capture module available
[2026-09-01 02:09:02] [GATE-0] [INFO]   ✓ unlazy gates module available
[2026-09-01 02:09:02] [GATE-0] [INFO] =========================================
[2026-09-01 02:09:02] [GATE-0] [INFO] Gate 0 Summary:
[2026-09-01 02:09:02] [GATE-0] [INFO]   Proof Artifacts: 4/7
[2026-09-01 02:09:02] [GATE-0] [INFO]   Git State:       1/3
[2026-09-01 02:09:02] [GATE-0] [INFO]   AP2 Ledger:      2/2
[2026-09-01 02:09:02] [GATE-0] [INFO]   Work Receipts:   2/2
[2026-09-01 02:09:02] [GATE-0] [INFO]   Python Modules:  4/4
[2026-09-01 02:09:02] [GATE-0] [INFO]   Dependencies:    4/4
[2026-09-01 02:09:02] [GATE-0] [INFO] =========================================
[2026-09-01 02:09:02] [GATE-0] [INFO] TOTAL: 17/22 checks passed
[2026-09-01 02:09:02] [GATE-0] [INFO] Gate 0 PASSED: Pre-flight verification complete
[2026-09-01 02:09:07] [GATE-0] [INFO] === Gate 0 Pre-Flight Verification ===
[2026-09-01 02:09:07] [GATE-0] [INFO] CHECK 1: Verifying proof artifacts...
[2026-09-01 02:09:07] [GATE-0] [INFO]   ✓ Found: 1_agentacct_config.json
[2026-09-01 02:09:07] [GATE-0] [WARN]   ✗ Missing: 2_unlazy_gates.md (will be generated during execution)
[2026-09-01 02:09:07] [GATE-0] [WARN]   ✗ Missing: 3_is_agentic.json (will be generated during execution)
[2026-09-01 02:09:07] [GATE-0] [WARN]   ✗ Missing: 4_canirun_grades.json (will be generated during execution)
[2026-09-01 02:09:07] [GATE-0] [INFO]   ✓ Found: 5_ap2_ledger_pqc.md
[2026-09-01 02:09:08] [GATE-0] [INFO]   ✓ Found: 6_ragas_golden_set.json
[2026-09-01 02:09:08] [GATE-0] [INFO]   ✓ Found: 7_freetoken_benchmark.json
[2026-09-01 02:09:08] [GATE-0] [INFO] CHECK 2: Verifying git state...
[2026-09-01 02:09:08] [GATE-0] [INFO]   ✓ Valid git repository
[2026-09-01 02:09:09] [GATE-0] [WARN]   ⚠ Uncommitted changes detected (non-blocking)
[2026-09-01 02:09:09] [GATE-0] [WARN]   ⚠ Last commit not signed (warning only)
[2026-09-01 02:09:09] [GATE-0] [INFO] CHECK 3: Verifying AP2 ledger structure...
[2026-09-01 02:09:09] [GATE-0] [INFO]   ✓ AP2 ledger directory exists
[2026-09-01 02:09:09] [GATE-0] [INFO]   ✓ Found        6 ledger entries
[2026-09-01 02:09:09] [GATE-0] [INFO] CHECK 4: Verifying work receipts directory...
[2026-09-01 02:09:09] [GATE-0] [INFO]   ✓ Work receipts directory exists
[2026-09-01 02:09:09] [GATE-0] [INFO]   ✓ Found       78 work receipt files
[2026-09-01 02:09:09] [GATE-0] [INFO] CHECK 5: Verifying Python dependencies...
[2026-09-01 02:09:09] [GATE-0] [INFO]   ✓ Python module available: json
[2026-09-01 02:09:09] [GATE-0] [INFO]   ✓ Python module available: hashlib
[2026-09-01 02:09:09] [GATE-0] [INFO]   ✓ Python module available: dataclasses
[2026-09-01 02:09:09] [GATE-0] [INFO]   ✓ Python module available: pathlib
[2026-09-01 02:09:09] [GATE-0] [INFO] CHECK 6: Verifying gate dependencies...
[2026-09-01 02:09:09] [GATE-0] [INFO]   ✓ Gate 1-3 validator script ready
[2026-09-01 02:09:09] [GATE-0] [INFO]   ✓ Gate 4-5 validator script ready
[2026-09-01 02:09:09] [GATE-0] [INFO]   ✓ agentacct capture module available
[2026-09-01 02:09:09] [GATE-0] [INFO]   ✓ unlazy gates module available
[2026-09-01 02:09:09] [GATE-0] [INFO] =========================================
[2026-09-01 02:09:09] [GATE-0] [INFO] Gate 0 Summary:
[2026-09-01 02:09:09] [GATE-0] [INFO]   Proof Artifacts: 4/7
[2026-09-01 02:09:09] [GATE-0] [INFO]   Git State:       1/3
[2026-09-01 02:09:09] [GATE-0] [INFO]   AP2 Ledger:      2/2
[2026-09-01 02:09:09] [GATE-0] [INFO]   Work Receipts:   2/2
[2026-09-01 02:09:09] [GATE-0] [INFO]   Python Modules:  4/4
[2026-09-01 02:09:09] [GATE-0] [INFO]   Dependencies:    4/4
[2026-09-01 02:09:09] [GATE-0] [INFO] =========================================
[2026-09-01 02:09:09] [GATE-0] [INFO] TOTAL: 17/22 checks passed
[2026-09-01 02:09:09] [GATE-0] [INFO] Gate 0 PASSED: Pre-flight verification complete
[2026-09-01 02:09:13] [GATE-0] [INFO] === Gate 0 Pre-Flight Verification ===
[2026-09-01 02:09:13] [GATE-0] [INFO] CHECK 1: Verifying proof artifacts...
[2026-09-01 02:09:13] [GATE-0] [INFO]   ✓ Found: 1_agentacct_config.json
[2026-09-01 02:09:13] [GATE-0] [WARN]   ✗ Missing: 2_unlazy_gates.md (will be generated during execution)
[2026-09-01 02:09:13] [GATE-0] [WARN]   ✗ Missing: 3_is_agentic.json (will be generated during execution)
[2026-09-01 02:09:13] [GATE-0] [WARN]   ✗ Missing: 4_canirun_grades.json (will be generated during execution)
[2026-09-01 02:09:13] [GATE-0] [INFO]   ✓ Found: 5_ap2_ledger_pqc.md
[2026-09-01 02:09:13] [GATE-0] [INFO]   ✓ Found: 6_ragas_golden_set.json
[2026-09-01 02:09:13] [GATE-0] [INFO]   ✓ Found: 7_freetoken_benchmark.json
[2026-09-01 02:09:13] [GATE-0] [INFO] CHECK 2: Verifying git state...
[2026-09-01 02:09:13] [GATE-0] [INFO]   ✓ Valid git repository
[2026-09-01 02:09:15] [GATE-0] [WARN]   ⚠ Uncommitted changes detected (non-blocking)
[2026-09-01 02:09:15] [GATE-0] [WARN]   ⚠ Last commit not signed (warning only)
[2026-09-01 02:09:15] [GATE-0] [INFO] CHECK 3: Verifying AP2 ledger structure...
[2026-09-01 02:09:15] [GATE-0] [INFO]   ✓ AP2 ledger directory exists
[2026-09-01 02:09:15] [GATE-0] [INFO]   ✓ Found        6 ledger entries
[2026-09-01 02:09:15] [GATE-0] [INFO] CHECK 4: Verifying work receipts directory...
[2026-09-01 02:09:15] [GATE-0] [INFO]   ✓ Work receipts directory exists
[2026-09-01 02:09:15] [GATE-0] [INFO]   ✓ Found       78 work receipt files
[2026-09-01 02:09:15] [GATE-0] [INFO] CHECK 5: Verifying Python dependencies...
[2026-09-01 02:09:15] [GATE-0] [INFO]   ✓ Python module available: json
[2026-09-01 02:09:15] [GATE-0] [INFO]   ✓ Python module available: hashlib
[2026-09-01 02:09:15] [GATE-0] [INFO]   ✓ Python module available: dataclasses
[2026-09-01 02:09:15] [GATE-0] [INFO]   ✓ Python module available: pathlib
[2026-09-01 02:09:15] [GATE-0] [INFO] CHECK 6: Verifying gate dependencies...
[2026-09-01 02:09:15] [GATE-0] [INFO]   ✓ Gate 1-3 validator script ready
[2026-09-01 02:09:15] [GATE-0] [INFO]   ✓ Gate 4-5 validator script ready
[2026-09-01 02:09:15] [GATE-0] [INFO]   ✓ agentacct capture module available
[2026-09-01 02:09:15] [GATE-0] [INFO]   ✓ unlazy gates module available
[2026-09-01 02:09:15] [GATE-0] [INFO] =========================================
[2026-09-01 02:09:15] [GATE-0] [INFO] Gate 0 Summary:
[2026-09-01 02:09:15] [GATE-0] [INFO]   Proof Artifacts: 4/7
[2026-09-01 02:09:15] [GATE-0] [INFO]   Git State:       1/3
[2026-09-01 02:09:15] [GATE-0] [INFO]   AP2 Ledger:      2/2
[2026-09-01 02:09:15] [GATE-0] [INFO]   Work Receipts:   2/2
[2026-09-01 02:09:15] [GATE-0] [INFO]   Python Modules:  4/4
[2026-09-01 02:09:15] [GATE-0] [INFO]   Dependencies:    4/4
[2026-09-01 02:09:15] [GATE-0] [INFO] =========================================
[2026-09-01 02:09:15] [GATE-0] [INFO] TOTAL: 17/22 checks passed
[2026-09-01 02:09:15] [GATE-0] [INFO] Gate 0 PASSED: Pre-flight verification complete
[2026-09-01 02:09:18] [GATE-0] [INFO] === Gate 0 Pre-Flight Verification ===
[2026-09-01 02:09:18] [GATE-0] [INFO] CHECK 1: Verifying proof artifacts...
[2026-09-01 02:09:18] [GATE-0] [INFO]   ✓ Found: 1_agentacct_config.json
[2026-09-01 02:09:18] [GATE-0] [WARN]   ✗ Missing: 2_unlazy_gates.md (will be generated during execution)
[2026-09-01 02:09:18] [GATE-0] [WARN]   ✗ Missing: 3_is_agentic.json (will be generated during execution)
[2026-09-01 02:09:18] [GATE-0] [WARN]   ✗ Missing: 4_canirun_grades.json (will be generated during execution)
[2026-09-01 02:09:18] [GATE-0] [INFO]   ✓ Found: 5_ap2_ledger_pqc.md
[2026-09-01 02:09:18] [GATE-0] [INFO]   ✓ Found: 6_ragas_golden_set.json
[2026-09-01 02:09:18] [GATE-0] [INFO]   ✓ Found: 7_freetoken_benchmark.json
[2026-09-01 02:09:18] [GATE-0] [INFO] CHECK 2: Verifying git state...
[2026-09-01 02:09:18] [GATE-0] [INFO]   ✓ Valid git repository
[2026-09-01 02:09:19] [GATE-0] [WARN]   ⚠ Uncommitted changes detected (non-blocking)
[2026-09-01 02:09:20] [GATE-0] [WARN]   ⚠ Last commit not signed (warning only)
[2026-09-01 02:09:20] [GATE-0] [INFO] CHECK 3: Verifying AP2 ledger structure...
[2026-09-01 02:09:20] [GATE-0] [INFO]   ✓ AP2 ledger directory exists
[2026-09-01 02:09:20] [GATE-0] [INFO]   ✓ Found        6 ledger entries
[2026-09-01 02:09:20] [GATE-0] [INFO] CHECK 4: Verifying work receipts directory...
[2026-09-01 02:09:20] [GATE-0] [INFO]   ✓ Work receipts directory exists
[2026-09-01 02:09:20] [GATE-0] [INFO]   ✓ Found       79 work receipt files
[2026-09-01 02:09:20] [GATE-0] [INFO] CHECK 5: Verifying Python dependencies...
[2026-09-01 02:09:20] [GATE-0] [INFO]   ✓ Python module available: json
[2026-09-01 02:09:20] [GATE-0] [INFO]   ✓ Python module available: hashlib
[2026-09-01 02:09:20] [GATE-0] [INFO]   ✓ Python module available: dataclasses
[2026-09-01 02:09:20] [GATE-0] [INFO]   ✓ Python module available: pathlib
[2026-09-01 02:09:20] [GATE-0] [INFO] CHECK 6: Verifying gate dependencies...
[2026-09-01 02:09:20] [GATE-0] [INFO]   ✓ Gate 1-3 validator script ready
[2026-09-01 02:09:20] [GATE-0] [INFO]   ✓ Gate 4-5 validator script ready
[2026-09-01 02:09:20] [GATE-0] [INFO]   ✓ agentacct capture module available
[2026-09-01 02:09:20] [GATE-0] [INFO]   ✓ unlazy gates module available
[2026-09-01 02:09:20] [GATE-0] [INFO] =========================================
[2026-09-01 02:09:20] [GATE-0] [INFO] Gate 0 Summary:
[2026-09-01 02:09:20] [GATE-0] [INFO]   Proof Artifacts: 4/7
[2026-09-01 02:09:20] [GATE-0] [INFO]   Git State:       1/3
[2026-09-01 02:09:20] [GATE-0] [INFO]   AP2 Ledger:      2/2
[2026-09-01 02:09:20] [GATE-0] [INFO]   Work Receipts:   2/2
[2026-09-01 02:09:20] [GATE-0] [INFO]   Python Modules:  4/4
[2026-09-01 02:09:20] [GATE-0] [INFO]   Dependencies:    4/4
[2026-09-01 02:09:20] [GATE-0] [INFO] =========================================
[2026-09-01 02:09:20] [GATE-0] [INFO] TOTAL: 17/22 checks passed
[2026-09-01 02:09:20] [GATE-0] [INFO] Gate 0 PASSED: Pre-flight verification complete
[2026-09-01 02:14:28] [GATE-0] [INFO] === Gate 0 Pre-Flight Verification ===
[2026-09-01 02:14:28] [GATE-0] [INFO] CHECK 1: Verifying proof artifacts...
[2026-09-01 02:14:28] [GATE-0] [INFO]   ✓ Found: 1_agentacct_config.json
[2026-09-01 02:14:28] [GATE-0] [WARN]   ✗ Missing: 2_unlazy_gates.md (will be generated during execution)
[2026-09-01 02:14:28] [GATE-0] [WARN]   ✗ Missing: 3_is_agentic.json (will be generated during execution)
[2026-09-01 02:14:28] [GATE-0] [WARN]   ✗ Missing: 4_canirun_grades.json (will be generated during execution)
[2026-09-01 02:14:28] [GATE-0] [INFO]   ✓ Found: 5_ap2_ledger_pqc.md
[2026-09-01 02:14:28] [GATE-0] [INFO]   ✓ Found: 6_ragas_golden_set.json
[2026-09-01 02:14:28] [GATE-0] [INFO]   ✓ Found: 7_freetoken_benchmark.json
[2026-09-01 02:14:28] [GATE-0] [INFO] CHECK 2: Verifying git state...
[2026-09-01 02:14:28] [GATE-0] [INFO]   ✓ Valid git repository
[2026-09-01 02:14:30] [GATE-0] [WARN]   ⚠ Uncommitted changes detected (non-blocking)
[2026-09-01 02:14:30] [GATE-0] [WARN]   ⚠ Last commit not signed (warning only)
[2026-09-01 02:14:30] [GATE-0] [INFO] CHECK 3: Verifying AP2 ledger structure...
[2026-09-01 02:14:30] [GATE-0] [INFO]   ✓ AP2 ledger directory exists
[2026-09-01 02:14:30] [GATE-0] [INFO]   ✓ Found        8 ledger entries
[2026-09-01 02:14:30] [GATE-0] [INFO] CHECK 4: Verifying work receipts directory...
[2026-09-01 02:14:30] [GATE-0] [INFO]   ✓ Work receipts directory exists
[2026-09-01 02:14:30] [GATE-0] [INFO]   ✓ Found       80 work receipt files
[2026-09-01 02:14:30] [GATE-0] [INFO] CHECK 5: Verifying Python dependencies...
[2026-09-01 02:14:30] [GATE-0] [INFO]   ✓ Python module available: json
[2026-09-01 02:14:30] [GATE-0] [INFO]   ✓ Python module available: hashlib
[2026-09-01 02:14:30] [GATE-0] [INFO]   ✓ Python module available: dataclasses
[2026-09-01 02:14:30] [GATE-0] [INFO]   ✓ Python module available: pathlib
[2026-09-01 02:14:30] [GATE-0] [INFO] CHECK 6: Verifying gate dependencies...
[2026-09-01 02:14:30] [GATE-0] [INFO]   ✓ Gate 1-3 validator script ready
[2026-09-01 02:14:30] [GATE-0] [INFO]   ✓ Gate 4-5 validator script ready
[2026-09-01 02:14:30] [GATE-0] [INFO]   ✓ agentacct capture module available
[2026-09-01 02:14:30] [GATE-0] [INFO]   ✓ unlazy gates module available
[2026-09-01 02:14:30] [GATE-0] [INFO] =========================================
[2026-09-01 02:14:30] [GATE-0] [INFO] Gate 0 Summary:
[2026-09-01 02:14:30] [GATE-0] [INFO]   Proof Artifacts: 4/7
[2026-09-01 02:14:30] [GATE-0] [INFO]   Git State:       1/3
[2026-09-01 02:14:30] [GATE-0] [INFO]   AP2 Ledger:      2/2
[2026-09-01 02:14:30] [GATE-0] [INFO]   Work Receipts:   2/2
[2026-09-01 02:14:30] [GATE-0] [INFO]   Python Modules:  4/4
[2026-09-01 02:14:30] [GATE-0] [INFO]   Dependencies:    4/4
[2026-09-01 02:14:30] [GATE-0] [INFO] =========================================
[2026-09-01 02:14:30] [GATE-0] [INFO] TOTAL: 17/22 checks passed
[2026-09-01 02:14:30] [GATE-0] [INFO] Gate 0 PASSED: Pre-flight verification complete
[2026-09-01 02:14:33] [GATE-0] [INFO] === Gate 0 Pre-Flight Verification ===
[2026-09-01 02:14:33] [GATE-0] [INFO] CHECK 1: Verifying proof artifacts...
[2026-09-01 02:14:33] [GATE-0] [INFO]   ✓ Found: 1_agentacct_config.json
[2026-09-01 02:14:33] [GATE-0] [WARN]   ✗ Missing: 2_unlazy_gates.md (will be generated during execution)
[2026-09-01 02:14:33] [GATE-0] [WARN]   ✗ Missing: 3_is_agentic.json (will be generated during execution)
[2026-09-01 02:14:33] [GATE-0] [WARN]   ✗ Missing: 4_canirun_grades.json (will be generated during execution)
[2026-09-01 02:14:33] [GATE-0] [INFO]   ✓ Found: 5_ap2_ledger_pqc.md
[2026-09-01 02:14:33] [GATE-0] [INFO]   ✓ Found: 6_ragas_golden_set.json
[2026-09-01 02:14:33] [GATE-0] [INFO]   ✓ Found: 7_freetoken_benchmark.json
[2026-09-01 02:14:33] [GATE-0] [INFO] CHECK 2: Verifying git state...
[2026-09-01 02:14:33] [GATE-0] [INFO]   ✓ Valid git repository
[2026-09-01 02:14:35] [GATE-0] [WARN]   ⚠ Uncommitted changes detected (non-blocking)
[2026-09-01 02:14:35] [GATE-0] [WARN]   ⚠ Last commit not signed (warning only)
[2026-09-01 02:14:35] [GATE-0] [INFO] CHECK 3: Verifying AP2 ledger structure...
[2026-09-01 02:14:35] [GATE-0] [INFO]   ✓ AP2 ledger directory exists
[2026-09-01 02:14:35] [GATE-0] [INFO]   ✓ Found        8 ledger entries
[2026-09-01 02:14:35] [GATE-0] [INFO] CHECK 4: Verifying work receipts directory...
[2026-09-01 02:14:35] [GATE-0] [INFO]   ✓ Work receipts directory exists
[2026-09-01 02:14:35] [GATE-0] [INFO]   ✓ Found       81 work receipt files
[2026-09-01 02:14:35] [GATE-0] [INFO] CHECK 5: Verifying Python dependencies...
[2026-09-01 02:14:35] [GATE-0] [INFO]   ✓ Python module available: json
[2026-09-01 02:14:35] [GATE-0] [INFO]   ✓ Python module available: hashlib
[2026-09-01 02:14:35] [GATE-0] [INFO]   ✓ Python module available: dataclasses
[2026-09-01 02:14:35] [GATE-0] [INFO]   ✓ Python module available: pathlib
[2026-09-01 02:14:35] [GATE-0] [INFO] CHECK 6: Verifying gate dependencies...
[2026-09-01 02:14:35] [GATE-0] [INFO]   ✓ Gate 1-3 validator script ready
[2026-09-01 02:14:35] [GATE-0] [INFO]   ✓ Gate 4-5 validator script ready
[2026-09-01 02:14:35] [GATE-0] [INFO]   ✓ agentacct capture module available
[2026-09-01 02:14:35] [GATE-0] [INFO]   ✓ unlazy gates module available
[2026-09-01 02:14:35] [GATE-0] [INFO] =========================================
[2026-09-01 02:14:35] [GATE-0] [INFO] Gate 0 Summary:
[2026-09-01 02:14:35] [GATE-0] [INFO]   Proof Artifacts: 4/7
[2026-09-01 02:14:35] [GATE-0] [INFO]   Git State:       1/3
[2026-09-01 02:14:35] [GATE-0] [INFO]   AP2 Ledger:      2/2
[2026-09-01 02:14:35] [GATE-0] [INFO]   Work Receipts:   2/2
[2026-09-01 02:14:35] [GATE-0] [INFO]   Python Modules:  4/4
[2026-09-01 02:14:35] [GATE-0] [INFO]   Dependencies:    4/4
[2026-09-01 02:14:35] [GATE-0] [INFO] =========================================
[2026-09-01 02:14:35] [GATE-0] [INFO] TOTAL: 17/22 checks passed
[2026-09-01 02:14:35] [GATE-0] [INFO] Gate 0 PASSED: Pre-flight verification complete
[2026-09-01 02:14:37] [GATE-0] [INFO] === Gate 0 Pre-Flight Verification ===
[2026-09-01 02:14:37] [GATE-0] [INFO] CHECK 1: Verifying proof artifacts...
[2026-09-01 02:14:37] [GATE-0] [INFO]   ✓ Found: 1_agentacct_config.json
[2026-09-01 02:14:37] [GATE-0] [WARN]   ✗ Missing: 2_unlazy_gates.md (will be generated during execution)
[2026-09-01 02:14:37] [GATE-0] [WARN]   ✗ Missing: 3_is_agentic.json (will be generated during execution)
[2026-09-01 02:14:37] [GATE-0] [WARN]   ✗ Missing: 4_canirun_grades.json (will be generated during execution)
[2026-09-01 02:14:37] [GATE-0] [INFO]   ✓ Found: 5_ap2_ledger_pqc.md
[2026-09-01 02:14:37] [GATE-0] [INFO]   ✓ Found: 6_ragas_golden_set.json
[2026-09-01 02:14:37] [GATE-0] [INFO]   ✓ Found: 7_freetoken_benchmark.json
[2026-09-01 02:14:37] [GATE-0] [INFO] CHECK 2: Verifying git state...
[2026-09-01 02:14:37] [GATE-0] [INFO]   ✓ Valid git repository
[2026-09-01 02:14:38] [GATE-0] [WARN]   ⚠ Uncommitted changes detected (non-blocking)
[2026-09-01 02:14:38] [GATE-0] [WARN]   ⚠ Last commit not signed (warning only)
[2026-09-01 02:14:38] [GATE-0] [INFO] CHECK 3: Verifying AP2 ledger structure...
[2026-09-01 02:14:38] [GATE-0] [INFO]   ✓ AP2 ledger directory exists
[2026-09-01 02:14:38] [GATE-0] [INFO]   ✓ Found        8 ledger entries
[2026-09-01 02:14:38] [GATE-0] [INFO] CHECK 4: Verifying work receipts directory...
[2026-09-01 02:14:38] [GATE-0] [INFO]   ✓ Work receipts directory exists
[2026-09-01 02:14:38] [GATE-0] [INFO]   ✓ Found       82 work receipt files
[2026-09-01 02:14:38] [GATE-0] [INFO] CHECK 5: Verifying Python dependencies...
[2026-09-01 02:14:38] [GATE-0] [INFO]   ✓ Python module available: json
[2026-09-01 02:14:38] [GATE-0] [INFO]   ✓ Python module available: hashlib
[2026-09-01 02:14:38] [GATE-0] [INFO]   ✓ Python module available: dataclasses
[2026-09-01 02:14:38] [GATE-0] [INFO]   ✓ Python module available: pathlib
[2026-09-01 02:14:38] [GATE-0] [INFO] CHECK 6: Verifying gate dependencies...
[2026-09-01 02:14:38] [GATE-0] [INFO]   ✓ Gate 1-3 validator script ready
[2026-09-01 02:14:38] [GATE-0] [INFO]   ✓ Gate 4-5 validator script ready
[2026-09-01 02:14:38] [GATE-0] [INFO]   ✓ agentacct capture module available
[2026-09-01 02:14:38] [GATE-0] [INFO]   ✓ unlazy gates module available
[2026-09-01 02:14:38] [GATE-0] [INFO] =========================================
[2026-09-01 02:14:38] [GATE-0] [INFO] Gate 0 Summary:
[2026-09-01 02:14:38] [GATE-0] [INFO]   Proof Artifacts: 4/7
[2026-09-01 02:14:38] [GATE-0] [INFO]   Git State:       1/3
[2026-09-01 02:14:38] [GATE-0] [INFO]   AP2 Ledger:      2/2
[2026-09-01 02:14:38] [GATE-0] [INFO]   Work Receipts:   2/2
[2026-09-01 02:14:38] [GATE-0] [INFO]   Python Modules:  4/4
[2026-09-01 02:14:38] [GATE-0] [INFO]   Dependencies:    4/4
[2026-09-01 02:14:38] [GATE-0] [INFO] =========================================
[2026-09-01 02:14:38] [GATE-0] [INFO] TOTAL: 17/22 checks passed
[2026-09-01 02:14:38] [GATE-0] [INFO] Gate 0 PASSED: Pre-flight verification complete
[2026-09-01 02:14:40] [GATE-0] [INFO] === Gate 0 Pre-Flight Verification ===
[2026-09-01 02:14:40] [GATE-0] [INFO] CHECK 1: Verifying proof artifacts...
[2026-09-01 02:14:40] [GATE-0] [INFO]   ✓ Found: 1_agentacct_config.json
[2026-09-01 02:14:40] [GATE-0] [WARN]   ✗ Missing: 2_unlazy_gates.md (will be generated during execution)
[2026-09-01 02:14:40] [GATE-0] [WARN]   ✗ Missing: 3_is_agentic.json (will be generated during execution)
[2026-09-01 02:14:41] [GATE-0] [WARN]   ✗ Missing: 4_canirun_grades.json (will be generated during execution)
[2026-09-01 02:14:41] [GATE-0] [INFO]   ✓ Found: 5_ap2_ledger_pqc.md
[2026-09-01 02:14:41] [GATE-0] [INFO]   ✓ Found: 6_ragas_golden_set.json
[2026-09-01 02:14:41] [GATE-0] [INFO]   ✓ Found: 7_freetoken_benchmark.json
[2026-09-01 02:14:41] [GATE-0] [INFO] CHECK 2: Verifying git state...
[2026-09-01 02:14:41] [GATE-0] [INFO]   ✓ Valid git repository
[2026-09-01 02:14:42] [GATE-0] [WARN]   ⚠ Uncommitted changes detected (non-blocking)
[2026-09-01 02:14:42] [GATE-0] [WARN]   ⚠ Last commit not signed (warning only)
[2026-09-01 02:14:42] [GATE-0] [INFO] CHECK 3: Verifying AP2 ledger structure...
[2026-09-01 02:14:42] [GATE-0] [INFO]   ✓ AP2 ledger directory exists
[2026-09-01 02:14:42] [GATE-0] [INFO]   ✓ Found        8 ledger entries
[2026-09-01 02:14:42] [GATE-0] [INFO] CHECK 4: Verifying work receipts directory...
[2026-09-01 02:14:42] [GATE-0] [INFO]   ✓ Work receipts directory exists
[2026-09-01 02:14:42] [GATE-0] [INFO]   ✓ Found       83 work receipt files
[2026-09-01 02:14:42] [GATE-0] [INFO] CHECK 5: Verifying Python dependencies...
[2026-09-01 02:14:42] [GATE-0] [INFO]   ✓ Python module available: json
[2026-09-01 02:14:42] [GATE-0] [INFO]   ✓ Python module available: hashlib
[2026-09-01 02:14:42] [GATE-0] [INFO]   ✓ Python module available: dataclasses
[2026-09-01 02:14:42] [GATE-0] [INFO]   ✓ Python module available: pathlib
[2026-09-01 02:14:42] [GATE-0] [INFO] CHECK 6: Verifying gate dependencies...
[2026-09-01 02:14:42] [GATE-0] [INFO]   ✓ Gate 1-3 validator script ready
[2026-09-01 02:14:42] [GATE-0] [INFO]   ✓ Gate 4-5 validator script ready
[2026-09-01 02:14:42] [GATE-0] [INFO]   ✓ agentacct capture module available
[2026-09-01 02:14:42] [GATE-0] [INFO]   ✓ unlazy gates module available
[2026-09-01 02:14:42] [GATE-0] [INFO] =========================================
[2026-09-01 02:14:42] [GATE-0] [INFO] Gate 0 Summary:
[2026-09-01 02:14:42] [GATE-0] [INFO]   Proof Artifacts: 4/7
[2026-09-01 02:14:42] [GATE-0] [INFO]   Git State:       1/3
[2026-09-01 02:14:42] [GATE-0] [INFO]   AP2 Ledger:      2/2
[2026-09-01 02:14:42] [GATE-0] [INFO]   Work Receipts:   2/2
[2026-09-01 02:14:42] [GATE-0] [INFO]   Python Modules:  4/4
[2026-09-01 02:14:42] [GATE-0] [INFO]   Dependencies:    4/4
[2026-09-01 02:14:42] [GATE-0] [INFO] =========================================
[2026-09-01 02:14:42] [GATE-0] [INFO] TOTAL: 17/22 checks passed
[2026-09-01 02:14:42] [GATE-0] [INFO] Gate 0 PASSED: Pre-flight verification complete
[2026-09-01 02:14:42] [GATE-0] [INFO] === Gate 0 Pre-Flight Verification ===
[2026-09-01 02:14:42] [GATE-0] [INFO] CHECK 1: Verifying proof artifacts...
[2026-09-01 02:14:42] [GATE-0] [INFO]   ✓ Found: 1_agentacct_config.json
[2026-09-01 02:14:42] [GATE-0] [WARN]   ✗ Missing: 2_unlazy_gates.md (will be generated during execution)
[2026-09-01 02:14:42] [GATE-0] [WARN]   ✗ Missing: 3_is_agentic.json (will be generated during execution)
[2026-09-01 02:14:42] [GATE-0] [WARN]   ✗ Missing: 4_canirun_grades.json (will be generated during execution)
[2026-09-01 02:14:42] [GATE-0] [INFO]   ✓ Found: 5_ap2_ledger_pqc.md
[2026-09-01 02:14:42] [GATE-0] [INFO]   ✓ Found: 6_ragas_golden_set.json
[2026-09-01 02:14:42] [GATE-0] [INFO]   ✓ Found: 7_freetoken_benchmark.json
[2026-09-01 02:14:42] [GATE-0] [INFO] CHECK 2: Verifying git state...
[2026-09-01 02:14:42] [GATE-0] [INFO]   ✓ Valid git repository
[2026-09-01 02:14:44] [GATE-0] [INFO] === Gate 0 Pre-Flight Verification ===
[2026-09-01 02:14:44] [GATE-0] [INFO] CHECK 1: Verifying proof artifacts...
[2026-09-01 02:14:44] [GATE-0] [INFO]   ✓ Found: 1_agentacct_config.json
[2026-09-01 02:14:44] [GATE-0] [WARN]   ✗ Missing: 2_unlazy_gates.md (will be generated during execution)
[2026-09-01 02:14:44] [GATE-0] [WARN]   ✗ Missing: 3_is_agentic.json (will be generated during execution)
[2026-09-01 02:14:44] [GATE-0] [WARN]   ✗ Missing: 4_canirun_grades.json (will be generated during execution)
[2026-09-01 02:14:44] [GATE-0] [INFO]   ✓ Found: 5_ap2_ledger_pqc.md
[2026-09-01 02:14:44] [GATE-0] [INFO]   ✓ Found: 6_ragas_golden_set.json
[2026-09-01 02:14:44] [GATE-0] [INFO]   ✓ Found: 7_freetoken_benchmark.json
[2026-09-01 02:14:44] [GATE-0] [INFO] CHECK 2: Verifying git state...
[2026-09-01 02:14:44] [GATE-0] [INFO]   ✓ Valid git repository
[2026-09-01 02:14:44] [GATE-0] [WARN]   ⚠ Uncommitted changes detected (non-blocking)
[2026-09-01 02:14:44] [GATE-0] [WARN]   ⚠ Last commit not signed (warning only)
[2026-09-01 02:14:44] [GATE-0] [INFO] CHECK 3: Verifying AP2 ledger structure...
[2026-09-01 02:14:44] [GATE-0] [INFO]   ✓ AP2 ledger directory exists
[2026-09-01 02:14:44] [GATE-0] [INFO]   ✓ Found        8 ledger entries
[2026-09-01 02:14:44] [GATE-0] [INFO] CHECK 4: Verifying work receipts directory...
[2026-09-01 02:14:44] [GATE-0] [INFO]   ✓ Work receipts directory exists
[2026-09-01 02:14:44] [GATE-0] [INFO]   ✓ Found       84 work receipt files
[2026-09-01 02:14:44] [GATE-0] [INFO] CHECK 5: Verifying Python dependencies...
[2026-09-01 02:14:44] [GATE-0] [INFO]   ✓ Python module available: json
[2026-09-01 02:14:44] [GATE-0] [INFO]   ✓ Python module available: hashlib
[2026-09-01 02:14:44] [GATE-0] [INFO]   ✓ Python module available: dataclasses
[2026-09-01 02:14:44] [GATE-0] [INFO]   ✓ Python module available: pathlib
[2026-09-01 02:14:44] [GATE-0] [INFO] CHECK 6: Verifying gate dependencies...
[2026-09-01 02:14:44] [GATE-0] [INFO]   ✓ Gate 1-3 validator script ready
[2026-09-01 02:14:44] [GATE-0] [INFO]   ✓ Gate 4-5 validator script ready
[2026-09-01 02:14:44] [GATE-0] [INFO]   ✓ agentacct capture module available
[2026-09-01 02:14:44] [GATE-0] [INFO]   ✓ unlazy gates module available
[2026-09-01 02:14:44] [GATE-0] [INFO] =========================================
[2026-09-01 02:14:44] [GATE-0] [INFO] Gate 0 Summary:
[2026-09-01 02:14:44] [GATE-0] [INFO]   Proof Artifacts: 4/7
[2026-09-01 02:14:44] [GATE-0] [INFO]   Git State:       1/3
[2026-09-01 02:14:44] [GATE-0] [INFO]   AP2 Ledger:      2/2
[2026-09-01 02:14:44] [GATE-0] [INFO]   Work Receipts:   2/2
[2026-09-01 02:14:44] [GATE-0] [INFO]   Python Modules:  4/4
[2026-09-01 02:14:44] [GATE-0] [INFO]   Dependencies:    4/4
[2026-09-01 02:14:44] [GATE-0] [INFO] =========================================
[2026-09-01 02:14:44] [GATE-0] [INFO] TOTAL: 17/22 checks passed
[2026-09-01 02:14:44] [GATE-0] [INFO] Gate 0 PASSED: Pre-flight verification complete
[2026-09-01 02:14:46] [GATE-0] [WARN]   ⚠ Uncommitted changes detected (non-blocking)
[2026-09-01 02:14:46] [GATE-0] [WARN]   ⚠ Last commit not signed (warning only)
[2026-09-01 02:14:46] [GATE-0] [INFO] CHECK 3: Verifying AP2 ledger structure...
[2026-09-01 02:14:46] [GATE-0] [INFO]   ✓ AP2 ledger directory exists
[2026-09-01 02:14:46] [GATE-0] [INFO]   ✓ Found        8 ledger entries
[2026-09-01 02:14:46] [GATE-0] [INFO] CHECK 4: Verifying work receipts directory...
[2026-09-01 02:14:46] [GATE-0] [INFO]   ✓ Work receipts directory exists
[2026-09-01 02:14:46] [GATE-0] [INFO]   ✓ Found       84 work receipt files
[2026-09-01 02:14:46] [GATE-0] [INFO] CHECK 5: Verifying Python dependencies...
[2026-09-01 02:14:46] [GATE-0] [INFO]   ✓ Python module available: json
[2026-09-01 02:14:46] [GATE-0] [INFO]   ✓ Python module available: hashlib
[2026-09-01 02:14:46] [GATE-0] [INFO]   ✓ Python module available: dataclasses
[2026-09-01 02:14:46] [GATE-0] [INFO]   ✓ Python module available: pathlib
[2026-09-01 02:14:46] [GATE-0] [INFO] CHECK 6: Verifying gate dependencies...
[2026-09-01 02:14:46] [GATE-0] [INFO]   ✓ Gate 1-3 validator script ready
[2026-09-01 02:14:46] [GATE-0] [INFO]   ✓ Gate 4-5 validator script ready
[2026-09-01 02:14:46] [GATE-0] [INFO]   ✓ agentacct capture module available
[2026-09-01 02:14:46] [GATE-0] [INFO]   ✓ unlazy gates module available
[2026-09-01 02:14:46] [GATE-0] [INFO] =========================================
[2026-09-01 02:14:46] [GATE-0] [INFO] Gate 0 Summary:
[2026-09-01 02:14:46] [GATE-0] [INFO]   Proof Artifacts: 4/7
[2026-09-01 02:14:46] [GATE-0] [INFO]   Git State:       1/3
[2026-09-01 02:14:46] [GATE-0] [INFO]   AP2 Ledger:      2/2
[2026-09-01 02:14:46] [GATE-0] [INFO]   Work Receipts:   2/2
[2026-09-01 02:14:46] [GATE-0] [INFO]   Python Modules:  4/4
[2026-09-01 02:14:46] [GATE-0] [INFO]   Dependencies:    4/4
[2026-09-01 02:14:46] [GATE-0] [INFO] =========================================
[2026-09-01 02:14:46] [GATE-0] [INFO] TOTAL: 17/22 checks passed
[2026-09-01 02:14:46] [GATE-0] [INFO] Gate 0 PASSED: Pre-flight verification complete
[2026-09-01 02:14:52] [GATE-0] [INFO] === Gate 0 Pre-Flight Verification ===
[2026-09-01 02:14:52] [GATE-0] [INFO] CHECK 1: Verifying proof artifacts...
[2026-09-01 02:14:52] [GATE-0] [INFO]   ✓ Found: 1_agentacct_config.json
[2026-09-01 02:14:52] [GATE-0] [WARN]   ✗ Missing: 2_unlazy_gates.md (will be generated during execution)
[2026-09-01 02:14:52] [GATE-0] [WARN]   ✗ Missing: 3_is_agentic.json (will be generated during execution)
[2026-09-01 02:14:52] [GATE-0] [WARN]   ✗ Missing: 4_canirun_grades.json (will be generated during execution)
[2026-09-01 02:14:52] [GATE-0] [INFO]   ✓ Found: 5_ap2_ledger_pqc.md
[2026-09-01 02:14:52] [GATE-0] [INFO]   ✓ Found: 6_ragas_golden_set.json
[2026-09-01 02:14:52] [GATE-0] [INFO]   ✓ Found: 7_freetoken_benchmark.json
[2026-09-01 02:14:52] [GATE-0] [INFO] CHECK 2: Verifying git state...
[2026-09-01 02:14:52] [GATE-0] [INFO]   ✓ Valid git repository
[2026-09-01 02:14:55] [GATE-0] [WARN]   ⚠ Uncommitted changes detected (non-blocking)
[2026-09-01 02:14:55] [GATE-0] [WARN]   ⚠ Last commit not signed (warning only)
[2026-09-01 02:14:55] [GATE-0] [INFO] CHECK 3: Verifying AP2 ledger structure...
[2026-09-01 02:14:55] [GATE-0] [INFO]   ✓ AP2 ledger directory exists
[2026-09-01 02:14:55] [GATE-0] [INFO]   ✓ Found        8 ledger entries
[2026-09-01 02:14:55] [GATE-0] [INFO] CHECK 4: Verifying work receipts directory...
[2026-09-01 02:14:55] [GATE-0] [INFO]   ✓ Work receipts directory exists
[2026-09-01 02:14:55] [GATE-0] [INFO]   ✓ Found       86 work receipt files
[2026-09-01 02:14:55] [GATE-0] [INFO] CHECK 5: Verifying Python dependencies...
[2026-09-01 02:14:55] [GATE-0] [INFO]   ✓ Python module available: json
[2026-09-01 02:14:55] [GATE-0] [INFO]   ✓ Python module available: hashlib
[2026-09-01 02:14:55] [GATE-0] [INFO]   ✓ Python module available: dataclasses
[2026-09-01 02:14:55] [GATE-0] [INFO]   ✓ Python module available: pathlib
[2026-09-01 02:14:55] [GATE-0] [INFO] CHECK 6: Verifying gate dependencies...
[2026-09-01 02:14:55] [GATE-0] [INFO]   ✓ Gate 1-3 validator script ready
[2026-09-01 02:14:55] [GATE-0] [INFO]   ✓ Gate 4-5 validator script ready
[2026-09-01 02:14:55] [GATE-0] [INFO]   ✓ agentacct capture module available
[2026-09-01 02:14:55] [GATE-0] [INFO]   ✓ unlazy gates module available
[2026-09-01 02:14:55] [GATE-0] [INFO] =========================================
[2026-09-01 02:14:55] [GATE-0] [INFO] Gate 0 Summary:
[2026-09-01 02:14:55] [GATE-0] [INFO]   Proof Artifacts: 4/7
[2026-09-01 02:14:55] [GATE-0] [INFO]   Git State:       1/3
[2026-09-01 02:14:55] [GATE-0] [INFO]   AP2 Ledger:      2/2
[2026-09-01 02:14:55] [GATE-0] [INFO]   Work Receipts:   2/2
[2026-09-01 02:14:55] [GATE-0] [INFO]   Python Modules:  4/4
[2026-09-01 02:14:55] [GATE-0] [INFO]   Dependencies:    4/4
[2026-09-01 02:14:55] [GATE-0] [INFO] =========================================
[2026-09-01 02:14:55] [GATE-0] [INFO] TOTAL: 17/22 checks passed
[2026-09-01 02:14:55] [GATE-0] [INFO] Gate 0 PASSED: Pre-flight verification complete
[2026-09-01 02:14:55] [GATE-0] [INFO] === Gate 0 Pre-Flight Verification ===
[2026-09-01 02:14:55] [GATE-0] [INFO] CHECK 1: Verifying proof artifacts...
[2026-09-01 02:14:55] [GATE-0] [INFO]   ✓ Found: 1_agentacct_config.json
[2026-09-01 02:14:55] [GATE-0] [WARN]   ✗ Missing: 2_unlazy_gates.md (will be generated during execution)
[2026-09-01 02:14:55] [GATE-0] [WARN]   ✗ Missing: 3_is_agentic.json (will be generated during execution)
[2026-09-01 02:14:55] [GATE-0] [WARN]   ✗ Missing: 4_canirun_grades.json (will be generated during execution)
[2026-09-01 02:14:55] [GATE-0] [INFO]   ✓ Found: 5_ap2_ledger_pqc.md
[2026-09-01 02:14:55] [GATE-0] [INFO]   ✓ Found: 6_ragas_golden_set.json
[2026-09-01 02:14:55] [GATE-0] [INFO]   ✓ Found: 7_freetoken_benchmark.json
[2026-09-01 02:14:55] [GATE-0] [INFO] CHECK 2: Verifying git state...
[2026-09-01 02:14:55] [GATE-0] [INFO]   ✓ Valid git repository
[2026-09-01 02:14:57] [GATE-0] [WARN]   ⚠ Uncommitted changes detected (non-blocking)
[2026-09-01 02:14:57] [GATE-0] [WARN]   ⚠ Last commit not signed (warning only)
[2026-09-01 02:14:57] [GATE-0] [INFO] CHECK 3: Verifying AP2 ledger structure...
[2026-09-01 02:14:57] [GATE-0] [INFO]   ✓ AP2 ledger directory exists
[2026-09-01 02:14:57] [GATE-0] [INFO]   ✓ Found        8 ledger entries
[2026-09-01 02:14:57] [GATE-0] [INFO] CHECK 4: Verifying work receipts directory...
[2026-09-01 02:14:57] [GATE-0] [INFO]   ✓ Work receipts directory exists
[2026-09-01 02:14:57] [GATE-0] [INFO]   ✓ Found       86 work receipt files
[2026-09-01 02:14:57] [GATE-0] [INFO] CHECK 5: Verifying Python dependencies...
[2026-09-01 02:14:57] [GATE-0] [INFO]   ✓ Python module available: json
[2026-09-01 02:14:57] [GATE-0] [INFO]   ✓ Python module available: hashlib
[2026-09-01 02:14:57] [GATE-0] [INFO]   ✓ Python module available: dataclasses
[2026-09-01 02:14:57] [GATE-0] [INFO]   ✓ Python module available: pathlib
[2026-09-01 02:14:57] [GATE-0] [INFO] CHECK 6: Verifying gate dependencies...
[2026-09-01 02:14:57] [GATE-0] [INFO]   ✓ Gate 1-3 validator script ready
[2026-09-01 02:14:57] [GATE-0] [INFO]   ✓ Gate 4-5 validator script ready
[2026-09-01 02:14:57] [GATE-0] [INFO]   ✓ agentacct capture module available
[2026-09-01 02:14:57] [GATE-0] [INFO]   ✓ unlazy gates module available
[2026-09-01 02:14:57] [GATE-0] [INFO] =========================================
[2026-09-01 02:14:57] [GATE-0] [INFO] Gate 0 Summary:
[2026-09-01 02:14:57] [GATE-0] [INFO]   Proof Artifacts: 4/7
[2026-09-01 02:14:57] [GATE-0] [INFO]   Git State:       1/3
[2026-09-01 02:14:57] [GATE-0] [INFO]   AP2 Ledger:      2/2
[2026-09-01 02:14:57] [GATE-0] [INFO]   Work Receipts:   2/2
[2026-09-01 02:14:57] [GATE-0] [INFO]   Python Modules:  4/4
[2026-09-01 02:14:57] [GATE-0] [INFO]   Dependencies:    4/4
[2026-09-01 02:14:57] [GATE-0] [INFO] =========================================
[2026-09-01 02:14:57] [GATE-0] [INFO] TOTAL: 17/22 checks passed
[2026-09-01 02:14:57] [GATE-0] [INFO] Gate 0 PASSED: Pre-flight verification complete
[2026-09-01 02:15:00] [GATE-0] [INFO] === Gate 0 Pre-Flight Verification ===
[2026-09-01 02:15:00] [GATE-0] [INFO] CHECK 1: Verifying proof artifacts...
[2026-09-01 02:15:00] [GATE-0] [INFO]   ✓ Found: 1_agentacct_config.json
[2026-09-01 02:15:00] [GATE-0] [WARN]   ✗ Missing: 2_unlazy_gates.md (will be generated during execution)
[2026-09-01 02:15:00] [GATE-0] [WARN]   ✗ Missing: 3_is_agentic.json (will be generated during execution)
[2026-09-01 02:15:00] [GATE-0] [WARN]   ✗ Missing: 4_canirun_grades.json (will be generated during execution)
[2026-09-01 02:15:00] [GATE-0] [INFO]   ✓ Found: 5_ap2_ledger_pqc.md
[2026-09-01 02:15:00] [GATE-0] [INFO]   ✓ Found: 6_ragas_golden_set.json
[2026-09-01 02:15:00] [GATE-0] [INFO]   ✓ Found: 7_freetoken_benchmark.json
[2026-09-01 02:15:00] [GATE-0] [INFO] CHECK 2: Verifying git state...
[2026-09-01 02:15:00] [GATE-0] [INFO]   ✓ Valid git repository
[2026-09-01 02:15:02] [GATE-0] [WARN]   ⚠ Uncommitted changes detected (non-blocking)
[2026-09-01 02:15:02] [GATE-0] [WARN]   ⚠ Last commit not signed (warning only)
[2026-09-01 02:15:02] [GATE-0] [INFO] CHECK 3: Verifying AP2 ledger structure...
[2026-09-01 02:15:02] [GATE-0] [INFO]   ✓ AP2 ledger directory exists
[2026-09-01 02:15:02] [GATE-0] [INFO]   ✓ Found        9 ledger entries
[2026-09-01 02:15:02] [GATE-0] [INFO] CHECK 4: Verifying work receipts directory...
[2026-09-01 02:15:02] [GATE-0] [INFO]   ✓ Work receipts directory exists
[2026-09-01 02:15:02] [GATE-0] [INFO]   ✓ Found       87 work receipt files
[2026-09-01 02:15:02] [GATE-0] [INFO] CHECK 5: Verifying Python dependencies...
[2026-09-01 02:15:02] [GATE-0] [INFO]   ✓ Python module available: json
[2026-09-01 02:15:02] [GATE-0] [INFO]   ✓ Python module available: hashlib
[2026-09-01 02:15:02] [GATE-0] [INFO]   ✓ Python module available: dataclasses
[2026-09-01 02:15:02] [GATE-0] [INFO]   ✓ Python module available: pathlib
[2026-09-01 02:15:02] [GATE-0] [INFO] CHECK 6: Verifying gate dependencies...
[2026-09-01 02:15:02] [GATE-0] [INFO]   ✓ Gate 1-3 validator script ready
[2026-09-01 02:15:02] [GATE-0] [INFO]   ✓ Gate 4-5 validator script ready
[2026-09-01 02:15:02] [GATE-0] [INFO]   ✓ agentacct capture module available
[2026-09-01 02:15:02] [GATE-0] [INFO]   ✓ unlazy gates module available
[2026-09-01 02:15:02] [GATE-0] [INFO] =========================================
[2026-09-01 02:15:02] [GATE-0] [INFO] Gate 0 Summary:
[2026-09-01 02:15:02] [GATE-0] [INFO]   Proof Artifacts: 4/7
[2026-09-01 02:15:02] [GATE-0] [INFO]   Git State:       1/3
[2026-09-01 02:15:02] [GATE-0] [INFO]   AP2 Ledger:      2/2
[2026-09-01 02:15:02] [GATE-0] [INFO]   Work Receipts:   2/2
[2026-09-01 02:15:02] [GATE-0] [INFO]   Python Modules:  4/4
[2026-09-01 02:15:02] [GATE-0] [INFO]   Dependencies:    4/4
[2026-09-01 02:15:02] [GATE-0] [INFO] =========================================
[2026-09-01 02:15:02] [GATE-0] [INFO] TOTAL: 17/22 checks passed
[2026-09-01 02:15:02] [GATE-0] [INFO] Gate 0 PASSED: Pre-flight verification complete
[2026-09-01 02:15:04] [GATE-0] [INFO] === Gate 0 Pre-Flight Verification ===
[2026-09-01 02:15:04] [GATE-0] [INFO] CHECK 1: Verifying proof artifacts...
[2026-09-01 02:15:04] [GATE-0] [INFO]   ✓ Found: 1_agentacct_config.json
[2026-09-01 02:15:04] [GATE-0] [WARN]   ✗ Missing: 2_unlazy_gates.md (will be generated during execution)
[2026-09-01 02:15:04] [GATE-0] [WARN]   ✗ Missing: 3_is_agentic.json (will be generated during execution)
[2026-09-01 02:15:04] [GATE-0] [WARN]   ✗ Missing: 4_canirun_grades.json (will be generated during execution)
[2026-09-01 02:15:04] [GATE-0] [INFO]   ✓ Found: 5_ap2_ledger_pqc.md
[2026-09-01 02:15:04] [GATE-0] [INFO]   ✓ Found: 6_ragas_golden_set.json
[2026-09-01 02:15:04] [GATE-0] [INFO]   ✓ Found: 7_freetoken_benchmark.json
[2026-09-01 02:15:04] [GATE-0] [INFO] CHECK 2: Verifying git state...
[2026-09-01 02:15:04] [GATE-0] [INFO]   ✓ Valid git repository
[2026-09-01 02:15:06] [GATE-0] [INFO] === Gate 0 Pre-Flight Verification ===
[2026-09-01 02:15:06] [GATE-0] [INFO] CHECK 1: Verifying proof artifacts...
[2026-09-01 02:15:06] [GATE-0] [INFO]   ✓ Found: 1_agentacct_config.json
[2026-09-01 02:15:06] [GATE-0] [WARN]   ✗ Missing: 2_unlazy_gates.md (will be generated during execution)
[2026-09-01 02:15:06] [GATE-0] [WARN]   ✗ Missing: 3_is_agentic.json (will be generated during execution)
[2026-09-01 02:15:06] [GATE-0] [WARN]   ✗ Missing: 4_canirun_grades.json (will be generated during execution)
[2026-09-01 02:15:06] [GATE-0] [INFO]   ✓ Found: 5_ap2_ledger_pqc.md
[2026-09-01 02:15:06] [GATE-0] [INFO]   ✓ Found: 6_ragas_golden_set.json
[2026-09-01 02:15:06] [GATE-0] [INFO]   ✓ Found: 7_freetoken_benchmark.json
[2026-09-01 02:15:06] [GATE-0] [INFO] CHECK 2: Verifying git state...
[2026-09-01 02:15:06] [GATE-0] [INFO]   ✓ Valid git repository
[2026-09-01 02:15:06] [GATE-0] [WARN]   ⚠ Uncommitted changes detected (non-blocking)
[2026-09-01 02:15:06] [GATE-0] [WARN]   ⚠ Last commit not signed (warning only)
[2026-09-01 02:15:06] [GATE-0] [INFO] CHECK 3: Verifying AP2 ledger structure...
[2026-09-01 02:15:06] [GATE-0] [INFO]   ✓ AP2 ledger directory exists
[2026-09-01 02:15:06] [GATE-0] [INFO]   ✓ Found        9 ledger entries
[2026-09-01 02:15:06] [GATE-0] [INFO] CHECK 4: Verifying work receipts directory...
[2026-09-01 02:15:06] [GATE-0] [INFO]   ✓ Work receipts directory exists
[2026-09-01 02:15:06] [GATE-0] [INFO]   ✓ Found       88 work receipt files
[2026-09-01 02:15:06] [GATE-0] [INFO] CHECK 5: Verifying Python dependencies...
[2026-09-01 02:15:06] [GATE-0] [INFO]   ✓ Python module available: json
[2026-09-01 02:15:06] [GATE-0] [INFO]   ✓ Python module available: hashlib
[2026-09-01 02:15:07] [GATE-0] [INFO]   ✓ Python module available: dataclasses
[2026-09-01 02:15:07] [GATE-0] [INFO]   ✓ Python module available: pathlib
[2026-09-01 02:15:07] [GATE-0] [INFO] CHECK 6: Verifying gate dependencies...
[2026-09-01 02:15:07] [GATE-0] [INFO]   ✓ Gate 1-3 validator script ready
[2026-09-01 02:15:07] [GATE-0] [INFO]   ✓ Gate 4-5 validator script ready
[2026-09-01 02:15:07] [GATE-0] [INFO]   ✓ agentacct capture module available
[2026-09-01 02:15:07] [GATE-0] [INFO]   ✓ unlazy gates module available
[2026-09-01 02:15:07] [GATE-0] [INFO] =========================================
[2026-09-01 02:15:07] [GATE-0] [INFO] Gate 0 Summary:
[2026-09-01 02:15:07] [GATE-0] [INFO]   Proof Artifacts: 4/7
[2026-09-01 02:15:07] [GATE-0] [INFO]   Git State:       1/3
[2026-09-01 02:15:07] [GATE-0] [INFO]   AP2 Ledger:      2/2
[2026-09-01 02:15:07] [GATE-0] [INFO]   Work Receipts:   2/2
[2026-09-01 02:15:07] [GATE-0] [INFO]   Python Modules:  4/4
[2026-09-01 02:15:07] [GATE-0] [INFO]   Dependencies:    4/4
[2026-09-01 02:15:07] [GATE-0] [INFO] =========================================
[2026-09-01 02:15:07] [GATE-0] [INFO] TOTAL: 17/22 checks passed
[2026-09-01 02:15:07] [GATE-0] [INFO] Gate 0 PASSED: Pre-flight verification complete
[2026-09-01 02:15:07] [GATE-0] [WARN]   ⚠ Uncommitted changes detected (non-blocking)
[2026-09-01 02:15:07] [GATE-0] [WARN]   ⚠ Last commit not signed (warning only)
[2026-09-01 02:15:07] [GATE-0] [INFO] CHECK 3: Verifying AP2 ledger structure...
[2026-09-01 02:15:07] [GATE-0] [INFO]   ✓ AP2 ledger directory exists
[2026-09-01 02:15:07] [GATE-0] [INFO]   ✓ Found        9 ledger entries
[2026-09-01 02:15:07] [GATE-0] [INFO] CHECK 4: Verifying work receipts directory...
[2026-09-01 02:15:07] [GATE-0] [INFO]   ✓ Work receipts directory exists
[2026-09-01 02:15:07] [GATE-0] [INFO]   ✓ Found       89 work receipt files
[2026-09-01 02:15:07] [GATE-0] [INFO] CHECK 5: Verifying Python dependencies...
[2026-09-01 02:15:08] [GATE-0] [INFO]   ✓ Python module available: json
[2026-09-01 02:15:08] [GATE-0] [INFO]   ✓ Python module available: hashlib
[2026-09-01 02:15:08] [GATE-0] [INFO]   ✓ Python module available: dataclasses
[2026-09-01 02:15:08] [GATE-0] [INFO]   ✓ Python module available: pathlib
[2026-09-01 02:15:08] [GATE-0] [INFO] CHECK 6: Verifying gate dependencies...
[2026-09-01 02:15:08] [GATE-0] [INFO]   ✓ Gate 1-3 validator script ready
[2026-09-01 02:15:08] [GATE-0] [INFO]   ✓ Gate 4-5 validator script ready
[2026-09-01 02:15:08] [GATE-0] [INFO]   ✓ agentacct capture module available
[2026-09-01 02:15:08] [GATE-0] [INFO]   ✓ unlazy gates module available
[2026-09-01 02:15:08] [GATE-0] [INFO] =========================================
[2026-09-01 02:15:08] [GATE-0] [INFO] Gate 0 Summary:
[2026-09-01 02:15:08] [GATE-0] [INFO]   Proof Artifacts: 4/7
[2026-09-01 02:15:08] [GATE-0] [INFO]   Git State:       1/3
[2026-09-01 02:15:08] [GATE-0] [INFO]   AP2 Ledger:      2/2
[2026-09-01 02:15:08] [GATE-0] [INFO]   Work Receipts:   2/2
[2026-09-01 02:15:08] [GATE-0] [INFO]   Python Modules:  4/4
[2026-09-01 02:15:08] [GATE-0] [INFO]   Dependencies:    4/4
[2026-09-01 02:15:08] [GATE-0] [INFO] =========================================
[2026-09-01 02:15:08] [GATE-0] [INFO] TOTAL: 17/22 checks passed
[2026-09-01 02:15:08] [GATE-0] [INFO] Gate 0 PASSED: Pre-flight verification complete
[2026-09-01 02:15:09] [GATE-0] [INFO] === Gate 0 Pre-Flight Verification ===
[2026-09-01 02:15:09] [GATE-0] [INFO] CHECK 1: Verifying proof artifacts...
[2026-09-01 02:15:09] [GATE-0] [INFO]   ✓ Found: 1_agentacct_config.json
[2026-09-01 02:15:09] [GATE-0] [WARN]   ✗ Missing: 2_unlazy_gates.md (will be generated during execution)
[2026-09-01 02:15:09] [GATE-0] [WARN]   ✗ Missing: 3_is_agentic.json (will be generated during execution)
[2026-09-01 02:15:09] [GATE-0] [WARN]   ✗ Missing: 4_canirun_grades.json (will be generated during execution)
[2026-09-01 02:15:09] [GATE-0] [INFO]   ✓ Found: 5_ap2_ledger_pqc.md
[2026-09-01 02:15:09] [GATE-0] [INFO]   ✓ Found: 6_ragas_golden_set.json
[2026-09-01 02:15:09] [GATE-0] [INFO]   ✓ Found: 7_freetoken_benchmark.json
[2026-09-01 02:15:09] [GATE-0] [INFO] CHECK 2: Verifying git state...
[2026-09-01 02:15:09] [GATE-0] [INFO]   ✓ Valid git repository
[2026-09-01 02:15:12] [GATE-0] [WARN]   ⚠ Uncommitted changes detected (non-blocking)
[2026-09-01 02:15:12] [GATE-0] [WARN]   ⚠ Last commit not signed (warning only)
[2026-09-01 02:15:12] [GATE-0] [INFO] CHECK 3: Verifying AP2 ledger structure...
[2026-09-01 02:15:12] [GATE-0] [INFO]   ✓ AP2 ledger directory exists
[2026-09-01 02:15:12] [GATE-0] [INFO]   ✓ Found        9 ledger entries
[2026-09-01 02:15:12] [GATE-0] [INFO] CHECK 4: Verifying work receipts directory...
[2026-09-01 02:15:12] [GATE-0] [INFO]   ✓ Work receipts directory exists
[2026-09-01 02:15:12] [GATE-0] [INFO]   ✓ Found       90 work receipt files
[2026-09-01 02:15:12] [GATE-0] [INFO] CHECK 5: Verifying Python dependencies...
[2026-09-01 02:15:12] [GATE-0] [INFO]   ✓ Python module available: json
[2026-09-01 02:15:12] [GATE-0] [INFO]   ✓ Python module available: hashlib
[2026-09-01 02:15:12] [GATE-0] [INFO]   ✓ Python module available: dataclasses
[2026-09-01 02:15:12] [GATE-0] [INFO]   ✓ Python module available: pathlib
[2026-09-01 02:15:12] [GATE-0] [INFO] CHECK 6: Verifying gate dependencies...
[2026-09-01 02:15:12] [GATE-0] [INFO]   ✓ Gate 1-3 validator script ready
[2026-09-01 02:15:12] [GATE-0] [INFO]   ✓ Gate 4-5 validator script ready
[2026-09-01 02:15:12] [GATE-0] [INFO]   ✓ agentacct capture module available
[2026-09-01 02:15:12] [GATE-0] [INFO]   ✓ unlazy gates module available
[2026-09-01 02:15:12] [GATE-0] [INFO] =========================================
[2026-09-01 02:15:12] [GATE-0] [INFO] Gate 0 Summary:
[2026-09-01 02:15:12] [GATE-0] [INFO]   Proof Artifacts: 4/7
[2026-09-01 02:15:12] [GATE-0] [INFO]   Git State:       1/3
[2026-09-01 02:15:12] [GATE-0] [INFO]   AP2 Ledger:      2/2
[2026-09-01 02:15:12] [GATE-0] [INFO]   Work Receipts:   2/2
[2026-09-01 02:15:12] [GATE-0] [INFO]   Python Modules:  4/4
[2026-09-01 02:15:12] [GATE-0] [INFO]   Dependencies:    4/4
[2026-09-01 02:15:12] [GATE-0] [INFO] =========================================
[2026-09-01 02:15:12] [GATE-0] [INFO] TOTAL: 17/22 checks passed
[2026-09-01 02:15:12] [GATE-0] [INFO] Gate 0 PASSED: Pre-flight verification complete
[2026-09-01 02:15:15] [GATE-0] [INFO] === Gate 0 Pre-Flight Verification ===
[2026-09-01 02:15:15] [GATE-0] [INFO] CHECK 1: Verifying proof artifacts...
[2026-09-01 02:15:15] [GATE-0] [INFO]   ✓ Found: 1_agentacct_config.json
[2026-09-01 02:15:15] [GATE-0] [WARN]   ✗ Missing: 2_unlazy_gates.md (will be generated during execution)
[2026-09-01 02:15:15] [GATE-0] [WARN]   ✗ Missing: 3_is_agentic.json (will be generated during execution)
[2026-09-01 02:15:15] [GATE-0] [WARN]   ✗ Missing: 4_canirun_grades.json (will be generated during execution)
[2026-09-01 02:15:15] [GATE-0] [INFO]   ✓ Found: 5_ap2_ledger_pqc.md
[2026-09-01 02:15:15] [GATE-0] [INFO]   ✓ Found: 6_ragas_golden_set.json
[2026-09-01 02:15:15] [GATE-0] [INFO]   ✓ Found: 7_freetoken_benchmark.json
[2026-09-01 02:15:15] [GATE-0] [INFO] CHECK 2: Verifying git state...
[2026-09-01 02:15:15] [GATE-0] [INFO]   ✓ Valid git repository
[2026-09-01 02:15:15] [GATE-0] [INFO] === Gate 0 Pre-Flight Verification ===
[2026-09-01 02:15:15] [GATE-0] [INFO] CHECK 1: Verifying proof artifacts...
[2026-09-01 02:15:15] [GATE-0] [INFO]   ✓ Found: 1_agentacct_config.json
[2026-09-01 02:15:15] [GATE-0] [WARN]   ✗ Missing: 2_unlazy_gates.md (will be generated during execution)
[2026-09-01 02:15:15] [GATE-0] [WARN]   ✗ Missing: 3_is_agentic.json (will be generated during execution)
[2026-09-01 02:15:15] [GATE-0] [WARN]   ✗ Missing: 4_canirun_grades.json (will be generated during execution)
[2026-09-01 02:15:15] [GATE-0] [INFO]   ✓ Found: 5_ap2_ledger_pqc.md
[2026-09-01 02:15:15] [GATE-0] [INFO]   ✓ Found: 6_ragas_golden_set.json
[2026-09-01 02:15:15] [GATE-0] [INFO]   ✓ Found: 7_freetoken_benchmark.json
[2026-09-01 02:15:15] [GATE-0] [INFO] CHECK 2: Verifying git state...
[2026-09-01 02:15:15] [GATE-0] [INFO]   ✓ Valid git repository
[2026-09-01 02:15:17] [GATE-0] [WARN]   ⚠ Uncommitted changes detected (non-blocking)
[2026-09-01 02:15:17] [GATE-0] [WARN]   ⚠ Uncommitted changes detected (non-blocking)
[2026-09-01 02:15:17] [GATE-0] [WARN]   ⚠ Last commit not signed (warning only)
[2026-09-01 02:15:17] [GATE-0] [WARN]   ⚠ Last commit not signed (warning only)
[2026-09-01 02:15:17] [GATE-0] [INFO] CHECK 3: Verifying AP2 ledger structure...
[2026-09-01 02:15:17] [GATE-0] [INFO] CHECK 3: Verifying AP2 ledger structure...
[2026-09-01 02:15:17] [GATE-0] [INFO]   ✓ AP2 ledger directory exists
[2026-09-01 02:15:17] [GATE-0] [INFO]   ✓ AP2 ledger directory exists
[2026-09-01 02:15:17] [GATE-0] [INFO]   ✓ Found        9 ledger entries
[2026-09-01 02:15:17] [GATE-0] [INFO]   ✓ Found        9 ledger entries
[2026-09-01 02:15:17] [GATE-0] [INFO] CHECK 4: Verifying work receipts directory...
[2026-09-01 02:15:17] [GATE-0] [INFO] CHECK 4: Verifying work receipts directory...
[2026-09-01 02:15:17] [GATE-0] [INFO]   ✓ Work receipts directory exists
[2026-09-01 02:15:17] [GATE-0] [INFO]   ✓ Work receipts directory exists
[2026-09-01 02:15:17] [GATE-0] [INFO]   ✓ Found       90 work receipt files
[2026-09-01 02:15:17] [GATE-0] [INFO]   ✓ Found       90 work receipt files
[2026-09-01 02:15:17] [GATE-0] [INFO] CHECK 5: Verifying Python dependencies...
[2026-09-01 02:15:17] [GATE-0] [INFO] CHECK 5: Verifying Python dependencies...
[2026-09-01 02:15:17] [GATE-0] [INFO] === Gate 0 Pre-Flight Verification ===
[2026-09-01 02:15:17] [GATE-0] [INFO] CHECK 1: Verifying proof artifacts...
[2026-09-01 02:15:17] [GATE-0] [INFO]   ✓ Found: 1_agentacct_config.json
[2026-09-01 02:15:17] [GATE-0] [WARN]   ✗ Missing: 2_unlazy_gates.md (will be generated during execution)
[2026-09-01 02:15:17] [GATE-0] [WARN]   ✗ Missing: 3_is_agentic.json (will be generated during execution)
[2026-09-01 02:15:17] [GATE-0] [WARN]   ✗ Missing: 4_canirun_grades.json (will be generated during execution)
[2026-09-01 02:15:17] [GATE-0] [INFO]   ✓ Found: 5_ap2_ledger_pqc.md
[2026-09-01 02:15:17] [GATE-0] [INFO]   ✓ Found: 6_ragas_golden_set.json
[2026-09-01 02:15:17] [GATE-0] [INFO]   ✓ Found: 7_freetoken_benchmark.json
[2026-09-01 02:15:17] [GATE-0] [INFO] CHECK 2: Verifying git state...
[2026-09-01 02:15:17] [GATE-0] [INFO]   ✓ Python module available: json
[2026-09-01 02:15:17] [GATE-0] [INFO]   ✓ Python module available: json
[2026-09-01 02:15:17] [GATE-0] [INFO]   ✓ Valid git repository
[2026-09-01 02:15:17] [GATE-0] [INFO]   ✓ Python module available: hashlib
[2026-09-01 02:15:17] [GATE-0] [INFO]   ✓ Python module available: hashlib
[2026-09-01 02:15:17] [GATE-0] [INFO]   ✓ Python module available: dataclasses
[2026-09-01 02:15:17] [GATE-0] [INFO]   ✓ Python module available: dataclasses
[2026-09-01 02:15:18] [GATE-0] [INFO]   ✓ Python module available: pathlib
[2026-09-01 02:15:18] [GATE-0] [INFO]   ✓ Python module available: pathlib
[2026-09-01 02:15:18] [GATE-0] [INFO] CHECK 6: Verifying gate dependencies...
[2026-09-01 02:15:18] [GATE-0] [INFO] CHECK 6: Verifying gate dependencies...
[2026-09-01 02:15:18] [GATE-0] [INFO]   ✓ Gate 1-3 validator script ready
[2026-09-01 02:15:18] [GATE-0] [INFO]   ✓ Gate 4-5 validator script ready
[2026-09-01 02:15:18] [GATE-0] [INFO]   ✓ Gate 1-3 validator script ready
[2026-09-01 02:15:18] [GATE-0] [INFO]   ✓ agentacct capture module available
[2026-09-01 02:15:18] [GATE-0] [INFO]   ✓ Gate 4-5 validator script ready
[2026-09-01 02:15:18] [GATE-0] [INFO]   ✓ unlazy gates module available
[2026-09-01 02:15:18] [GATE-0] [INFO]   ✓ agentacct capture module available
[2026-09-01 02:15:18] [GATE-0] [INFO] =========================================
[2026-09-01 02:15:18] [GATE-0] [INFO]   ✓ unlazy gates module available
[2026-09-01 02:15:18] [GATE-0] [INFO] =========================================
[2026-09-01 02:15:18] [GATE-0] [INFO] Gate 0 Summary:
[2026-09-01 02:15:18] [GATE-0] [INFO] Gate 0 Summary:
[2026-09-01 02:15:18] [GATE-0] [INFO]   Proof Artifacts: 4/7
[2026-09-01 02:15:18] [GATE-0] [INFO]   Proof Artifacts: 4/7
[2026-09-01 02:15:18] [GATE-0] [INFO]   Git State:       1/3
[2026-09-01 02:15:18] [GATE-0] [INFO]   Git State:       1/3
[2026-09-01 02:15:18] [GATE-0] [INFO]   AP2 Ledger:      2/2
[2026-09-01 02:15:18] [GATE-0] [INFO]   Work Receipts:   2/2
[2026-09-01 02:15:18] [GATE-0] [INFO]   AP2 Ledger:      2/2
[2026-09-01 02:15:18] [GATE-0] [INFO]   Python Modules:  4/4
[2026-09-01 02:15:18] [GATE-0] [INFO]   Work Receipts:   2/2
[2026-09-01 02:15:18] [GATE-0] [INFO]   Python Modules:  4/4
[2026-09-01 02:15:18] [GATE-0] [INFO]   Dependencies:    4/4
[2026-09-01 02:15:18] [GATE-0] [INFO] =========================================
[2026-09-01 02:15:18] [GATE-0] [INFO]   Dependencies:    4/4
[2026-09-01 02:15:18] [GATE-0] [INFO] TOTAL: 17/22 checks passed
[2026-09-01 02:15:18] [GATE-0] [INFO] =========================================
[2026-09-01 02:15:18] [GATE-0] [INFO] TOTAL: 17/22 checks passed
[2026-09-01 02:15:18] [GATE-0] [INFO] Gate 0 PASSED: Pre-flight verification complete
[2026-09-01 02:15:18] [GATE-0] [INFO] Gate 0 PASSED: Pre-flight verification complete
[2026-09-01 02:15:21] [GATE-0] [WARN]   ⚠ Uncommitted changes detected (non-blocking)
[2026-09-01 02:15:21] [GATE-0] [WARN]   ⚠ Last commit not signed (warning only)
[2026-09-01 02:15:21] [GATE-0] [INFO] CHECK 3: Verifying AP2 ledger structure...
[2026-09-01 02:15:21] [GATE-0] [INFO]   ✓ AP2 ledger directory exists
[2026-09-01 02:15:21] [GATE-0] [INFO]   ✓ Found        9 ledger entries
[2026-09-01 02:15:21] [GATE-0] [INFO] CHECK 4: Verifying work receipts directory...
[2026-09-01 02:15:21] [GATE-0] [INFO]   ✓ Work receipts directory exists
[2026-09-01 02:15:21] [GATE-0] [INFO]   ✓ Found       91 work receipt files
[2026-09-01 02:15:21] [GATE-0] [INFO] CHECK 5: Verifying Python dependencies...
[2026-09-01 02:15:21] [GATE-0] [INFO]   ✓ Python module available: json
[2026-09-01 02:15:21] [GATE-0] [INFO]   ✓ Python module available: hashlib
[2026-09-01 02:15:21] [GATE-0] [INFO]   ✓ Python module available: dataclasses
[2026-09-01 02:15:21] [GATE-0] [INFO]   ✓ Python module available: pathlib
[2026-09-01 02:15:21] [GATE-0] [INFO] CHECK 6: Verifying gate dependencies...
[2026-09-01 02:15:21] [GATE-0] [INFO]   ✓ Gate 1-3 validator script ready
[2026-09-01 02:15:21] [GATE-0] [INFO]   ✓ Gate 4-5 validator script ready
[2026-09-01 02:15:21] [GATE-0] [INFO]   ✓ agentacct capture module available
[2026-09-01 02:15:21] [GATE-0] [INFO]   ✓ unlazy gates module available
[2026-09-01 02:15:21] [GATE-0] [INFO] =========================================
[2026-09-01 02:15:21] [GATE-0] [INFO] Gate 0 Summary:
[2026-09-01 02:15:21] [GATE-0] [INFO]   Proof Artifacts: 4/7
[2026-09-01 02:15:21] [GATE-0] [INFO]   Git State:       1/3
[2026-09-01 02:15:21] [GATE-0] [INFO]   AP2 Ledger:      2/2
[2026-09-01 02:15:21] [GATE-0] [INFO]   Work Receipts:   2/2
[2026-09-01 02:15:21] [GATE-0] [INFO]   Python Modules:  4/4
[2026-09-01 02:15:21] [GATE-0] [INFO]   Dependencies:    4/4
[2026-09-01 02:15:21] [GATE-0] [INFO] =========================================
[2026-09-01 02:15:21] [GATE-0] [INFO] TOTAL: 17/22 checks passed
[2026-09-01 02:15:21] [GATE-0] [INFO] Gate 0 PASSED: Pre-flight verification complete
[2026-09-01 02:15:25] [GATE-0] [INFO] === Gate 0 Pre-Flight Verification ===
[2026-09-01 02:15:25] [GATE-0] [INFO] CHECK 1: Verifying proof artifacts...
[2026-09-01 02:15:25] [GATE-0] [INFO]   ✓ Found: 1_agentacct_config.json
[2026-09-01 02:15:25] [GATE-0] [WARN]   ✗ Missing: 2_unlazy_gates.md (will be generated during execution)
[2026-09-01 02:15:25] [GATE-0] [WARN]   ✗ Missing: 3_is_agentic.json (will be generated during execution)
[2026-09-01 02:15:25] [GATE-0] [WARN]   ✗ Missing: 4_canirun_grades.json (will be generated during execution)
[2026-09-01 02:15:25] [GATE-0] [INFO]   ✓ Found: 5_ap2_ledger_pqc.md
[2026-09-01 02:15:25] [GATE-0] [INFO]   ✓ Found: 6_ragas_golden_set.json
[2026-09-01 02:15:25] [GATE-0] [INFO]   ✓ Found: 7_freetoken_benchmark.json
[2026-09-01 02:15:25] [GATE-0] [INFO] CHECK 2: Verifying git state...
[2026-09-01 02:15:25] [GATE-0] [INFO]   ✓ Valid git repository
[2026-09-01 02:15:26] [GATE-0] [INFO] === Gate 0 Pre-Flight Verification ===
[2026-09-01 02:15:26] [GATE-0] [INFO] CHECK 1: Verifying proof artifacts...
[2026-09-01 02:15:26] [GATE-0] [INFO]   ✓ Found: 1_agentacct_config.json
[2026-09-01 02:15:26] [GATE-0] [WARN]   ✗ Missing: 2_unlazy_gates.md (will be generated during execution)
[2026-09-01 02:15:26] [GATE-0] [WARN]   ✗ Missing: 3_is_agentic.json (will be generated during execution)
[2026-09-01 02:15:26] [GATE-0] [WARN]   ✗ Missing: 4_canirun_grades.json (will be generated during execution)
[2026-09-01 02:15:26] [GATE-0] [INFO]   ✓ Found: 5_ap2_ledger_pqc.md
[2026-09-01 02:15:26] [GATE-0] [INFO]   ✓ Found: 6_ragas_golden_set.json
[2026-09-01 02:15:26] [GATE-0] [INFO]   ✓ Found: 7_freetoken_benchmark.json
[2026-09-01 02:15:26] [GATE-0] [INFO] CHECK 2: Verifying git state...
[2026-09-01 02:15:26] [GATE-0] [INFO]   ✓ Valid git repository
[2026-09-01 02:15:27] [GATE-0] [WARN]   ⚠ Uncommitted changes detected (non-blocking)
[2026-09-01 02:15:27] [GATE-0] [WARN]   ⚠ Last commit not signed (warning only)
[2026-09-01 02:15:27] [GATE-0] [INFO] CHECK 3: Verifying AP2 ledger structure...
[2026-09-01 02:15:27] [GATE-0] [INFO]   ✓ AP2 ledger directory exists
[2026-09-01 02:15:27] [GATE-0] [INFO]   ✓ Found        9 ledger entries
[2026-09-01 02:15:27] [GATE-0] [INFO] CHECK 4: Verifying work receipts directory...
[2026-09-01 02:15:27] [GATE-0] [INFO]   ✓ Work receipts directory exists
[2026-09-01 02:15:27] [GATE-0] [INFO]   ✓ Found       93 work receipt files
[2026-09-01 02:15:27] [GATE-0] [INFO] CHECK 5: Verifying Python dependencies...
[2026-09-01 02:15:28] [GATE-0] [INFO]   ✓ Python module available: json
[2026-09-01 02:15:28] [GATE-0] [INFO]   ✓ Python module available: hashlib
[2026-09-01 02:15:28] [GATE-0] [INFO]   ✓ Python module available: dataclasses
[2026-09-01 02:15:28] [GATE-0] [INFO]   ✓ Python module available: pathlib
[2026-09-01 02:15:28] [GATE-0] [INFO] CHECK 6: Verifying gate dependencies...
[2026-09-01 02:15:28] [GATE-0] [INFO]   ✓ Gate 1-3 validator script ready
[2026-09-01 02:15:28] [GATE-0] [INFO]   ✓ Gate 4-5 validator script ready
[2026-09-01 02:15:28] [GATE-0] [INFO]   ✓ agentacct capture module available
[2026-09-01 02:15:28] [GATE-0] [INFO]   ✓ unlazy gates module available
[2026-09-01 02:15:28] [GATE-0] [INFO] =========================================
[2026-09-01 02:15:28] [GATE-0] [INFO] Gate 0 Summary:
[2026-09-01 02:15:28] [GATE-0] [INFO]   Proof Artifacts: 4/7
[2026-09-01 02:15:28] [GATE-0] [INFO]   Git State:       1/3
[2026-09-01 02:15:28] [GATE-0] [INFO]   AP2 Ledger:      2/2
[2026-09-01 02:15:28] [GATE-0] [INFO]   Work Receipts:   2/2
[2026-09-01 02:15:28] [GATE-0] [INFO]   Python Modules:  4/4
[2026-09-01 02:15:28] [GATE-0] [INFO]   Dependencies:    4/4
[2026-09-01 02:15:28] [GATE-0] [INFO] =========================================
[2026-09-01 02:15:28] [GATE-0] [INFO] TOTAL: 17/22 checks passed
[2026-09-01 02:15:28] [GATE-0] [INFO] Gate 0 PASSED: Pre-flight verification complete
[2026-09-01 02:15:28] [GATE-0] [WARN]   ⚠ Uncommitted changes detected (non-blocking)
[2026-09-01 02:15:28] [GATE-0] [WARN]   ⚠ Last commit not signed (warning only)
[2026-09-01 02:15:28] [GATE-0] [INFO] CHECK 3: Verifying AP2 ledger structure...
[2026-09-01 02:15:28] [GATE-0] [INFO]   ✓ AP2 ledger directory exists
[2026-09-01 02:15:28] [GATE-0] [INFO]   ✓ Found        9 ledger entries
[2026-09-01 02:15:28] [GATE-0] [INFO] CHECK 4: Verifying work receipts directory...
[2026-09-01 02:15:28] [GATE-0] [INFO]   ✓ Work receipts directory exists
[2026-09-01 02:15:28] [GATE-0] [INFO]   ✓ Found       94 work receipt files
[2026-09-01 02:15:28] [GATE-0] [INFO] CHECK 5: Verifying Python dependencies...
[2026-09-01 02:15:28] [GATE-0] [INFO]   ✓ Python module available: json
[2026-09-01 02:15:28] [GATE-0] [INFO]   ✓ Python module available: hashlib
[2026-09-01 02:15:28] [GATE-0] [INFO]   ✓ Python module available: dataclasses
[2026-09-01 02:15:28] [GATE-0] [INFO]   ✓ Python module available: pathlib
[2026-09-01 02:15:28] [GATE-0] [INFO] CHECK 6: Verifying gate dependencies...
[2026-09-01 02:15:28] [GATE-0] [INFO]   ✓ Gate 1-3 validator script ready
[2026-09-01 02:15:28] [GATE-0] [INFO]   ✓ Gate 4-5 validator script ready
[2026-09-01 02:15:28] [GATE-0] [INFO]   ✓ agentacct capture module available
[2026-09-01 02:15:28] [GATE-0] [INFO]   ✓ unlazy gates module available
[2026-09-01 02:15:28] [GATE-0] [INFO] =========================================
[2026-09-01 02:15:28] [GATE-0] [INFO] Gate 0 Summary:
[2026-09-01 02:15:28] [GATE-0] [INFO]   Proof Artifacts: 4/7
[2026-09-01 02:15:28] [GATE-0] [INFO]   Git State:       1/3
[2026-09-01 02:15:28] [GATE-0] [INFO]   AP2 Ledger:      2/2
[2026-09-01 02:15:28] [GATE-0] [INFO]   Work Receipts:   2/2
[2026-09-01 02:15:28] [GATE-0] [INFO]   Python Modules:  4/4
[2026-09-01 02:15:28] [GATE-0] [INFO]   Dependencies:    4/4
[2026-09-01 02:15:28] [GATE-0] [INFO] =========================================
[2026-09-01 02:15:28] [GATE-0] [INFO] TOTAL: 17/22 checks passed
[2026-09-01 02:15:28] [GATE-0] [INFO] Gate 0 PASSED: Pre-flight verification complete
[2026-09-01 02:15:29] [GATE-0] [INFO] === Gate 0 Pre-Flight Verification ===
[2026-09-01 02:15:29] [GATE-0] [INFO] CHECK 1: Verifying proof artifacts...
[2026-09-01 02:15:29] [GATE-0] [INFO]   ✓ Found: 1_agentacct_config.json
[2026-09-01 02:15:29] [GATE-0] [WARN]   ✗ Missing: 2_unlazy_gates.md (will be generated during execution)
[2026-09-01 02:15:29] [GATE-0] [WARN]   ✗ Missing: 3_is_agentic.json (will be generated during execution)
[2026-09-01 02:15:29] [GATE-0] [WARN]   ✗ Missing: 4_canirun_grades.json (will be generated during execution)
[2026-09-01 02:15:29] [GATE-0] [INFO]   ✓ Found: 5_ap2_ledger_pqc.md
[2026-09-01 02:15:29] [GATE-0] [INFO]   ✓ Found: 6_ragas_golden_set.json
[2026-09-01 02:15:29] [GATE-0] [INFO]   ✓ Found: 7_freetoken_benchmark.json
[2026-09-01 02:15:29] [GATE-0] [INFO] CHECK 2: Verifying git state...
[2026-09-01 02:15:30] [GATE-0] [INFO]   ✓ Valid git repository
[2026-09-01 02:15:32] [GATE-0] [WARN]   ⚠ Uncommitted changes detected (non-blocking)
[2026-09-01 02:15:32] [GATE-0] [WARN]   ⚠ Last commit not signed (warning only)
[2026-09-01 02:15:32] [GATE-0] [INFO] CHECK 3: Verifying AP2 ledger structure...
[2026-09-01 02:15:32] [GATE-0] [INFO]   ✓ AP2 ledger directory exists
[2026-09-01 02:15:32] [GATE-0] [INFO]   ✓ Found        9 ledger entries
[2026-09-01 02:15:32] [GATE-0] [INFO] CHECK 4: Verifying work receipts directory...
[2026-09-01 02:15:32] [GATE-0] [INFO]   ✓ Work receipts directory exists
[2026-09-01 02:15:32] [GATE-0] [INFO]   ✓ Found       95 work receipt files
[2026-09-01 02:15:32] [GATE-0] [INFO] CHECK 5: Verifying Python dependencies...
[2026-09-01 02:15:32] [GATE-0] [INFO]   ✓ Python module available: json
[2026-09-01 02:15:32] [GATE-0] [INFO]   ✓ Python module available: hashlib
[2026-09-01 02:15:32] [GATE-0] [INFO]   ✓ Python module available: dataclasses
[2026-09-01 02:15:32] [GATE-0] [INFO]   ✓ Python module available: pathlib
[2026-09-01 02:15:32] [GATE-0] [INFO] CHECK 6: Verifying gate dependencies...
[2026-09-01 02:15:32] [GATE-0] [INFO]   ✓ Gate 1-3 validator script ready
[2026-09-01 02:15:32] [GATE-0] [INFO]   ✓ Gate 4-5 validator script ready
[2026-09-01 02:15:32] [GATE-0] [INFO]   ✓ agentacct capture module available
[2026-09-01 02:15:32] [GATE-0] [INFO]   ✓ unlazy gates module available
[2026-09-01 02:15:32] [GATE-0] [INFO] =========================================
[2026-09-01 02:15:32] [GATE-0] [INFO] Gate 0 Summary:
[2026-09-01 02:15:32] [GATE-0] [INFO]   Proof Artifacts: 4/7
[2026-09-01 02:15:32] [GATE-0] [INFO]   Git State:       1/3
[2026-09-01 02:15:32] [GATE-0] [INFO]   AP2 Ledger:      2/2
[2026-09-01 02:15:32] [GATE-0] [INFO]   Work Receipts:   2/2
[2026-09-01 02:15:32] [GATE-0] [INFO]   Python Modules:  4/4
[2026-09-01 02:15:32] [GATE-0] [INFO]   Dependencies:    4/4
[2026-09-01 02:15:32] [GATE-0] [INFO] =========================================
[2026-09-01 02:15:32] [GATE-0] [INFO] TOTAL: 17/22 checks passed
[2026-09-01 02:15:32] [GATE-0] [INFO] Gate 0 PASSED: Pre-flight verification complete
[2026-09-01 02:15:37] [GATE-0] [INFO] === Gate 0 Pre-Flight Verification ===
[2026-09-01 02:15:37] [GATE-0] [INFO] CHECK 1: Verifying proof artifacts...
[2026-09-01 02:15:37] [GATE-0] [INFO]   ✓ Found: 1_agentacct_config.json
[2026-09-01 02:15:37] [GATE-0] [WARN]   ✗ Missing: 2_unlazy_gates.md (will be generated during execution)
[2026-09-01 02:15:37] [GATE-0] [WARN]   ✗ Missing: 3_is_agentic.json (will be generated during execution)
[2026-09-01 02:15:37] [GATE-0] [WARN]   ✗ Missing: 4_canirun_grades.json (will be generated during execution)
[2026-09-01 02:15:37] [GATE-0] [INFO]   ✓ Found: 5_ap2_ledger_pqc.md
[2026-09-01 02:15:37] [GATE-0] [INFO]   ✓ Found: 6_ragas_golden_set.json
[2026-09-01 02:15:37] [GATE-0] [INFO]   ✓ Found: 7_freetoken_benchmark.json
[2026-09-01 02:15:37] [GATE-0] [INFO] CHECK 2: Verifying git state...
[2026-09-01 02:15:37] [GATE-0] [INFO]   ✓ Valid git repository
[2026-09-01 02:15:40] [GATE-0] [INFO] === Gate 0 Pre-Flight Verification ===
[2026-09-01 02:15:40] [GATE-0] [INFO] CHECK 1: Verifying proof artifacts...
[2026-09-01 02:15:40] [GATE-0] [INFO]   ✓ Found: 1_agentacct_config.json
[2026-09-01 02:15:40] [GATE-0] [WARN]   ✗ Missing: 2_unlazy_gates.md (will be generated during execution)
[2026-09-01 02:15:40] [GATE-0] [WARN]   ✗ Missing: 3_is_agentic.json (will be generated during execution)
[2026-09-01 02:15:40] [GATE-0] [WARN]   ✗ Missing: 4_canirun_grades.json (will be generated during execution)
[2026-09-01 02:15:40] [GATE-0] [INFO]   ✓ Found: 5_ap2_ledger_pqc.md
[2026-09-01 02:15:40] [GATE-0] [INFO]   ✓ Found: 6_ragas_golden_set.json
[2026-09-01 02:15:40] [GATE-0] [INFO]   ✓ Found: 7_freetoken_benchmark.json
[2026-09-01 02:15:40] [GATE-0] [INFO] CHECK 2: Verifying git state...
[2026-09-01 02:15:40] [GATE-0] [INFO]   ✓ Valid git repository
[2026-09-01 02:15:40] [GATE-0] [WARN]   ⚠ Uncommitted changes detected (non-blocking)
[2026-09-01 02:15:40] [GATE-0] [WARN]   ⚠ Last commit not signed (warning only)
[2026-09-01 02:15:40] [GATE-0] [INFO] CHECK 3: Verifying AP2 ledger structure...
[2026-09-01 02:15:40] [GATE-0] [INFO]   ✓ AP2 ledger directory exists
[2026-09-01 02:15:40] [GATE-0] [INFO]   ✓ Found        9 ledger entries
[2026-09-01 02:15:40] [GATE-0] [INFO] CHECK 4: Verifying work receipts directory...
[2026-09-01 02:15:40] [GATE-0] [INFO]   ✓ Work receipts directory exists
[2026-09-01 02:15:40] [GATE-0] [INFO]   ✓ Found       96 work receipt files
[2026-09-01 02:15:40] [GATE-0] [INFO] CHECK 5: Verifying Python dependencies...
[2026-09-01 02:15:40] [GATE-0] [INFO]   ✓ Python module available: json
[2026-09-01 02:15:40] [GATE-0] [INFO]   ✓ Python module available: hashlib
[2026-09-01 02:15:40] [GATE-0] [INFO]   ✓ Python module available: dataclasses
[2026-09-01 02:15:40] [GATE-0] [INFO]   ✓ Python module available: pathlib
[2026-09-01 02:15:41] [GATE-0] [INFO] CHECK 6: Verifying gate dependencies...
[2026-09-01 02:15:41] [GATE-0] [INFO]   ✓ Gate 1-3 validator script ready
[2026-09-01 02:15:41] [GATE-0] [INFO]   ✓ Gate 4-5 validator script ready
[2026-09-01 02:15:41] [GATE-0] [INFO]   ✓ agentacct capture module available
[2026-09-01 02:15:41] [GATE-0] [INFO]   ✓ unlazy gates module available
[2026-09-01 02:15:41] [GATE-0] [INFO] =========================================
[2026-09-01 02:15:41] [GATE-0] [INFO] Gate 0 Summary:
[2026-09-01 02:15:41] [GATE-0] [INFO]   Proof Artifacts: 4/7
[2026-09-01 02:15:41] [GATE-0] [INFO]   Git State:       1/3
[2026-09-01 02:15:41] [GATE-0] [INFO]   AP2 Ledger:      2/2
[2026-09-01 02:15:41] [GATE-0] [INFO]   Work Receipts:   2/2
[2026-09-01 02:15:41] [GATE-0] [INFO]   Python Modules:  4/4
[2026-09-01 02:15:41] [GATE-0] [INFO]   Dependencies:    4/4
[2026-09-01 02:15:41] [GATE-0] [INFO] =========================================
[2026-09-01 02:15:41] [GATE-0] [INFO] TOTAL: 17/22 checks passed
[2026-09-01 02:15:41] [GATE-0] [INFO] Gate 0 PASSED: Pre-flight verification complete
[2026-09-01 02:15:42] [GATE-0] [WARN]   ⚠ Uncommitted changes detected (non-blocking)
[2026-09-01 02:15:42] [GATE-0] [WARN]   ⚠ Last commit not signed (warning only)
[2026-09-01 02:15:42] [GATE-0] [INFO] CHECK 3: Verifying AP2 ledger structure...
[2026-09-01 02:15:42] [GATE-0] [INFO]   ✓ AP2 ledger directory exists
[2026-09-01 02:15:42] [GATE-0] [INFO]   ✓ Found        9 ledger entries
[2026-09-01 02:15:42] [GATE-0] [INFO] CHECK 4: Verifying work receipts directory...
[2026-09-01 02:15:42] [GATE-0] [INFO]   ✓ Work receipts directory exists
[2026-09-01 02:15:42] [GATE-0] [INFO]   ✓ Found       97 work receipt files
[2026-09-01 02:15:42] [GATE-0] [INFO] CHECK 5: Verifying Python dependencies...
[2026-09-01 02:15:42] [GATE-0] [INFO]   ✓ Python module available: json
[2026-09-01 02:15:42] [GATE-0] [INFO]   ✓ Python module available: hashlib
[2026-09-01 02:15:42] [GATE-0] [INFO]   ✓ Python module available: dataclasses
[2026-09-01 02:15:42] [GATE-0] [INFO]   ✓ Python module available: pathlib
[2026-09-01 02:15:42] [GATE-0] [INFO] CHECK 6: Verifying gate dependencies...
[2026-09-01 02:15:42] [GATE-0] [INFO]   ✓ Gate 1-3 validator script ready
[2026-09-01 02:15:42] [GATE-0] [INFO]   ✓ Gate 4-5 validator script ready
[2026-09-01 02:15:42] [GATE-0] [INFO]   ✓ agentacct capture module available
[2026-09-01 02:15:42] [GATE-0] [INFO]   ✓ unlazy gates module available
[2026-09-01 02:15:42] [GATE-0] [INFO] =========================================
[2026-09-01 02:15:42] [GATE-0] [INFO] Gate 0 Summary:
[2026-09-01 02:15:42] [GATE-0] [INFO]   Proof Artifacts: 4/7
[2026-09-01 02:15:42] [GATE-0] [INFO]   Git State:       1/3
[2026-09-01 02:15:42] [GATE-0] [INFO]   AP2 Ledger:      2/2
[2026-09-01 02:15:42] [GATE-0] [INFO]   Work Receipts:   2/2
[2026-09-01 02:15:42] [GATE-0] [INFO]   Python Modules:  4/4
[2026-09-01 02:15:42] [GATE-0] [INFO]   Dependencies:    4/4
[2026-09-01 02:15:42] [GATE-0] [INFO] =========================================
[2026-09-01 02:15:42] [GATE-0] [INFO] TOTAL: 17/22 checks passed
[2026-09-01 02:15:42] [GATE-0] [INFO] Gate 0 PASSED: Pre-flight verification complete
[2026-09-01 02:15:42] [GATE-0] [INFO] === Gate 0 Pre-Flight Verification ===
[2026-09-01 02:15:42] [GATE-0] [INFO] CHECK 1: Verifying proof artifacts...
[2026-09-01 02:15:42] [GATE-0] [INFO]   ✓ Found: 1_agentacct_config.json
[2026-09-01 02:15:42] [GATE-0] [WARN]   ✗ Missing: 2_unlazy_gates.md (will be generated during execution)
[2026-09-01 02:15:43] [GATE-0] [WARN]   ✗ Missing: 3_is_agentic.json (will be generated during execution)
[2026-09-01 02:15:43] [GATE-0] [WARN]   ✗ Missing: 4_canirun_grades.json (will be generated during execution)
[2026-09-01 02:15:43] [GATE-0] [INFO]   ✓ Found: 5_ap2_ledger_pqc.md
[2026-09-01 02:15:43] [GATE-0] [INFO]   ✓ Found: 6_ragas_golden_set.json
[2026-09-01 02:15:43] [GATE-0] [INFO]   ✓ Found: 7_freetoken_benchmark.json
[2026-09-01 02:15:43] [GATE-0] [INFO] CHECK 2: Verifying git state...
[2026-09-01 02:15:43] [GATE-0] [INFO]   ✓ Valid git repository
[2026-09-01 02:15:44] [GATE-0] [WARN]   ⚠ Uncommitted changes detected (non-blocking)
[2026-09-01 02:15:44] [GATE-0] [WARN]   ⚠ Last commit not signed (warning only)
[2026-09-01 02:15:44] [GATE-0] [INFO] CHECK 3: Verifying AP2 ledger structure...
[2026-09-01 02:15:44] [GATE-0] [INFO]   ✓ AP2 ledger directory exists
[2026-09-01 02:15:44] [GATE-0] [INFO]   ✓ Found        9 ledger entries
[2026-09-01 02:15:44] [GATE-0] [INFO] CHECK 4: Verifying work receipts directory...
[2026-09-01 02:15:44] [GATE-0] [INFO]   ✓ Work receipts directory exists
[2026-09-01 02:15:44] [GATE-0] [INFO]   ✓ Found       97 work receipt files
[2026-09-01 02:15:44] [GATE-0] [INFO] CHECK 5: Verifying Python dependencies...
[2026-09-01 02:15:44] [GATE-0] [INFO]   ✓ Python module available: json
[2026-09-01 02:15:44] [GATE-0] [INFO]   ✓ Python module available: hashlib
[2026-09-01 02:15:44] [GATE-0] [INFO]   ✓ Python module available: dataclasses
[2026-09-01 02:15:44] [GATE-0] [INFO]   ✓ Python module available: pathlib
[2026-09-01 02:15:44] [GATE-0] [INFO] CHECK 6: Verifying gate dependencies...
[2026-09-01 02:15:44] [GATE-0] [INFO]   ✓ Gate 1-3 validator script ready
[2026-09-01 02:15:44] [GATE-0] [INFO]   ✓ Gate 4-5 validator script ready
[2026-09-01 02:15:44] [GATE-0] [INFO]   ✓ agentacct capture module available
[2026-09-01 02:15:44] [GATE-0] [INFO]   ✓ unlazy gates module available
[2026-09-01 02:15:44] [GATE-0] [INFO] =========================================
[2026-09-01 02:15:44] [GATE-0] [INFO] Gate 0 Summary:
[2026-09-01 02:15:44] [GATE-0] [INFO]   Proof Artifacts: 4/7
[2026-09-01 02:15:44] [GATE-0] [INFO]   Git State:       1/3
[2026-09-01 02:15:44] [GATE-0] [INFO]   AP2 Ledger:      2/2
[2026-09-01 02:15:44] [GATE-0] [INFO]   Work Receipts:   2/2
[2026-09-01 02:15:44] [GATE-0] [INFO]   Python Modules:  4/4
[2026-09-01 02:15:44] [GATE-0] [INFO]   Dependencies:    4/4
[2026-09-01 02:15:44] [GATE-0] [INFO] =========================================
[2026-09-01 02:15:44] [GATE-0] [INFO] TOTAL: 17/22 checks passed
[2026-09-01 02:15:44] [GATE-0] [INFO] Gate 0 PASSED: Pre-flight verification complete
[2026-09-01 02:15:44] [GATE-0] [INFO] === Gate 0 Pre-Flight Verification ===
[2026-09-01 02:15:44] [GATE-0] [INFO] CHECK 1: Verifying proof artifacts...
[2026-09-01 02:15:44] [GATE-0] [INFO]   ✓ Found: 1_agentacct_config.json
[2026-09-01 02:15:44] [GATE-0] [WARN]   ✗ Missing: 2_unlazy_gates.md (will be generated during execution)
[2026-09-01 02:15:44] [GATE-0] [WARN]   ✗ Missing: 3_is_agentic.json (will be generated during execution)
[2026-09-01 02:15:44] [GATE-0] [WARN]   ✗ Missing: 4_canirun_grades.json (will be generated during execution)
[2026-09-01 02:15:44] [GATE-0] [INFO]   ✓ Found: 5_ap2_ledger_pqc.md
[2026-09-01 02:15:44] [GATE-0] [INFO] === Gate 0 Pre-Flight Verification ===
[2026-09-01 02:15:44] [GATE-0] [INFO]   ✓ Found: 6_ragas_golden_set.json
[2026-09-01 02:15:44] [GATE-0] [INFO] CHECK 1: Verifying proof artifacts...
[2026-09-01 02:15:44] [GATE-0] [INFO]   ✓ Found: 7_freetoken_benchmark.json
[2026-09-01 02:15:44] [GATE-0] [INFO]   ✓ Found: 1_agentacct_config.json
[2026-09-01 02:15:44] [GATE-0] [INFO] CHECK 2: Verifying git state...
[2026-09-01 02:15:44] [GATE-0] [WARN]   ✗ Missing: 2_unlazy_gates.md (will be generated during execution)
[2026-09-01 02:15:44] [GATE-0] [WARN]   ✗ Missing: 3_is_agentic.json (will be generated during execution)
[2026-09-01 02:15:44] [GATE-0] [WARN]   ✗ Missing: 4_canirun_grades.json (will be generated during execution)
[2026-09-01 02:15:44] [GATE-0] [INFO]   ✓ Found: 5_ap2_ledger_pqc.md
[2026-09-01 02:15:44] [GATE-0] [INFO]   ✓ Valid git repository
[2026-09-01 02:15:44] [GATE-0] [INFO]   ✓ Found: 6_ragas_golden_set.json
[2026-09-01 02:15:44] [GATE-0] [INFO]   ✓ Found: 7_freetoken_benchmark.json
[2026-09-01 02:15:44] [GATE-0] [INFO] CHECK 2: Verifying git state...
[2026-09-01 02:15:45] [GATE-0] [INFO]   ✓ Valid git repository
[2026-09-01 02:15:46] [GATE-0] [WARN]   ⚠ Uncommitted changes detected (non-blocking)
[2026-09-01 02:15:46] [GATE-0] [WARN]   ⚠ Uncommitted changes detected (non-blocking)
[2026-09-01 02:15:46] [GATE-0] [WARN]   ⚠ Last commit not signed (warning only)
[2026-09-01 02:15:46] [GATE-0] [WARN]   ⚠ Last commit not signed (warning only)
[2026-09-01 02:15:46] [GATE-0] [INFO] CHECK 3: Verifying AP2 ledger structure...
[2026-09-01 02:15:46] [GATE-0] [INFO] CHECK 3: Verifying AP2 ledger structure...
[2026-09-01 02:15:46] [GATE-0] [INFO]   ✓ AP2 ledger directory exists
[2026-09-01 02:15:46] [GATE-0] [INFO]   ✓ AP2 ledger directory exists
[2026-09-01 02:15:46] [GATE-0] [INFO]   ✓ Found        9 ledger entries
[2026-09-01 02:15:46] [GATE-0] [INFO]   ✓ Found        9 ledger entries
[2026-09-01 02:15:46] [GATE-0] [INFO] CHECK 4: Verifying work receipts directory...
[2026-09-01 02:15:46] [GATE-0] [INFO] CHECK 4: Verifying work receipts directory...
[2026-09-01 02:15:46] [GATE-0] [INFO]   ✓ Work receipts directory exists
[2026-09-01 02:15:46] [GATE-0] [INFO]   ✓ Work receipts directory exists
[2026-09-01 02:15:46] [GATE-0] [INFO]   ✓ Found       97 work receipt files
[2026-09-01 02:15:46] [GATE-0] [INFO]   ✓ Found       97 work receipt files
[2026-09-01 02:15:46] [GATE-0] [INFO] CHECK 5: Verifying Python dependencies...
[2026-09-01 02:15:46] [GATE-0] [INFO] CHECK 5: Verifying Python dependencies...
[2026-09-01 02:15:46] [GATE-0] [INFO]   ✓ Python module available: json
[2026-09-01 02:15:46] [GATE-0] [INFO]   ✓ Python module available: json
[2026-09-01 02:15:46] [GATE-0] [INFO]   ✓ Python module available: hashlib
[2026-09-01 02:15:46] [GATE-0] [INFO]   ✓ Python module available: hashlib
[2026-09-01 02:15:46] [GATE-0] [INFO]   ✓ Python module available: dataclasses
[2026-09-01 02:15:46] [GATE-0] [INFO]   ✓ Python module available: dataclasses
[2026-09-01 02:15:46] [GATE-0] [INFO]   ✓ Python module available: pathlib
[2026-09-01 02:15:46] [GATE-0] [INFO]   ✓ Python module available: pathlib
[2026-09-01 02:15:46] [GATE-0] [INFO] CHECK 6: Verifying gate dependencies...
[2026-09-01 02:15:46] [GATE-0] [INFO] CHECK 6: Verifying gate dependencies...
[2026-09-01 02:15:46] [GATE-0] [INFO]   ✓ Gate 1-3 validator script ready
[2026-09-01 02:15:46] [GATE-0] [INFO]   ✓ Gate 1-3 validator script ready
[2026-09-01 02:15:46] [GATE-0] [INFO]   ✓ Gate 4-5 validator script ready
[2026-09-01 02:15:46] [GATE-0] [INFO]   ✓ Gate 4-5 validator script ready
[2026-09-01 02:15:46] [GATE-0] [INFO]   ✓ agentacct capture module available
[2026-09-01 02:15:46] [GATE-0] [INFO]   ✓ agentacct capture module available
[2026-09-01 02:15:46] [GATE-0] [INFO]   ✓ unlazy gates module available
[2026-09-01 02:15:46] [GATE-0] [INFO]   ✓ unlazy gates module available
[2026-09-01 02:15:46] [GATE-0] [INFO] =========================================
[2026-09-01 02:15:46] [GATE-0] [INFO] =========================================
[2026-09-01 02:15:46] [GATE-0] [INFO] Gate 0 Summary:
[2026-09-01 02:15:46] [GATE-0] [INFO] Gate 0 Summary:
[2026-09-01 02:15:46] [GATE-0] [INFO]   Proof Artifacts: 4/7
[2026-09-01 02:15:46] [GATE-0] [INFO]   Proof Artifacts: 4/7
[2026-09-01 02:15:46] [GATE-0] [INFO]   Git State:       1/3
[2026-09-01 02:15:46] [GATE-0] [INFO]   Git State:       1/3
[2026-09-01 02:15:46] [GATE-0] [INFO] === Gate 0 Pre-Flight Verification ===
[2026-09-01 02:15:46] [GATE-0] [INFO]   AP2 Ledger:      2/2
[2026-09-01 02:15:46] [GATE-0] [INFO]   AP2 Ledger:      2/2
[2026-09-01 02:15:46] [GATE-0] [INFO] CHECK 1: Verifying proof artifacts...
[2026-09-01 02:15:46] [GATE-0] [INFO]   Work Receipts:   2/2
[2026-09-01 02:15:46] [GATE-0] [INFO]   Work Receipts:   2/2
[2026-09-01 02:15:46] [GATE-0] [INFO]   ✓ Found: 1_agentacct_config.json
[2026-09-01 02:15:46] [GATE-0] [INFO]   Python Modules:  4/4
[2026-09-01 02:15:46] [GATE-0] [INFO]   Python Modules:  4/4
[2026-09-01 02:15:46] [GATE-0] [WARN]   ✗ Missing: 2_unlazy_gates.md (will be generated during execution)
[2026-09-01 02:15:46] [GATE-0] [INFO]   Dependencies:    4/4
[2026-09-01 02:15:46] [GATE-0] [INFO]   Dependencies:    4/4
[2026-09-01 02:15:46] [GATE-0] [WARN]   ✗ Missing: 3_is_agentic.json (will be generated during execution)
[2026-09-01 02:15:46] [GATE-0] [INFO] =========================================
[2026-09-01 02:15:46] [GATE-0] [INFO] =========================================
[2026-09-01 02:15:46] [GATE-0] [WARN]   ✗ Missing: 4_canirun_grades.json (will be generated during execution)
[2026-09-01 02:15:46] [GATE-0] [INFO] TOTAL: 17/22 checks passed
[2026-09-01 02:15:46] [GATE-0] [INFO] TOTAL: 17/22 checks passed
[2026-09-01 02:15:46] [GATE-0] [INFO] Gate 0 PASSED: Pre-flight verification complete
[2026-09-01 02:15:46] [GATE-0] [INFO]   ✓ Found: 5_ap2_ledger_pqc.md
[2026-09-01 02:15:46] [GATE-0] [INFO] Gate 0 PASSED: Pre-flight verification complete
[2026-09-01 02:15:46] [GATE-0] [INFO]   ✓ Found: 6_ragas_golden_set.json
[2026-09-01 02:15:46] [GATE-0] [INFO]   ✓ Found: 7_freetoken_benchmark.json
[2026-09-01 02:15:46] [GATE-0] [INFO] CHECK 2: Verifying git state...
[2026-09-01 02:15:46] [GATE-0] [INFO]   ✓ Valid git repository
[2026-09-01 02:15:48] [GATE-0] [WARN]   ⚠ Uncommitted changes detected (non-blocking)
[2026-09-01 02:15:48] [GATE-0] [WARN]   ⚠ Last commit not signed (warning only)
[2026-09-01 02:15:48] [GATE-0] [INFO] CHECK 3: Verifying AP2 ledger structure...
[2026-09-01 02:15:48] [GATE-0] [INFO]   ✓ AP2 ledger directory exists
[2026-09-01 02:15:48] [GATE-0] [INFO]   ✓ Found        9 ledger entries
[2026-09-01 02:15:48] [GATE-0] [INFO] CHECK 4: Verifying work receipts directory...
[2026-09-01 02:15:48] [GATE-0] [INFO]   ✓ Work receipts directory exists
[2026-09-01 02:15:48] [GATE-0] [INFO]   ✓ Found       98 work receipt files
[2026-09-01 02:15:48] [GATE-0] [INFO] CHECK 5: Verifying Python dependencies...
[2026-09-01 02:15:48] [GATE-0] [INFO]   ✓ Python module available: json
[2026-09-01 02:15:48] [GATE-0] [INFO]   ✓ Python module available: hashlib
[2026-09-01 02:15:48] [GATE-0] [INFO]   ✓ Python module available: dataclasses
[2026-09-01 02:15:48] [GATE-0] [INFO]   ✓ Python module available: pathlib
[2026-09-01 02:15:48] [GATE-0] [INFO] CHECK 6: Verifying gate dependencies...
[2026-09-01 02:15:48] [GATE-0] [INFO]   ✓ Gate 1-3 validator script ready
[2026-09-01 02:15:48] [GATE-0] [INFO]   ✓ Gate 4-5 validator script ready
[2026-09-01 02:15:48] [GATE-0] [INFO]   ✓ agentacct capture module available
[2026-09-01 02:15:48] [GATE-0] [INFO]   ✓ unlazy gates module available
[2026-09-01 02:15:48] [GATE-0] [INFO] =========================================
[2026-09-01 02:15:48] [GATE-0] [INFO] Gate 0 Summary:
[2026-09-01 02:15:48] [GATE-0] [INFO]   Proof Artifacts: 4/7
[2026-09-01 02:15:48] [GATE-0] [INFO]   Git State:       1/3
[2026-09-01 02:15:48] [GATE-0] [INFO]   AP2 Ledger:      2/2
[2026-09-01 02:15:48] [GATE-0] [INFO]   Work Receipts:   2/2
[2026-09-01 02:15:48] [GATE-0] [INFO]   Python Modules:  4/4
[2026-09-01 02:15:48] [GATE-0] [INFO]   Dependencies:    4/4
[2026-09-01 02:15:48] [GATE-0] [INFO] =========================================
[2026-09-01 02:15:48] [GATE-0] [INFO] TOTAL: 17/22 checks passed
[2026-09-01 02:15:48] [GATE-0] [INFO] Gate 0 PASSED: Pre-flight verification complete
[2026-09-01 02:15:49] [GATE-0] [INFO] === Gate 0 Pre-Flight Verification ===
[2026-09-01 02:15:49] [GATE-0] [INFO] CHECK 1: Verifying proof artifacts...
[2026-09-01 02:15:49] [GATE-0] [INFO]   ✓ Found: 1_agentacct_config.json
[2026-09-01 02:15:49] [GATE-0] [WARN]   ✗ Missing: 2_unlazy_gates.md (will be generated during execution)
[2026-09-01 02:15:49] [GATE-0] [WARN]   ✗ Missing: 3_is_agentic.json (will be generated during execution)
[2026-09-01 02:15:49] [GATE-0] [WARN]   ✗ Missing: 4_canirun_grades.json (will be generated during execution)
[2026-09-01 02:15:49] [GATE-0] [INFO]   ✓ Found: 5_ap2_ledger_pqc.md
[2026-09-01 02:15:49] [GATE-0] [INFO]   ✓ Found: 6_ragas_golden_set.json
[2026-09-01 02:15:49] [GATE-0] [INFO]   ✓ Found: 7_freetoken_benchmark.json
[2026-09-01 02:15:49] [GATE-0] [INFO] CHECK 2: Verifying git state...
[2026-09-01 02:15:49] [GATE-0] [INFO]   ✓ Valid git repository
[2026-09-01 02:15:50] [GATE-0] [INFO] === Gate 0 Pre-Flight Verification ===
[2026-09-01 02:15:50] [GATE-0] [INFO] CHECK 1: Verifying proof artifacts...
[2026-09-01 02:15:50] [GATE-0] [INFO]   ✓ Found: 1_agentacct_config.json
[2026-09-01 02:15:50] [GATE-0] [WARN]   ✗ Missing: 2_unlazy_gates.md (will be generated during execution)
[2026-09-01 02:15:50] [GATE-0] [WARN]   ✗ Missing: 3_is_agentic.json (will be generated during execution)
[2026-09-01 02:15:50] [GATE-0] [WARN]   ✗ Missing: 4_canirun_grades.json (will be generated during execution)
[2026-09-01 02:15:50] [GATE-0] [INFO]   ✓ Found: 5_ap2_ledger_pqc.md
[2026-09-01 02:15:50] [GATE-0] [INFO]   ✓ Found: 6_ragas_golden_set.json
[2026-09-01 02:15:50] [GATE-0] [INFO]   ✓ Found: 7_freetoken_benchmark.json
[2026-09-01 02:15:50] [GATE-0] [INFO] CHECK 2: Verifying git state...
[2026-09-01 02:15:50] [GATE-0] [INFO]   ✓ Valid git repository
[2026-09-01 02:15:52] [GATE-0] [WARN]   ⚠ Uncommitted changes detected (non-blocking)
[2026-09-01 02:15:52] [GATE-0] [WARN]   ⚠ Last commit not signed (warning only)
[2026-09-01 02:15:52] [GATE-0] [INFO] CHECK 3: Verifying AP2 ledger structure...
[2026-09-01 02:15:52] [GATE-0] [INFO]   ✓ AP2 ledger directory exists
[2026-09-01 02:15:52] [GATE-0] [INFO]   ✓ Found        9 ledger entries
[2026-09-01 02:15:52] [GATE-0] [INFO] CHECK 4: Verifying work receipts directory...
[2026-09-01 02:15:52] [GATE-0] [INFO]   ✓ Work receipts directory exists
[2026-09-01 02:15:52] [GATE-0] [INFO]   ✓ Found       98 work receipt files
[2026-09-01 02:15:52] [GATE-0] [INFO] CHECK 5: Verifying Python dependencies...
[2026-09-01 02:15:52] [GATE-0] [INFO]   ✓ Python module available: json
[2026-09-01 02:15:52] [GATE-0] [INFO]   ✓ Python module available: hashlib
[2026-09-01 02:15:52] [GATE-0] [INFO]   ✓ Python module available: dataclasses
[2026-09-01 02:15:52] [GATE-0] [INFO]   ✓ Python module available: pathlib
[2026-09-01 02:15:52] [GATE-0] [INFO] CHECK 6: Verifying gate dependencies...
[2026-09-01 02:15:52] [GATE-0] [INFO]   ✓ Gate 1-3 validator script ready
[2026-09-01 02:15:52] [GATE-0] [INFO]   ✓ Gate 4-5 validator script ready
[2026-09-01 02:15:52] [GATE-0] [INFO]   ✓ agentacct capture module available
[2026-09-01 02:15:52] [GATE-0] [INFO]   ✓ unlazy gates module available
[2026-09-01 02:15:52] [GATE-0] [INFO] =========================================
[2026-09-01 02:15:52] [GATE-0] [INFO] Gate 0 Summary:
[2026-09-01 02:15:52] [GATE-0] [INFO]   Proof Artifacts: 4/7
[2026-09-01 02:15:52] [GATE-0] [INFO]   Git State:       1/3
[2026-09-01 02:15:52] [GATE-0] [INFO]   AP2 Ledger:      2/2
[2026-09-01 02:15:52] [GATE-0] [INFO]   Work Receipts:   2/2
[2026-09-01 02:15:52] [GATE-0] [INFO]   Python Modules:  4/4
[2026-09-01 02:15:52] [GATE-0] [INFO]   Dependencies:    4/4
[2026-09-01 02:15:52] [GATE-0] [INFO] =========================================
[2026-09-01 02:15:52] [GATE-0] [INFO] TOTAL: 17/22 checks passed
[2026-09-01 02:15:52] [GATE-0] [INFO] Gate 0 PASSED: Pre-flight verification complete
[2026-09-01 02:15:52] [GATE-0] [WARN]   ⚠ Uncommitted changes detected (non-blocking)
[2026-09-01 02:15:52] [GATE-0] [WARN]   ⚠ Last commit not signed (warning only)
[2026-09-01 02:15:52] [GATE-0] [INFO] CHECK 3: Verifying AP2 ledger structure...
[2026-09-01 02:15:52] [GATE-0] [INFO]   ✓ AP2 ledger directory exists
[2026-09-01 02:15:52] [GATE-0] [INFO]   ✓ Found        9 ledger entries
[2026-09-01 02:15:52] [GATE-0] [INFO] CHECK 4: Verifying work receipts directory...
[2026-09-01 02:15:52] [GATE-0] [INFO]   ✓ Work receipts directory exists
[2026-09-01 02:15:52] [GATE-0] [INFO]   ✓ Found       99 work receipt files
[2026-09-01 02:15:52] [GATE-0] [INFO] CHECK 5: Verifying Python dependencies...
[2026-09-01 02:15:52] [GATE-0] [INFO]   ✓ Python module available: json
[2026-09-01 02:15:52] [GATE-0] [INFO]   ✓ Python module available: hashlib
[2026-09-01 02:15:52] [GATE-0] [INFO]   ✓ Python module available: dataclasses
[2026-09-01 02:15:52] [GATE-0] [INFO]   ✓ Python module available: pathlib
[2026-09-01 02:15:52] [GATE-0] [INFO] CHECK 6: Verifying gate dependencies...
[2026-09-01 02:15:52] [GATE-0] [INFO]   ✓ Gate 1-3 validator script ready
[2026-09-01 02:15:52] [GATE-0] [INFO]   ✓ Gate 4-5 validator script ready
[2026-09-01 02:15:52] [GATE-0] [INFO]   ✓ agentacct capture module available
[2026-09-01 02:15:52] [GATE-0] [INFO]   ✓ unlazy gates module available
[2026-09-01 02:15:52] [GATE-0] [INFO] =========================================
[2026-09-01 02:15:52] [GATE-0] [INFO] Gate 0 Summary:
[2026-09-01 02:15:52] [GATE-0] [INFO]   Proof Artifacts: 4/7
[2026-09-01 02:15:52] [GATE-0] [INFO]   Git State:       1/3
[2026-09-01 02:15:52] [GATE-0] [INFO]   AP2 Ledger:      2/2
[2026-09-01 02:15:52] [GATE-0] [INFO]   Work Receipts:   2/2
[2026-09-01 02:15:52] [GATE-0] [INFO]   Python Modules:  4/4
[2026-09-01 02:15:52] [GATE-0] [INFO]   Dependencies:    4/4
[2026-09-01 02:15:52] [GATE-0] [INFO] =========================================
[2026-09-01 02:15:52] [GATE-0] [INFO] TOTAL: 17/22 checks passed
[2026-09-01 02:15:52] [GATE-0] [INFO] Gate 0 PASSED: Pre-flight verification complete
[2026-09-01 02:15:54] [GATE-0] [INFO] === Gate 0 Pre-Flight Verification ===
[2026-09-01 02:15:54] [GATE-0] [INFO] CHECK 1: Verifying proof artifacts...
[2026-09-01 02:15:54] [GATE-0] [INFO]   ✓ Found: 1_agentacct_config.json
[2026-09-01 02:15:54] [GATE-0] [WARN]   ✗ Missing: 2_unlazy_gates.md (will be generated during execution)
[2026-09-01 02:15:54] [GATE-0] [WARN]   ✗ Missing: 3_is_agentic.json (will be generated during execution)
[2026-09-01 02:15:54] [GATE-0] [WARN]   ✗ Missing: 4_canirun_grades.json (will be generated during execution)
[2026-09-01 02:15:54] [GATE-0] [INFO]   ✓ Found: 5_ap2_ledger_pqc.md
[2026-09-01 02:15:54] [GATE-0] [INFO]   ✓ Found: 6_ragas_golden_set.json
[2026-09-01 02:15:54] [GATE-0] [INFO]   ✓ Found: 7_freetoken_benchmark.json
[2026-09-01 02:15:54] [GATE-0] [INFO] CHECK 2: Verifying git state...
[2026-09-01 02:15:54] [GATE-0] [INFO]   ✓ Valid git repository
[2026-09-01 02:15:57] [GATE-0] [WARN]   ⚠ Uncommitted changes detected (non-blocking)
[2026-09-01 02:15:57] [GATE-0] [WARN]   ⚠ Last commit not signed (warning only)
[2026-09-01 02:15:57] [GATE-0] [INFO] CHECK 3: Verifying AP2 ledger structure...
[2026-09-01 02:15:57] [GATE-0] [INFO]   ✓ AP2 ledger directory exists
[2026-09-01 02:15:57] [GATE-0] [INFO]   ✓ Found        9 ledger entries
[2026-09-01 02:15:57] [GATE-0] [INFO] CHECK 4: Verifying work receipts directory...
[2026-09-01 02:15:57] [GATE-0] [INFO]   ✓ Work receipts directory exists
[2026-09-01 02:15:57] [GATE-0] [INFO] === Gate 0 Pre-Flight Verification ===
[2026-09-01 02:15:57] [GATE-0] [INFO] CHECK 1: Verifying proof artifacts...
[2026-09-01 02:15:57] [GATE-0] [INFO]   ✓ Found       99 work receipt files
[2026-09-01 02:15:57] [GATE-0] [INFO]   ✓ Found: 1_agentacct_config.json
[2026-09-01 02:15:57] [GATE-0] [INFO] CHECK 5: Verifying Python dependencies...
[2026-09-01 02:15:57] [GATE-0] [WARN]   ✗ Missing: 2_unlazy_gates.md (will be generated during execution)
[2026-09-01 02:15:57] [GATE-0] [WARN]   ✗ Missing: 3_is_agentic.json (will be generated during execution)
[2026-09-01 02:15:57] [GATE-0] [WARN]   ✗ Missing: 4_canirun_grades.json (will be generated during execution)
[2026-09-01 02:15:57] [GATE-0] [INFO]   ✓ Found: 5_ap2_ledger_pqc.md
[2026-09-01 02:15:57] [GATE-0] [INFO]   ✓ Found: 6_ragas_golden_set.json
[2026-09-01 02:15:57] [GATE-0] [INFO]   ✓ Found: 7_freetoken_benchmark.json
[2026-09-01 02:15:57] [GATE-0] [INFO] CHECK 2: Verifying git state...
[2026-09-01 02:15:57] [GATE-0] [INFO]   ✓ Valid git repository
[2026-09-01 02:15:57] [GATE-0] [INFO]   ✓ Python module available: json
[2026-09-01 02:15:57] [GATE-0] [INFO]   ✓ Python module available: hashlib
[2026-09-01 02:15:57] [GATE-0] [INFO]   ✓ Python module available: dataclasses
[2026-09-01 02:15:57] [GATE-0] [INFO]   ✓ Python module available: pathlib
[2026-09-01 02:15:57] [GATE-0] [INFO] CHECK 6: Verifying gate dependencies...
[2026-09-01 02:15:57] [GATE-0] [INFO]   ✓ Gate 1-3 validator script ready
[2026-09-01 02:15:57] [GATE-0] [INFO]   ✓ Gate 4-5 validator script ready
[2026-09-01 02:15:57] [GATE-0] [INFO]   ✓ agentacct capture module available
[2026-09-01 02:15:57] [GATE-0] [INFO]   ✓ unlazy gates module available
[2026-09-01 02:15:57] [GATE-0] [INFO] =========================================
[2026-09-01 02:15:57] [GATE-0] [INFO] Gate 0 Summary:
[2026-09-01 02:15:57] [GATE-0] [INFO]   Proof Artifacts: 4/7
[2026-09-01 02:15:57] [GATE-0] [INFO]   Git State:       1/3
[2026-09-01 02:15:57] [GATE-0] [INFO]   AP2 Ledger:      2/2
[2026-09-01 02:15:57] [GATE-0] [INFO]   Work Receipts:   2/2
[2026-09-01 02:15:57] [GATE-0] [INFO]   Python Modules:  4/4
[2026-09-01 02:15:57] [GATE-0] [INFO]   Dependencies:    4/4
[2026-09-01 02:15:57] [GATE-0] [INFO] =========================================
[2026-09-01 02:15:57] [GATE-0] [INFO] TOTAL: 17/22 checks passed
[2026-09-01 02:15:57] [GATE-0] [INFO] Gate 0 PASSED: Pre-flight verification complete
[2026-09-01 02:15:58] [GATE-0] [INFO] === Gate 0 Pre-Flight Verification ===
[2026-09-01 02:15:58] [GATE-0] [INFO] CHECK 1: Verifying proof artifacts...
[2026-09-01 02:15:58] [GATE-0] [INFO]   ✓ Found: 1_agentacct_config.json
[2026-09-01 02:15:58] [GATE-0] [WARN]   ✗ Missing: 2_unlazy_gates.md (will be generated during execution)
[2026-09-01 02:15:58] [GATE-0] [WARN]   ✗ Missing: 3_is_agentic.json (will be generated during execution)
[2026-09-01 02:15:58] [GATE-0] [WARN]   ✗ Missing: 4_canirun_grades.json (will be generated during execution)
[2026-09-01 02:15:58] [GATE-0] [INFO]   ✓ Found: 5_ap2_ledger_pqc.md
[2026-09-01 02:15:58] [GATE-0] [INFO]   ✓ Found: 6_ragas_golden_set.json
[2026-09-01 02:15:58] [GATE-0] [INFO]   ✓ Found: 7_freetoken_benchmark.json
[2026-09-01 02:15:58] [GATE-0] [INFO] CHECK 2: Verifying git state...
[2026-09-01 02:15:58] [GATE-0] [INFO]   ✓ Valid git repository
[2026-09-01 02:15:59] [GATE-0] [INFO] === Gate 0 Pre-Flight Verification ===
[2026-09-01 02:15:59] [GATE-0] [INFO] CHECK 1: Verifying proof artifacts...
[2026-09-01 02:15:59] [GATE-0] [INFO]   ✓ Found: 1_agentacct_config.json
[2026-09-01 02:15:59] [GATE-0] [WARN]   ✗ Missing: 2_unlazy_gates.md (will be generated during execution)
[2026-09-01 02:15:59] [GATE-0] [WARN]   ✗ Missing: 3_is_agentic.json (will be generated during execution)
[2026-09-01 02:15:59] [GATE-0] [WARN]   ✗ Missing: 4_canirun_grades.json (will be generated during execution)
[2026-09-01 02:15:59] [GATE-0] [INFO]   ✓ Found: 5_ap2_ledger_pqc.md
[2026-09-01 02:15:59] [GATE-0] [INFO]   ✓ Found: 6_ragas_golden_set.json
[2026-09-01 02:15:59] [GATE-0] [INFO]   ✓ Found: 7_freetoken_benchmark.json
[2026-09-01 02:15:59] [GATE-0] [INFO] CHECK 2: Verifying git state...
[2026-09-01 02:15:59] [GATE-0] [INFO]   ✓ Valid git repository
[2026-09-01 02:15:59] [GATE-0] [WARN]   ⚠ Uncommitted changes detected (non-blocking)
[2026-09-01 02:15:59] [GATE-0] [WARN]   ⚠ Last commit not signed (warning only)
[2026-09-01 02:15:59] [GATE-0] [INFO] CHECK 3: Verifying AP2 ledger structure...
[2026-09-01 02:15:59] [GATE-0] [INFO]   ✓ AP2 ledger directory exists
[2026-09-01 02:15:59] [GATE-0] [INFO]   ✓ Found        9 ledger entries
[2026-09-01 02:15:59] [GATE-0] [INFO] CHECK 4: Verifying work receipts directory...
[2026-09-01 02:15:59] [GATE-0] [INFO]   ✓ Work receipts directory exists
[2026-09-01 02:15:59] [GATE-0] [INFO]   ✓ Found       99 work receipt files
[2026-09-01 02:15:59] [GATE-0] [INFO] CHECK 5: Verifying Python dependencies...
[2026-09-01 02:15:59] [GATE-0] [INFO]   ✓ Python module available: json
[2026-09-01 02:16:00] [GATE-0] [INFO]   ✓ Python module available: hashlib
[2026-09-01 02:16:00] [GATE-0] [INFO]   ✓ Python module available: dataclasses
[2026-09-01 02:16:00] [GATE-0] [INFO]   ✓ Python module available: pathlib
[2026-09-01 02:16:00] [GATE-0] [INFO] CHECK 6: Verifying gate dependencies...
[2026-09-01 02:16:00] [GATE-0] [INFO]   ✓ Gate 1-3 validator script ready
[2026-09-01 02:16:00] [GATE-0] [INFO]   ✓ Gate 4-5 validator script ready
[2026-09-01 02:16:00] [GATE-0] [INFO]   ✓ agentacct capture module available
[2026-09-01 02:16:00] [GATE-0] [INFO]   ✓ unlazy gates module available
[2026-09-01 02:16:00] [GATE-0] [INFO] =========================================
[2026-09-01 02:16:00] [GATE-0] [INFO] Gate 0 Summary:
[2026-09-01 02:16:00] [GATE-0] [INFO]   Proof Artifacts: 4/7
[2026-09-01 02:16:00] [GATE-0] [INFO]   Git State:       1/3
[2026-09-01 02:16:00] [GATE-0] [INFO]   AP2 Ledger:      2/2
[2026-09-01 02:16:00] [GATE-0] [INFO]   Work Receipts:   2/2
[2026-09-01 02:16:00] [GATE-0] [INFO]   Python Modules:  4/4
[2026-09-01 02:16:00] [GATE-0] [INFO]   Dependencies:    4/4
[2026-09-01 02:16:00] [GATE-0] [INFO] =========================================
[2026-09-01 02:16:00] [GATE-0] [INFO] TOTAL: 17/22 checks passed
[2026-09-01 02:16:00] [GATE-0] [INFO] Gate 0 PASSED: Pre-flight verification complete
[2026-09-01 02:16:00] [GATE-0] [WARN]   ⚠ Uncommitted changes detected (non-blocking)
[2026-09-01 02:16:00] [GATE-0] [WARN]   ⚠ Last commit not signed (warning only)
[2026-09-01 02:16:00] [GATE-0] [INFO] CHECK 3: Verifying AP2 ledger structure...
[2026-09-01 02:16:00] [GATE-0] [INFO]   ✓ AP2 ledger directory exists
[2026-09-01 02:16:00] [GATE-0] [INFO]   ✓ Found        9 ledger entries
[2026-09-01 02:16:00] [GATE-0] [INFO] CHECK 4: Verifying work receipts directory...
[2026-09-01 02:16:00] [GATE-0] [INFO]   ✓ Work receipts directory exists
[2026-09-01 02:16:00] [GATE-0] [INFO]   ✓ Found      100 work receipt files
[2026-09-01 02:16:00] [GATE-0] [INFO] CHECK 5: Verifying Python dependencies...
[2026-09-01 02:16:00] [GATE-0] [INFO]   ✓ Python module available: json
[2026-09-01 02:16:00] [GATE-0] [INFO]   ✓ Python module available: hashlib
[2026-09-01 02:16:00] [GATE-0] [INFO]   ✓ Python module available: dataclasses
[2026-09-01 02:16:00] [GATE-0] [INFO]   ✓ Python module available: pathlib
[2026-09-01 02:16:00] [GATE-0] [INFO] CHECK 6: Verifying gate dependencies...
[2026-09-01 02:16:00] [GATE-0] [INFO]   ✓ Gate 1-3 validator script ready
[2026-09-01 02:16:00] [GATE-0] [INFO]   ✓ Gate 4-5 validator script ready
[2026-09-01 02:16:00] [GATE-0] [INFO]   ✓ agentacct capture module available
[2026-09-01 02:16:00] [GATE-0] [INFO]   ✓ unlazy gates module available
[2026-09-01 02:16:00] [GATE-0] [INFO] =========================================
[2026-09-01 02:16:00] [GATE-0] [INFO] Gate 0 Summary:
[2026-09-01 02:16:00] [GATE-0] [INFO]   Proof Artifacts: 4/7
[2026-09-01 02:16:00] [GATE-0] [INFO]   Git State:       1/3
[2026-09-01 02:16:00] [GATE-0] [INFO]   AP2 Ledger:      2/2
[2026-09-01 02:16:00] [GATE-0] [INFO]   Work Receipts:   2/2
[2026-09-01 02:16:00] [GATE-0] [INFO]   Python Modules:  4/4
[2026-09-01 02:16:00] [GATE-0] [INFO]   Dependencies:    4/4
[2026-09-01 02:16:00] [GATE-0] [INFO] =========================================
[2026-09-01 02:16:00] [GATE-0] [INFO] TOTAL: 17/22 checks passed
[2026-09-01 02:16:00] [GATE-0] [INFO] Gate 0 PASSED: Pre-flight verification complete
[2026-09-01 02:16:01] [GATE-0] [WARN]   ⚠ Uncommitted changes detected (non-blocking)
[2026-09-01 02:16:01] [GATE-0] [WARN]   ⚠ Last commit not signed (warning only)
[2026-09-01 02:16:01] [GATE-0] [INFO] CHECK 3: Verifying AP2 ledger structure...
[2026-09-01 02:16:01] [GATE-0] [INFO]   ✓ AP2 ledger directory exists
[2026-09-01 02:16:01] [GATE-0] [INFO]   ✓ Found        9 ledger entries
[2026-09-01 02:16:01] [GATE-0] [INFO] CHECK 4: Verifying work receipts directory...
[2026-09-01 02:16:01] [GATE-0] [INFO]   ✓ Work receipts directory exists
[2026-09-01 02:16:01] [GATE-0] [INFO]   ✓ Found      101 work receipt files
[2026-09-01 02:16:01] [GATE-0] [INFO] CHECK 5: Verifying Python dependencies...
[2026-09-01 02:16:01] [GATE-0] [INFO]   ✓ Python module available: json
[2026-09-01 02:16:01] [GATE-0] [INFO]   ✓ Python module available: hashlib
[2026-09-01 02:16:01] [GATE-0] [INFO]   ✓ Python module available: dataclasses
[2026-09-01 02:16:01] [GATE-0] [INFO]   ✓ Python module available: pathlib
[2026-09-01 02:16:01] [GATE-0] [INFO] CHECK 6: Verifying gate dependencies...
[2026-09-01 02:16:01] [GATE-0] [INFO]   ✓ Gate 1-3 validator script ready
[2026-09-01 02:16:01] [GATE-0] [INFO]   ✓ Gate 4-5 validator script ready
[2026-09-01 02:16:01] [GATE-0] [INFO]   ✓ agentacct capture module available
[2026-09-01 02:16:01] [GATE-0] [INFO]   ✓ unlazy gates module available
[2026-09-01 02:16:01] [GATE-0] [INFO] =========================================
[2026-09-01 02:16:01] [GATE-0] [INFO] Gate 0 Summary:
[2026-09-01 02:16:01] [GATE-0] [INFO]   Proof Artifacts: 4/7
[2026-09-01 02:16:01] [GATE-0] [INFO]   Git State:       1/3
[2026-09-01 02:16:01] [GATE-0] [INFO]   AP2 Ledger:      2/2
[2026-09-01 02:16:01] [GATE-0] [INFO]   Work Receipts:   2/2
[2026-09-01 02:16:01] [GATE-0] [INFO]   Python Modules:  4/4
[2026-09-01 02:16:01] [GATE-0] [INFO]   Dependencies:    4/4
[2026-09-01 02:16:01] [GATE-0] [INFO] =========================================
[2026-09-01 02:16:01] [GATE-0] [INFO] TOTAL: 17/22 checks passed
[2026-09-01 02:16:01] [GATE-0] [INFO] Gate 0 PASSED: Pre-flight verification complete
[2026-09-01 02:16:02] [GATE-0] [INFO] === Gate 0 Pre-Flight Verification ===
[2026-09-01 02:16:02] [GATE-0] [INFO] CHECK 1: Verifying proof artifacts...
[2026-09-01 02:16:02] [GATE-0] [INFO]   ✓ Found: 1_agentacct_config.json
[2026-09-01 02:16:02] [GATE-0] [WARN]   ✗ Missing: 2_unlazy_gates.md (will be generated during execution)
[2026-09-01 02:16:02] [GATE-0] [WARN]   ✗ Missing: 3_is_agentic.json (will be generated during execution)
[2026-09-01 02:16:02] [GATE-0] [WARN]   ✗ Missing: 4_canirun_grades.json (will be generated during execution)
[2026-09-01 02:16:02] [GATE-0] [INFO]   ✓ Found: 5_ap2_ledger_pqc.md
[2026-09-01 02:16:02] [GATE-0] [INFO]   ✓ Found: 6_ragas_golden_set.json
[2026-09-01 02:16:02] [GATE-0] [INFO]   ✓ Found: 7_freetoken_benchmark.json
[2026-09-01 02:16:02] [GATE-0] [INFO] CHECK 2: Verifying git state...
[2026-09-01 02:16:02] [GATE-0] [INFO]   ✓ Valid git repository
[2026-09-01 02:16:03] [GATE-0] [INFO] === Gate 0 Pre-Flight Verification ===
[2026-09-01 02:16:03] [GATE-0] [INFO] CHECK 1: Verifying proof artifacts...
[2026-09-01 02:16:03] [GATE-0] [INFO]   ✓ Found: 1_agentacct_config.json
[2026-09-01 02:16:03] [GATE-0] [WARN]   ✗ Missing: 2_unlazy_gates.md (will be generated during execution)
[2026-09-01 02:16:03] [GATE-0] [WARN]   ✗ Missing: 3_is_agentic.json (will be generated during execution)
[2026-09-01 02:16:03] [GATE-0] [WARN]   ✗ Missing: 4_canirun_grades.json (will be generated during execution)
[2026-09-01 02:16:03] [GATE-0] [INFO]   ✓ Found: 5_ap2_ledger_pqc.md
[2026-09-01 02:16:03] [GATE-0] [INFO]   ✓ Found: 6_ragas_golden_set.json
[2026-09-01 02:16:03] [GATE-0] [INFO]   ✓ Found: 7_freetoken_benchmark.json
[2026-09-01 02:16:03] [GATE-0] [INFO] CHECK 2: Verifying git state...
[2026-09-01 02:16:03] [GATE-0] [INFO]   ✓ Valid git repository
[2026-09-01 02:16:04] [GATE-0] [WARN]   ⚠ Uncommitted changes detected (non-blocking)
[2026-09-01 02:16:04] [GATE-0] [WARN]   ⚠ Last commit not signed (warning only)
[2026-09-01 02:16:04] [GATE-0] [INFO] CHECK 3: Verifying AP2 ledger structure...
[2026-09-01 02:16:04] [GATE-0] [INFO]   ✓ AP2 ledger directory exists
[2026-09-01 02:16:04] [GATE-0] [INFO]   ✓ Found        9 ledger entries
[2026-09-01 02:16:04] [GATE-0] [INFO] CHECK 4: Verifying work receipts directory...
[2026-09-01 02:16:04] [GATE-0] [INFO]   ✓ Work receipts directory exists
[2026-09-01 02:16:04] [GATE-0] [INFO]   ✓ Found      102 work receipt files
[2026-09-01 02:16:04] [GATE-0] [INFO] CHECK 5: Verifying Python dependencies...
[2026-09-01 02:16:04] [GATE-0] [INFO]   ✓ Python module available: json
[2026-09-01 02:16:04] [GATE-0] [INFO]   ✓ Python module available: hashlib
[2026-09-01 02:16:04] [GATE-0] [INFO]   ✓ Python module available: dataclasses
[2026-09-01 02:16:04] [GATE-0] [INFO]   ✓ Python module available: pathlib
[2026-09-01 02:16:04] [GATE-0] [INFO] CHECK 6: Verifying gate dependencies...
[2026-09-01 02:16:04] [GATE-0] [INFO]   ✓ Gate 1-3 validator script ready
[2026-09-01 02:16:04] [GATE-0] [INFO]   ✓ Gate 4-5 validator script ready
[2026-09-01 02:16:04] [GATE-0] [INFO]   ✓ agentacct capture module available
[2026-09-01 02:16:04] [GATE-0] [INFO]   ✓ unlazy gates module available
[2026-09-01 02:16:04] [GATE-0] [INFO] =========================================
[2026-09-01 02:16:04] [GATE-0] [INFO] Gate 0 Summary:
[2026-09-01 02:16:04] [GATE-0] [INFO]   Proof Artifacts: 4/7
[2026-09-01 02:16:04] [GATE-0] [INFO]   Git State:       1/3
[2026-09-01 02:16:04] [GATE-0] [INFO]   AP2 Ledger:      2/2
[2026-09-01 02:16:04] [GATE-0] [INFO]   Work Receipts:   2/2
[2026-09-01 02:16:04] [GATE-0] [INFO]   Python Modules:  4/4
[2026-09-01 02:16:04] [GATE-0] [INFO]   Dependencies:    4/4
[2026-09-01 02:16:04] [GATE-0] [INFO] =========================================
[2026-09-01 02:16:04] [GATE-0] [INFO] TOTAL: 17/22 checks passed
[2026-09-01 02:16:04] [GATE-0] [INFO] Gate 0 PASSED: Pre-flight verification complete
[2026-09-01 02:16:05] [GATE-0] [WARN]   ⚠ Uncommitted changes detected (non-blocking)
[2026-09-01 02:16:05] [GATE-0] [WARN]   ⚠ Last commit not signed (warning only)
[2026-09-01 02:16:05] [GATE-0] [INFO] CHECK 3: Verifying AP2 ledger structure...
[2026-09-01 02:16:05] [GATE-0] [INFO]   ✓ AP2 ledger directory exists
[2026-09-01 02:16:05] [GATE-0] [INFO]   ✓ Found        9 ledger entries
[2026-09-01 02:16:05] [GATE-0] [INFO] CHECK 4: Verifying work receipts directory...
[2026-09-01 02:16:05] [GATE-0] [INFO]   ✓ Work receipts directory exists
[2026-09-01 02:16:05] [GATE-0] [INFO]   ✓ Found      103 work receipt files
[2026-09-01 02:16:05] [GATE-0] [INFO] CHECK 5: Verifying Python dependencies...
[2026-09-01 02:16:05] [GATE-0] [INFO]   ✓ Python module available: json
[2026-09-01 02:16:05] [GATE-0] [INFO]   ✓ Python module available: hashlib
[2026-09-01 02:16:05] [GATE-0] [INFO]   ✓ Python module available: dataclasses
[2026-09-01 02:16:05] [GATE-0] [INFO]   ✓ Python module available: pathlib
[2026-09-01 02:16:05] [GATE-0] [INFO] CHECK 6: Verifying gate dependencies...
[2026-09-01 02:16:05] [GATE-0] [INFO]   ✓ Gate 1-3 validator script ready
[2026-09-01 02:16:05] [GATE-0] [INFO]   ✓ Gate 4-5 validator script ready
[2026-09-01 02:16:05] [GATE-0] [INFO]   ✓ agentacct capture module available
[2026-09-01 02:16:05] [GATE-0] [INFO]   ✓ unlazy gates module available
[2026-09-01 02:16:05] [GATE-0] [INFO] =========================================
[2026-09-01 02:16:05] [GATE-0] [INFO] Gate 0 Summary:
[2026-09-01 02:16:05] [GATE-0] [INFO]   Proof Artifacts: 4/7
[2026-09-01 02:16:05] [GATE-0] [INFO]   Git State:       1/3
[2026-09-01 02:16:05] [GATE-0] [INFO]   AP2 Ledger:      2/2
[2026-09-01 02:16:05] [GATE-0] [INFO]   Work Receipts:   2/2
[2026-09-01 02:16:05] [GATE-0] [INFO]   Python Modules:  4/4
[2026-09-01 02:16:05] [GATE-0] [INFO]   Dependencies:    4/4
[2026-09-01 02:16:05] [GATE-0] [INFO] =========================================
[2026-09-01 02:16:05] [GATE-0] [INFO] TOTAL: 17/22 checks passed
[2026-09-01 02:16:05] [GATE-0] [INFO] Gate 0 PASSED: Pre-flight verification complete
[2026-09-01 02:16:06] [GATE-0] [INFO] === Gate 0 Pre-Flight Verification ===
[2026-09-01 02:16:06] [GATE-0] [INFO] CHECK 1: Verifying proof artifacts...
[2026-09-01 02:16:06] [GATE-0] [INFO]   ✓ Found: 1_agentacct_config.json
[2026-09-01 02:16:06] [GATE-0] [WARN]   ✗ Missing: 2_unlazy_gates.md (will be generated during execution)
[2026-09-01 02:16:06] [GATE-0] [WARN]   ✗ Missing: 3_is_agentic.json (will be generated during execution)
[2026-09-01 02:16:06] [GATE-0] [WARN]   ✗ Missing: 4_canirun_grades.json (will be generated during execution)
[2026-09-01 02:16:06] [GATE-0] [INFO]   ✓ Found: 5_ap2_ledger_pqc.md
[2026-09-01 02:16:06] [GATE-0] [INFO]   ✓ Found: 6_ragas_golden_set.json
[2026-09-01 02:16:06] [GATE-0] [INFO]   ✓ Found: 7_freetoken_benchmark.json
[2026-09-01 02:16:06] [GATE-0] [INFO] CHECK 2: Verifying git state...
[2026-09-01 02:16:06] [GATE-0] [INFO]   ✓ Valid git repository
[2026-09-01 02:16:07] [GATE-0] [INFO] === Gate 0 Pre-Flight Verification ===
[2026-09-01 02:16:07] [GATE-0] [INFO] CHECK 1: Verifying proof artifacts...
[2026-09-01 02:16:07] [GATE-0] [INFO]   ✓ Found: 1_agentacct_config.json
[2026-09-01 02:16:07] [GATE-0] [WARN]   ✗ Missing: 2_unlazy_gates.md (will be generated during execution)
[2026-09-01 02:16:07] [GATE-0] [WARN]   ✗ Missing: 3_is_agentic.json (will be generated during execution)
[2026-09-01 02:16:07] [GATE-0] [WARN]   ✗ Missing: 4_canirun_grades.json (will be generated during execution)
[2026-09-01 02:16:07] [GATE-0] [INFO]   ✓ Found: 5_ap2_ledger_pqc.md
[2026-09-01 02:16:07] [GATE-0] [INFO]   ✓ Found: 6_ragas_golden_set.json
[2026-09-01 02:16:07] [GATE-0] [INFO]   ✓ Found: 7_freetoken_benchmark.json
[2026-09-01 02:16:07] [GATE-0] [INFO] CHECK 2: Verifying git state...
[2026-09-01 02:16:07] [GATE-0] [INFO]   ✓ Valid git repository
[2026-09-01 02:16:10] [GATE-0] [WARN]   ⚠ Uncommitted changes detected (non-blocking)
[2026-09-01 02:16:10] [GATE-0] [WARN]   ⚠ Uncommitted changes detected (non-blocking)
[2026-09-01 02:16:10] [GATE-0] [WARN]   ⚠ Last commit not signed (warning only)
[2026-09-01 02:16:10] [GATE-0] [WARN]   ⚠ Last commit not signed (warning only)
[2026-09-01 02:16:10] [GATE-0] [INFO] CHECK 3: Verifying AP2 ledger structure...
[2026-09-01 02:16:10] [GATE-0] [INFO] CHECK 3: Verifying AP2 ledger structure...
[2026-09-01 02:16:10] [GATE-0] [INFO]   ✓ AP2 ledger directory exists
[2026-09-01 02:16:10] [GATE-0] [INFO]   ✓ AP2 ledger directory exists
[2026-09-01 02:16:10] [GATE-0] [INFO]   ✓ Found        9 ledger entries
[2026-09-01 02:16:10] [GATE-0] [INFO]   ✓ Found        9 ledger entries
[2026-09-01 02:16:10] [GATE-0] [INFO] CHECK 4: Verifying work receipts directory...
[2026-09-01 02:16:10] [GATE-0] [INFO] CHECK 4: Verifying work receipts directory...
[2026-09-01 02:16:10] [GATE-0] [INFO]   ✓ Work receipts directory exists
[2026-09-01 02:16:10] [GATE-0] [INFO]   ✓ Work receipts directory exists
[2026-09-01 02:16:10] [GATE-0] [INFO]   ✓ Found      103 work receipt files
[2026-09-01 02:16:10] [GATE-0] [INFO]   ✓ Found      103 work receipt files
[2026-09-01 02:16:10] [GATE-0] [INFO] CHECK 5: Verifying Python dependencies...
[2026-09-01 02:16:10] [GATE-0] [INFO] CHECK 5: Verifying Python dependencies...
[2026-09-01 02:16:10] [GATE-0] [INFO]   ✓ Python module available: json
[2026-09-01 02:16:10] [GATE-0] [INFO]   ✓ Python module available: json
[2026-09-01 02:16:10] [GATE-0] [INFO]   ✓ Python module available: hashlib
[2026-09-01 02:16:10] [GATE-0] [INFO]   ✓ Python module available: hashlib
[2026-09-01 02:16:10] [GATE-0] [INFO]   ✓ Python module available: dataclasses
[2026-09-01 02:16:10] [GATE-0] [INFO]   ✓ Python module available: dataclasses
[2026-09-01 02:16:10] [GATE-0] [INFO]   ✓ Python module available: pathlib
[2026-09-01 02:16:10] [GATE-0] [INFO]   ✓ Python module available: pathlib
[2026-09-01 02:16:10] [GATE-0] [INFO] CHECK 6: Verifying gate dependencies...
[2026-09-01 02:16:10] [GATE-0] [INFO] CHECK 6: Verifying gate dependencies...
[2026-09-01 02:16:10] [GATE-0] [INFO]   ✓ Gate 1-3 validator script ready
[2026-09-01 02:16:10] [GATE-0] [INFO]   ✓ Gate 1-3 validator script ready
[2026-09-01 02:16:10] [GATE-0] [INFO]   ✓ Gate 4-5 validator script ready
[2026-09-01 02:16:10] [GATE-0] [INFO]   ✓ Gate 4-5 validator script ready
[2026-09-01 02:16:10] [GATE-0] [INFO]   ✓ agentacct capture module available
[2026-09-01 02:16:10] [GATE-0] [INFO]   ✓ agentacct capture module available
[2026-09-01 02:16:10] [GATE-0] [INFO]   ✓ unlazy gates module available
[2026-09-01 02:16:10] [GATE-0] [INFO]   ✓ unlazy gates module available
[2026-09-01 02:16:10] [GATE-0] [INFO] =========================================
[2026-09-01 02:16:10] [GATE-0] [INFO] =========================================
[2026-09-01 02:16:10] [GATE-0] [INFO] Gate 0 Summary:
[2026-09-01 02:16:10] [GATE-0] [INFO] Gate 0 Summary:
[2026-09-01 02:16:10] [GATE-0] [INFO]   Proof Artifacts: 4/7
[2026-09-01 02:16:10] [GATE-0] [INFO]   Proof Artifacts: 4/7
[2026-09-01 02:16:10] [GATE-0] [INFO]   Git State:       1/3
[2026-09-01 02:16:10] [GATE-0] [INFO]   Git State:       1/3
[2026-09-01 02:16:10] [GATE-0] [INFO]   AP2 Ledger:      2/2
[2026-09-01 02:16:10] [GATE-0] [INFO]   AP2 Ledger:      2/2
[2026-09-01 02:16:10] [GATE-0] [INFO]   Work Receipts:   2/2
[2026-09-01 02:16:10] [GATE-0] [INFO]   Work Receipts:   2/2
[2026-09-01 02:16:10] [GATE-0] [INFO]   Python Modules:  4/4
[2026-09-01 02:16:10] [GATE-0] [INFO]   Python Modules:  4/4
[2026-09-01 02:16:10] [GATE-0] [INFO]   Dependencies:    4/4
[2026-09-01 02:16:10] [GATE-0] [INFO]   Dependencies:    4/4
[2026-09-01 02:16:10] [GATE-0] [INFO] =========================================
[2026-09-01 02:16:10] [GATE-0] [INFO] =========================================
[2026-09-01 02:16:10] [GATE-0] [INFO] TOTAL: 17/22 checks passed
[2026-09-01 02:16:10] [GATE-0] [INFO] TOTAL: 17/22 checks passed
[2026-09-01 02:16:10] [GATE-0] [INFO] Gate 0 PASSED: Pre-flight verification complete
[2026-09-01 02:16:10] [GATE-0] [INFO] Gate 0 PASSED: Pre-flight verification complete
[2026-09-01 02:16:12] [GATE-0] [INFO] === Gate 0 Pre-Flight Verification ===
[2026-09-01 02:16:12] [GATE-0] [INFO] CHECK 1: Verifying proof artifacts...
[2026-09-01 02:16:12] [GATE-0] [INFO]   ✓ Found: 1_agentacct_config.json
[2026-09-01 02:16:12] [GATE-0] [WARN]   ✗ Missing: 2_unlazy_gates.md (will be generated during execution)
[2026-09-01 02:16:12] [GATE-0] [WARN]   ✗ Missing: 3_is_agentic.json (will be generated during execution)
[2026-09-01 02:16:12] [GATE-0] [WARN]   ✗ Missing: 4_canirun_grades.json (will be generated during execution)
[2026-09-01 02:16:12] [GATE-0] [INFO]   ✓ Found: 5_ap2_ledger_pqc.md
[2026-09-01 02:16:12] [GATE-0] [INFO]   ✓ Found: 6_ragas_golden_set.json
[2026-09-01 02:16:12] [GATE-0] [INFO]   ✓ Found: 7_freetoken_benchmark.json
[2026-09-01 02:16:12] [GATE-0] [INFO] CHECK 2: Verifying git state...
[2026-09-01 02:16:12] [GATE-0] [INFO]   ✓ Valid git repository
[2026-09-01 02:16:13] [GATE-0] [INFO] === Gate 0 Pre-Flight Verification ===
[2026-09-01 02:16:13] [GATE-0] [INFO] CHECK 1: Verifying proof artifacts...
[2026-09-01 02:16:13] [GATE-0] [INFO]   ✓ Found: 1_agentacct_config.json
[2026-09-01 02:16:13] [GATE-0] [WARN]   ✗ Missing: 2_unlazy_gates.md (will be generated during execution)
[2026-09-01 02:16:13] [GATE-0] [WARN]   ✗ Missing: 3_is_agentic.json (will be generated during execution)
[2026-09-01 02:16:13] [GATE-0] [WARN]   ✗ Missing: 4_canirun_grades.json (will be generated during execution)
[2026-09-01 02:16:13] [GATE-0] [INFO]   ✓ Found: 5_ap2_ledger_pqc.md
[2026-09-01 02:16:13] [GATE-0] [INFO]   ✓ Found: 6_ragas_golden_set.json
[2026-09-01 02:16:13] [GATE-0] [INFO]   ✓ Found: 7_freetoken_benchmark.json
[2026-09-01 02:16:13] [GATE-0] [INFO] CHECK 2: Verifying git state...
[2026-09-01 02:16:13] [GATE-0] [INFO]   ✓ Valid git repository
[2026-09-01 02:16:15] [GATE-0] [WARN]   ⚠ Uncommitted changes detected (non-blocking)
[2026-09-01 02:16:15] [GATE-0] [WARN]   ⚠ Uncommitted changes detected (non-blocking)
[2026-09-01 02:16:15] [GATE-0] [WARN]   ⚠ Last commit not signed (warning only)
[2026-09-01 02:16:15] [GATE-0] [WARN]   ⚠ Last commit not signed (warning only)
[2026-09-01 02:16:15] [GATE-0] [INFO] CHECK 3: Verifying AP2 ledger structure...
[2026-09-01 02:16:15] [GATE-0] [INFO] CHECK 3: Verifying AP2 ledger structure...
[2026-09-01 02:16:15] [GATE-0] [INFO]   ✓ AP2 ledger directory exists
[2026-09-01 02:16:15] [GATE-0] [INFO]   ✓ AP2 ledger directory exists
[2026-09-01 02:16:15] [GATE-0] [INFO]   ✓ Found        9 ledger entries
[2026-09-01 02:16:15] [GATE-0] [INFO]   ✓ Found        9 ledger entries
[2026-09-01 02:16:15] [GATE-0] [INFO] CHECK 4: Verifying work receipts directory...
[2026-09-01 02:16:15] [GATE-0] [INFO] CHECK 4: Verifying work receipts directory...
[2026-09-01 02:16:15] [GATE-0] [INFO]   ✓ Work receipts directory exists
[2026-09-01 02:16:15] [GATE-0] [INFO]   ✓ Work receipts directory exists
[2026-09-01 02:16:15] [GATE-0] [INFO]   ✓ Found      106 work receipt files
[2026-09-01 02:16:15] [GATE-0] [INFO]   ✓ Found      106 work receipt files
[2026-09-01 02:16:15] [GATE-0] [INFO] CHECK 5: Verifying Python dependencies...
[2026-09-01 02:16:15] [GATE-0] [INFO] CHECK 5: Verifying Python dependencies...
[2026-09-01 02:16:15] [GATE-0] [INFO]   ✓ Python module available: json
[2026-09-01 02:16:15] [GATE-0] [INFO]   ✓ Python module available: json
[2026-09-01 02:16:15] [GATE-0] [INFO]   ✓ Python module available: hashlib
[2026-09-01 02:16:15] [GATE-0] [INFO]   ✓ Python module available: hashlib
[2026-09-01 02:16:15] [GATE-0] [INFO]   ✓ Python module available: dataclasses
[2026-09-01 02:16:15] [GATE-0] [INFO]   ✓ Python module available: dataclasses
[2026-09-01 02:16:15] [GATE-0] [INFO]   ✓ Python module available: pathlib
[2026-09-01 02:16:15] [GATE-0] [INFO]   ✓ Python module available: pathlib
[2026-09-01 02:16:15] [GATE-0] [INFO] CHECK 6: Verifying gate dependencies...
[2026-09-01 02:16:15] [GATE-0] [INFO] CHECK 6: Verifying gate dependencies...
[2026-09-01 02:16:15] [GATE-0] [INFO]   ✓ Gate 1-3 validator script ready
[2026-09-01 02:16:15] [GATE-0] [INFO]   ✓ Gate 1-3 validator script ready
[2026-09-01 02:16:15] [GATE-0] [INFO]   ✓ Gate 4-5 validator script ready
[2026-09-01 02:16:15] [GATE-0] [INFO]   ✓ Gate 4-5 validator script ready
[2026-09-01 02:16:15] [GATE-0] [INFO]   ✓ agentacct capture module available
[2026-09-01 02:16:15] [GATE-0] [INFO]   ✓ agentacct capture module available
[2026-09-01 02:16:15] [GATE-0] [INFO]   ✓ unlazy gates module available
[2026-09-01 02:16:15] [GATE-0] [INFO]   ✓ unlazy gates module available
[2026-09-01 02:16:15] [GATE-0] [INFO] =========================================
[2026-09-01 02:16:15] [GATE-0] [INFO] =========================================
[2026-09-01 02:16:15] [GATE-0] [INFO] Gate 0 Summary:
[2026-09-01 02:16:15] [GATE-0] [INFO] Gate 0 Summary:
[2026-09-01 02:16:15] [GATE-0] [INFO]   Proof Artifacts: 4/7
[2026-09-01 02:16:15] [GATE-0] [INFO]   Proof Artifacts: 4/7
[2026-09-01 02:16:15] [GATE-0] [INFO]   Git State:       1/3
[2026-09-01 02:16:15] [GATE-0] [INFO]   Git State:       1/3
[2026-09-01 02:16:15] [GATE-0] [INFO]   AP2 Ledger:      2/2
[2026-09-01 02:16:15] [GATE-0] [INFO]   AP2 Ledger:      2/2
[2026-09-01 02:16:15] [GATE-0] [INFO]   Work Receipts:   2/2
[2026-09-01 02:16:15] [GATE-0] [INFO]   Work Receipts:   2/2
[2026-09-01 02:16:15] [GATE-0] [INFO]   Python Modules:  4/4
[2026-09-01 02:16:15] [GATE-0] [INFO]   Python Modules:  4/4
[2026-09-01 02:16:15] [GATE-0] [INFO]   Dependencies:    4/4
[2026-09-01 02:16:15] [GATE-0] [INFO]   Dependencies:    4/4
[2026-09-01 02:16:15] [GATE-0] [INFO] =========================================
[2026-09-01 02:16:15] [GATE-0] [INFO] =========================================
[2026-09-01 02:16:15] [GATE-0] [INFO] TOTAL: 17/22 checks passed
[2026-09-01 02:16:15] [GATE-0] [INFO] TOTAL: 17/22 checks passed
[2026-09-01 02:16:15] [GATE-0] [INFO] Gate 0 PASSED: Pre-flight verification complete
[2026-09-01 02:16:15] [GATE-0] [INFO] Gate 0 PASSED: Pre-flight verification complete
[2026-09-01 02:16:16] [GATE-0] [INFO] === Gate 0 Pre-Flight Verification ===
[2026-09-01 02:16:16] [GATE-0] [INFO] CHECK 1: Verifying proof artifacts...
[2026-09-01 02:16:16] [GATE-0] [INFO]   ✓ Found: 1_agentacct_config.json
[2026-09-01 02:16:16] [GATE-0] [WARN]   ✗ Missing: 2_unlazy_gates.md (will be generated during execution)
[2026-09-01 02:16:16] [GATE-0] [WARN]   ✗ Missing: 3_is_agentic.json (will be generated during execution)
[2026-09-01 02:16:16] [GATE-0] [WARN]   ✗ Missing: 4_canirun_grades.json (will be generated during execution)
[2026-09-01 02:16:16] [GATE-0] [INFO]   ✓ Found: 5_ap2_ledger_pqc.md
[2026-09-01 02:16:16] [GATE-0] [INFO]   ✓ Found: 6_ragas_golden_set.json
[2026-09-01 02:16:16] [GATE-0] [INFO]   ✓ Found: 7_freetoken_benchmark.json
[2026-09-01 02:16:16] [GATE-0] [INFO] CHECK 2: Verifying git state...
[2026-09-01 02:16:16] [GATE-0] [INFO]   ✓ Valid git repository
[2026-09-01 02:16:18] [GATE-0] [WARN]   ⚠ Uncommitted changes detected (non-blocking)
[2026-09-01 02:16:18] [GATE-0] [WARN]   ⚠ Last commit not signed (warning only)
[2026-09-01 02:16:18] [GATE-0] [INFO] CHECK 3: Verifying AP2 ledger structure...
[2026-09-01 02:16:18] [GATE-0] [INFO]   ✓ AP2 ledger directory exists
[2026-09-01 02:16:18] [GATE-0] [INFO]   ✓ Found        9 ledger entries
[2026-09-01 02:16:18] [GATE-0] [INFO] CHECK 4: Verifying work receipts directory...
[2026-09-01 02:16:18] [GATE-0] [INFO]   ✓ Work receipts directory exists
[2026-09-01 02:16:18] [GATE-0] [INFO]   ✓ Found      107 work receipt files
[2026-09-01 02:16:18] [GATE-0] [INFO] CHECK 5: Verifying Python dependencies...
[2026-09-01 02:16:18] [GATE-0] [INFO]   ✓ Python module available: json
[2026-09-01 02:16:18] [GATE-0] [INFO] === Gate 0 Pre-Flight Verification ===
[2026-09-01 02:16:18] [GATE-0] [INFO] CHECK 1: Verifying proof artifacts...
[2026-09-01 02:16:18] [GATE-0] [INFO]   ✓ Found: 1_agentacct_config.json
[2026-09-01 02:16:18] [GATE-0] [WARN]   ✗ Missing: 2_unlazy_gates.md (will be generated during execution)
[2026-09-01 02:16:18] [GATE-0] [WARN]   ✗ Missing: 3_is_agentic.json (will be generated during execution)
[2026-09-01 02:16:18] [GATE-0] [WARN]   ✗ Missing: 4_canirun_grades.json (will be generated during execution)
[2026-09-01 02:16:18] [GATE-0] [INFO]   ✓ Found: 5_ap2_ledger_pqc.md
[2026-09-01 02:16:18] [GATE-0] [INFO]   ✓ Python module available: hashlib
[2026-09-01 02:16:18] [GATE-0] [INFO]   ✓ Found: 6_ragas_golden_set.json
[2026-09-01 02:16:18] [GATE-0] [INFO]   ✓ Found: 7_freetoken_benchmark.json
[2026-09-01 02:16:18] [GATE-0] [INFO] CHECK 2: Verifying git state...
[2026-09-01 02:16:18] [GATE-0] [INFO]   ✓ Valid git repository
[2026-09-01 02:16:18] [GATE-0] [INFO]   ✓ Python module available: dataclasses
[2026-09-01 02:16:18] [GATE-0] [INFO]   ✓ Python module available: pathlib
[2026-09-01 02:16:18] [GATE-0] [INFO] CHECK 6: Verifying gate dependencies...
[2026-09-01 02:16:18] [GATE-0] [INFO]   ✓ Gate 1-3 validator script ready
[2026-09-01 02:16:18] [GATE-0] [INFO]   ✓ Gate 4-5 validator script ready
[2026-09-01 02:16:18] [GATE-0] [INFO]   ✓ agentacct capture module available
[2026-09-01 02:16:18] [GATE-0] [INFO]   ✓ unlazy gates module available
[2026-09-01 02:16:18] [GATE-0] [INFO] =========================================
[2026-09-01 02:16:18] [GATE-0] [INFO] Gate 0 Summary:
[2026-09-01 02:16:18] [GATE-0] [INFO]   Proof Artifacts: 4/7
[2026-09-01 02:16:18] [GATE-0] [INFO]   Git State:       1/3
[2026-09-01 02:16:18] [GATE-0] [INFO]   AP2 Ledger:      2/2
[2026-09-01 02:16:18] [GATE-0] [INFO]   Work Receipts:   2/2
[2026-09-01 02:16:18] [GATE-0] [INFO]   Python Modules:  4/4
[2026-09-01 02:16:18] [GATE-0] [INFO]   Dependencies:    4/4
[2026-09-01 02:16:18] [GATE-0] [INFO] =========================================
[2026-09-01 02:16:18] [GATE-0] [INFO] TOTAL: 17/22 checks passed
[2026-09-01 02:16:18] [GATE-0] [INFO] Gate 0 PASSED: Pre-flight verification complete
[2026-09-01 02:16:18] [GATE-0] [INFO] === Gate 0 Pre-Flight Verification ===
[2026-09-01 02:16:18] [GATE-0] [INFO] CHECK 1: Verifying proof artifacts...
[2026-09-01 02:16:18] [GATE-0] [INFO]   ✓ Found: 1_agentacct_config.json
[2026-09-01 02:16:18] [GATE-0] [WARN]   ✗ Missing: 2_unlazy_gates.md (will be generated during execution)
[2026-09-01 02:16:18] [GATE-0] [WARN]   ✗ Missing: 3_is_agentic.json (will be generated during execution)
[2026-09-01 02:16:18] [GATE-0] [WARN]   ✗ Missing: 4_canirun_grades.json (will be generated during execution)
[2026-09-01 02:16:18] [GATE-0] [INFO]   ✓ Found: 5_ap2_ledger_pqc.md
[2026-09-01 02:16:18] [GATE-0] [INFO]   ✓ Found: 6_ragas_golden_set.json
[2026-09-01 02:16:18] [GATE-0] [INFO]   ✓ Found: 7_freetoken_benchmark.json
[2026-09-01 02:16:18] [GATE-0] [INFO] CHECK 2: Verifying git state...
[2026-09-01 02:16:18] [GATE-0] [INFO]   ✓ Valid git repository
[2026-09-01 02:16:20] [GATE-0] [WARN]   ⚠ Uncommitted changes detected (non-blocking)
[2026-09-01 02:16:20] [GATE-0] [WARN]   ⚠ Last commit not signed (warning only)
[2026-09-01 02:16:20] [GATE-0] [INFO] CHECK 3: Verifying AP2 ledger structure...
[2026-09-01 02:16:20] [GATE-0] [INFO]   ✓ AP2 ledger directory exists
[2026-09-01 02:16:20] [GATE-0] [INFO]   ✓ Found        9 ledger entries
[2026-09-01 02:16:20] [GATE-0] [INFO] CHECK 4: Verifying work receipts directory...
[2026-09-01 02:16:20] [GATE-0] [INFO]   ✓ Work receipts directory exists
[2026-09-01 02:16:20] [GATE-0] [INFO]   ✓ Found      108 work receipt files
[2026-09-01 02:16:20] [GATE-0] [INFO] CHECK 5: Verifying Python dependencies...
[2026-09-01 02:16:20] [GATE-0] [INFO]   ✓ Python module available: json
[2026-09-01 02:16:20] [GATE-0] [INFO]   ✓ Python module available: hashlib
[2026-09-01 02:16:20] [GATE-0] [WARN]   ⚠ Uncommitted changes detected (non-blocking)
[2026-09-01 02:16:20] [GATE-0] [INFO]   ✓ Python module available: dataclasses
[2026-09-01 02:16:20] [GATE-0] [WARN]   ⚠ Last commit not signed (warning only)
[2026-09-01 02:16:20] [GATE-0] [INFO] CHECK 3: Verifying AP2 ledger structure...
[2026-09-01 02:16:20] [GATE-0] [INFO]   ✓ AP2 ledger directory exists
[2026-09-01 02:16:20] [GATE-0] [INFO]   ✓ Found        9 ledger entries
[2026-09-01 02:16:20] [GATE-0] [INFO] CHECK 4: Verifying work receipts directory...
[2026-09-01 02:16:20] [GATE-0] [INFO]   ✓ Work receipts directory exists
[2026-09-01 02:16:20] [GATE-0] [INFO]   ✓ Found      108 work receipt files
[2026-09-01 02:16:20] [GATE-0] [INFO]   ✓ Python module available: pathlib
[2026-09-01 02:16:20] [GATE-0] [INFO] CHECK 5: Verifying Python dependencies...
[2026-09-01 02:16:20] [GATE-0] [INFO] CHECK 6: Verifying gate dependencies...
[2026-09-01 02:16:20] [GATE-0] [INFO]   ✓ Gate 1-3 validator script ready
[2026-09-01 02:16:20] [GATE-0] [INFO]   ✓ Gate 4-5 validator script ready
[2026-09-01 02:16:20] [GATE-0] [INFO]   ✓ agentacct capture module available
[2026-09-01 02:16:20] [GATE-0] [INFO]   ✓ unlazy gates module available
[2026-09-01 02:16:20] [GATE-0] [INFO] =========================================
[2026-09-01 02:16:20] [GATE-0] [INFO] Gate 0 Summary:
[2026-09-01 02:16:20] [GATE-0] [INFO]   Proof Artifacts: 4/7
[2026-09-01 02:16:20] [GATE-0] [INFO]   Git State:       1/3
[2026-09-01 02:16:20] [GATE-0] [INFO]   AP2 Ledger:      2/2
[2026-09-01 02:16:20] [GATE-0] [INFO]   ✓ Python module available: json
[2026-09-01 02:16:20] [GATE-0] [INFO]   Work Receipts:   2/2
[2026-09-01 02:16:20] [GATE-0] [INFO]   Python Modules:  4/4
[2026-09-01 02:16:20] [GATE-0] [INFO]   Dependencies:    4/4
[2026-09-01 02:16:20] [GATE-0] [INFO] =========================================
[2026-09-01 02:16:20] [GATE-0] [INFO] TOTAL: 17/22 checks passed
[2026-09-01 02:16:20] [GATE-0] [INFO] Gate 0 PASSED: Pre-flight verification complete
[2026-09-01 02:16:20] [GATE-0] [INFO]   ✓ Python module available: hashlib
[2026-09-01 02:16:20] [GATE-0] [INFO]   ✓ Python module available: dataclasses
[2026-09-01 02:16:20] [GATE-0] [INFO]   ✓ Python module available: pathlib
[2026-09-01 02:16:20] [GATE-0] [INFO] CHECK 6: Verifying gate dependencies...
[2026-09-01 02:16:20] [GATE-0] [INFO]   ✓ Gate 1-3 validator script ready
[2026-09-01 02:16:20] [GATE-0] [INFO]   ✓ Gate 4-5 validator script ready
[2026-09-01 02:16:20] [GATE-0] [INFO]   ✓ agentacct capture module available
[2026-09-01 02:16:20] [GATE-0] [INFO]   ✓ unlazy gates module available
[2026-09-01 02:16:20] [GATE-0] [INFO] =========================================
[2026-09-01 02:16:20] [GATE-0] [INFO] Gate 0 Summary:
[2026-09-01 02:16:20] [GATE-0] [INFO]   Proof Artifacts: 4/7
[2026-09-01 02:16:20] [GATE-0] [INFO]   Git State:       1/3
[2026-09-01 02:16:20] [GATE-0] [INFO]   AP2 Ledger:      2/2
[2026-09-01 02:16:20] [GATE-0] [INFO]   Work Receipts:   2/2
[2026-09-01 02:16:20] [GATE-0] [INFO]   Python Modules:  4/4
[2026-09-01 02:16:20] [GATE-0] [INFO]   Dependencies:    4/4
[2026-09-01 02:16:20] [GATE-0] [INFO] =========================================
[2026-09-01 02:16:20] [GATE-0] [INFO] TOTAL: 17/22 checks passed
[2026-09-01 02:16:20] [GATE-0] [INFO] Gate 0 PASSED: Pre-flight verification complete
[2026-09-01 02:16:21] [GATE-0] [INFO] === Gate 0 Pre-Flight Verification ===
[2026-09-01 02:16:21] [GATE-0] [INFO] CHECK 1: Verifying proof artifacts...
[2026-09-01 02:16:21] [GATE-0] [INFO]   ✓ Found: 1_agentacct_config.json
[2026-09-01 02:16:21] [GATE-0] [WARN]   ✗ Missing: 2_unlazy_gates.md (will be generated during execution)
[2026-09-01 02:16:21] [GATE-0] [WARN]   ✗ Missing: 3_is_agentic.json (will be generated during execution)
[2026-09-01 02:16:21] [GATE-0] [WARN]   ✗ Missing: 4_canirun_grades.json (will be generated during execution)
[2026-09-01 02:16:21] [GATE-0] [INFO]   ✓ Found: 5_ap2_ledger_pqc.md
[2026-09-01 02:16:21] [GATE-0] [INFO]   ✓ Found: 6_ragas_golden_set.json
[2026-09-01 02:16:21] [GATE-0] [INFO]   ✓ Found: 7_freetoken_benchmark.json
[2026-09-01 02:16:21] [GATE-0] [INFO] CHECK 2: Verifying git state...
[2026-09-01 02:16:21] [GATE-0] [INFO]   ✓ Valid git repository
[2026-09-01 02:16:22] [GATE-0] [INFO] === Gate 0 Pre-Flight Verification ===
[2026-09-01 02:16:22] [GATE-0] [INFO] CHECK 1: Verifying proof artifacts...
[2026-09-01 02:16:22] [GATE-0] [INFO]   ✓ Found: 1_agentacct_config.json
[2026-09-01 02:16:22] [GATE-0] [WARN]   ✗ Missing: 2_unlazy_gates.md (will be generated during execution)
[2026-09-01 02:16:22] [GATE-0] [WARN]   ✗ Missing: 3_is_agentic.json (will be generated during execution)
[2026-09-01 02:16:22] [GATE-0] [WARN]   ✗ Missing: 4_canirun_grades.json (will be generated during execution)
[2026-09-01 02:16:22] [GATE-0] [INFO]   ✓ Found: 5_ap2_ledger_pqc.md
[2026-09-01 02:16:22] [GATE-0] [INFO]   ✓ Found: 6_ragas_golden_set.json
[2026-09-01 02:16:22] [GATE-0] [INFO]   ✓ Found: 7_freetoken_benchmark.json
[2026-09-01 02:16:22] [GATE-0] [INFO] CHECK 2: Verifying git state...
[2026-09-01 02:16:22] [GATE-0] [INFO]   ✓ Valid git repository
[2026-09-01 02:16:23] [GATE-0] [WARN]   ⚠ Uncommitted changes detected (non-blocking)
[2026-09-01 02:16:23] [GATE-0] [WARN]   ⚠ Last commit not signed (warning only)
[2026-09-01 02:16:23] [GATE-0] [INFO] CHECK 3: Verifying AP2 ledger structure...
[2026-09-01 02:16:23] [GATE-0] [INFO]   ✓ AP2 ledger directory exists
[2026-09-01 02:16:23] [GATE-0] [INFO]   ✓ Found        9 ledger entries
[2026-09-01 02:16:23] [GATE-0] [INFO] CHECK 4: Verifying work receipts directory...
[2026-09-01 02:16:23] [GATE-0] [INFO]   ✓ Work receipts directory exists
[2026-09-01 02:16:23] [GATE-0] [INFO]   ✓ Found      110 work receipt files
[2026-09-01 02:16:23] [GATE-0] [INFO] CHECK 5: Verifying Python dependencies...
[2026-09-01 02:16:23] [GATE-0] [INFO]   ✓ Python module available: json
[2026-09-01 02:16:23] [GATE-0] [INFO]   ✓ Python module available: hashlib
[2026-09-01 02:16:23] [GATE-0] [INFO]   ✓ Python module available: dataclasses
[2026-09-01 02:16:23] [GATE-0] [INFO]   ✓ Python module available: pathlib
[2026-09-01 02:16:23] [GATE-0] [INFO] CHECK 6: Verifying gate dependencies...
[2026-09-01 02:16:23] [GATE-0] [INFO]   ✓ Gate 1-3 validator script ready
[2026-09-01 02:16:23] [GATE-0] [INFO]   ✓ Gate 4-5 validator script ready
[2026-09-01 02:16:23] [GATE-0] [INFO]   ✓ agentacct capture module available
[2026-09-01 02:16:23] [GATE-0] [INFO]   ✓ unlazy gates module available
[2026-09-01 02:16:23] [GATE-0] [INFO] =========================================
[2026-09-01 02:16:23] [GATE-0] [INFO] Gate 0 Summary:
[2026-09-01 02:16:23] [GATE-0] [INFO]   Proof Artifacts: 4/7
[2026-09-01 02:16:23] [GATE-0] [INFO]   Git State:       1/3
[2026-09-01 02:16:23] [GATE-0] [INFO]   AP2 Ledger:      2/2
[2026-09-01 02:16:23] [GATE-0] [INFO]   Work Receipts:   2/2
[2026-09-01 02:16:23] [GATE-0] [INFO]   Python Modules:  4/4
[2026-09-01 02:16:23] [GATE-0] [INFO]   Dependencies:    4/4
[2026-09-01 02:16:23] [GATE-0] [INFO] =========================================
[2026-09-01 02:16:23] [GATE-0] [INFO] TOTAL: 17/22 checks passed
[2026-09-01 02:16:23] [GATE-0] [INFO] Gate 0 PASSED: Pre-flight verification complete
[2026-09-01 02:16:23] [GATE-0] [WARN]   ⚠ Uncommitted changes detected (non-blocking)
[2026-09-01 02:16:23] [GATE-0] [WARN]   ⚠ Last commit not signed (warning only)
[2026-09-01 02:16:23] [GATE-0] [INFO] CHECK 3: Verifying AP2 ledger structure...
[2026-09-01 02:16:23] [GATE-0] [INFO]   ✓ AP2 ledger directory exists
[2026-09-01 02:16:23] [GATE-0] [INFO]   ✓ Found        9 ledger entries
[2026-09-01 02:16:23] [GATE-0] [INFO] CHECK 4: Verifying work receipts directory...
[2026-09-01 02:16:23] [GATE-0] [INFO]   ✓ Work receipts directory exists
[2026-09-01 02:16:23] [GATE-0] [INFO]   ✓ Found      110 work receipt files
[2026-09-01 02:16:23] [GATE-0] [INFO] CHECK 5: Verifying Python dependencies...
[2026-09-01 02:16:23] [GATE-0] [INFO]   ✓ Python module available: json
[2026-09-01 02:16:23] [GATE-0] [INFO]   ✓ Python module available: hashlib
[2026-09-01 02:16:23] [GATE-0] [INFO]   ✓ Python module available: dataclasses
[2026-09-01 02:16:23] [GATE-0] [INFO]   ✓ Python module available: pathlib
[2026-09-01 02:16:23] [GATE-0] [INFO] CHECK 6: Verifying gate dependencies...
[2026-09-01 02:16:23] [GATE-0] [INFO]   ✓ Gate 1-3 validator script ready
[2026-09-01 02:16:23] [GATE-0] [INFO]   ✓ Gate 4-5 validator script ready
[2026-09-01 02:16:23] [GATE-0] [INFO]   ✓ agentacct capture module available
[2026-09-01 02:16:23] [GATE-0] [INFO]   ✓ unlazy gates module available
[2026-09-01 02:16:23] [GATE-0] [INFO] =========================================
[2026-09-01 02:16:23] [GATE-0] [INFO] Gate 0 Summary:
[2026-09-01 02:16:23] [GATE-0] [INFO]   Proof Artifacts: 4/7
[2026-09-01 02:16:23] [GATE-0] [INFO]   Git State:       1/3
[2026-09-01 02:16:23] [GATE-0] [INFO]   AP2 Ledger:      2/2
[2026-09-01 02:16:23] [GATE-0] [INFO]   Work Receipts:   2/2
[2026-09-01 02:16:23] [GATE-0] [INFO]   Python Modules:  4/4
[2026-09-01 02:16:23] [GATE-0] [INFO]   Dependencies:    4/4
[2026-09-01 02:16:23] [GATE-0] [INFO] =========================================
[2026-09-01 02:16:23] [GATE-0] [INFO] TOTAL: 17/22 checks passed
[2026-09-01 02:16:23] [GATE-0] [INFO] Gate 0 PASSED: Pre-flight verification complete
[2026-09-01 02:16:24] [GATE-0] [INFO] === Gate 0 Pre-Flight Verification ===
[2026-09-01 02:16:24] [GATE-0] [INFO] CHECK 1: Verifying proof artifacts...
[2026-09-01 02:16:24] [GATE-0] [INFO]   ✓ Found: 1_agentacct_config.json
[2026-09-01 02:16:24] [GATE-0] [WARN]   ✗ Missing: 2_unlazy_gates.md (will be generated during execution)
[2026-09-01 02:16:24] [GATE-0] [WARN]   ✗ Missing: 3_is_agentic.json (will be generated during execution)
[2026-09-01 02:16:24] [GATE-0] [WARN]   ✗ Missing: 4_canirun_grades.json (will be generated during execution)
[2026-09-01 02:16:24] [GATE-0] [INFO]   ✓ Found: 5_ap2_ledger_pqc.md
[2026-09-01 02:16:24] [GATE-0] [INFO]   ✓ Found: 6_ragas_golden_set.json
[2026-09-01 02:16:24] [GATE-0] [INFO]   ✓ Found: 7_freetoken_benchmark.json
[2026-09-01 02:16:24] [GATE-0] [INFO] CHECK 2: Verifying git state...
[2026-09-01 02:16:24] [GATE-0] [INFO]   ✓ Valid git repository
[2026-09-01 02:16:25] [GATE-0] [INFO] === Gate 0 Pre-Flight Verification ===
[2026-09-01 02:16:25] [GATE-0] [INFO] CHECK 1: Verifying proof artifacts...
[2026-09-01 02:16:25] [GATE-0] [INFO]   ✓ Found: 1_agentacct_config.json
[2026-09-01 02:16:25] [GATE-0] [WARN]   ✗ Missing: 2_unlazy_gates.md (will be generated during execution)
[2026-09-01 02:16:25] [GATE-0] [WARN]   ✗ Missing: 3_is_agentic.json (will be generated during execution)
[2026-09-01 02:16:25] [GATE-0] [WARN]   ✗ Missing: 4_canirun_grades.json (will be generated during execution)
[2026-09-01 02:16:25] [GATE-0] [INFO]   ✓ Found: 5_ap2_ledger_pqc.md
[2026-09-01 02:16:25] [GATE-0] [INFO]   ✓ Found: 6_ragas_golden_set.json
[2026-09-01 02:16:25] [GATE-0] [INFO]   ✓ Found: 7_freetoken_benchmark.json
[2026-09-01 02:16:25] [GATE-0] [INFO] CHECK 2: Verifying git state...
[2026-09-01 02:16:26] [GATE-0] [INFO]   ✓ Valid git repository
[2026-09-01 02:16:26] [GATE-0] [INFO] === Gate 0 Pre-Flight Verification ===
[2026-09-01 02:16:26] [GATE-0] [INFO] CHECK 1: Verifying proof artifacts...
[2026-09-01 02:16:26] [GATE-0] [INFO]   ✓ Found: 1_agentacct_config.json
[2026-09-01 02:16:26] [GATE-0] [WARN]   ✗ Missing: 2_unlazy_gates.md (will be generated during execution)
[2026-09-01 02:16:26] [GATE-0] [WARN]   ✗ Missing: 3_is_agentic.json (will be generated during execution)
[2026-09-01 02:16:26] [GATE-0] [WARN]   ✗ Missing: 4_canirun_grades.json (will be generated during execution)
[2026-09-01 02:16:26] [GATE-0] [INFO]   ✓ Found: 5_ap2_ledger_pqc.md
[2026-09-01 02:16:26] [GATE-0] [INFO]   ✓ Found: 6_ragas_golden_set.json
[2026-09-01 02:16:26] [GATE-0] [INFO]   ✓ Found: 7_freetoken_benchmark.json
[2026-09-01 02:16:26] [GATE-0] [INFO] CHECK 2: Verifying git state...
[2026-09-01 02:16:26] [GATE-0] [INFO]   ✓ Valid git repository
[2026-09-01 02:16:26] [GATE-0] [WARN]   ⚠ Uncommitted changes detected (non-blocking)
[2026-09-01 02:16:26] [GATE-0] [WARN]   ⚠ Last commit not signed (warning only)
[2026-09-01 02:16:26] [GATE-0] [INFO] CHECK 3: Verifying AP2 ledger structure...
[2026-09-01 02:16:26] [GATE-0] [INFO]   ✓ AP2 ledger directory exists
[2026-09-01 02:16:26] [GATE-0] [INFO]   ✓ Found        9 ledger entries
[2026-09-01 02:16:26] [GATE-0] [INFO] CHECK 4: Verifying work receipts directory...
[2026-09-01 02:16:26] [GATE-0] [INFO]   ✓ Work receipts directory exists
[2026-09-01 02:16:26] [GATE-0] [INFO]   ✓ Found      111 work receipt files
[2026-09-01 02:16:26] [GATE-0] [INFO] CHECK 5: Verifying Python dependencies...
[2026-09-01 02:16:26] [GATE-0] [INFO]   ✓ Python module available: json
[2026-09-01 02:16:26] [GATE-0] [INFO]   ✓ Python module available: hashlib
[2026-09-01 02:16:26] [GATE-0] [INFO]   ✓ Python module available: dataclasses
[2026-09-01 02:16:26] [GATE-0] [INFO]   ✓ Python module available: pathlib
[2026-09-01 02:16:26] [GATE-0] [INFO] CHECK 6: Verifying gate dependencies...
[2026-09-01 02:16:26] [GATE-0] [INFO]   ✓ Gate 1-3 validator script ready
[2026-09-01 02:16:26] [GATE-0] [INFO]   ✓ Gate 4-5 validator script ready
[2026-09-01 02:16:26] [GATE-0] [INFO]   ✓ agentacct capture module available
[2026-09-01 02:16:26] [GATE-0] [INFO]   ✓ unlazy gates module available
[2026-09-01 02:16:26] [GATE-0] [INFO] =========================================
[2026-09-01 02:16:26] [GATE-0] [INFO] Gate 0 Summary:
[2026-09-01 02:16:26] [GATE-0] [INFO]   Proof Artifacts: 4/7
[2026-09-01 02:16:26] [GATE-0] [INFO]   Git State:       1/3
[2026-09-01 02:16:26] [GATE-0] [INFO]   AP2 Ledger:      2/2
[2026-09-01 02:16:26] [GATE-0] [INFO]   Work Receipts:   2/2
[2026-09-01 02:16:26] [GATE-0] [INFO]   Python Modules:  4/4
[2026-09-01 02:16:26] [GATE-0] [INFO]   Dependencies:    4/4
[2026-09-01 02:16:26] [GATE-0] [INFO] =========================================
[2026-09-01 02:16:26] [GATE-0] [INFO] TOTAL: 17/22 checks passed
[2026-09-01 02:16:26] [GATE-0] [INFO] Gate 0 PASSED: Pre-flight verification complete
[2026-09-01 02:16:27] [GATE-0] [WARN]   ⚠ Uncommitted changes detected (non-blocking)
[2026-09-01 02:16:27] [GATE-0] [WARN]   ⚠ Uncommitted changes detected (non-blocking)
[2026-09-01 02:16:27] [GATE-0] [WARN]   ⚠ Last commit not signed (warning only)
[2026-09-01 02:16:27] [GATE-0] [INFO] CHECK 3: Verifying AP2 ledger structure...
[2026-09-01 02:16:27] [GATE-0] [INFO]   ✓ AP2 ledger directory exists
[2026-09-01 02:16:27] [GATE-0] [WARN]   ⚠ Last commit not signed (warning only)
[2026-09-01 02:16:27] [GATE-0] [INFO]   ✓ Found        9 ledger entries
[2026-09-01 02:16:27] [GATE-0] [INFO] CHECK 3: Verifying AP2 ledger structure...
[2026-09-01 02:16:27] [GATE-0] [INFO] CHECK 4: Verifying work receipts directory...
[2026-09-01 02:16:27] [GATE-0] [INFO]   ✓ AP2 ledger directory exists
[2026-09-01 02:16:27] [GATE-0] [INFO]   ✓ Work receipts directory exists
[2026-09-01 02:16:27] [GATE-0] [INFO]   ✓ Found        9 ledger entries
[2026-09-01 02:16:27] [GATE-0] [INFO]   ✓ Found      112 work receipt files
[2026-09-01 02:16:27] [GATE-0] [INFO] CHECK 4: Verifying work receipts directory...
[2026-09-01 02:16:27] [GATE-0] [INFO] CHECK 5: Verifying Python dependencies...
[2026-09-01 02:16:27] [GATE-0] [INFO]   ✓ Work receipts directory exists
[2026-09-01 02:16:27] [GATE-0] [INFO]   ✓ Found      112 work receipt files
[2026-09-01 02:16:27] [GATE-0] [INFO] CHECK 5: Verifying Python dependencies...
[2026-09-01 02:16:27] [GATE-0] [INFO]   ✓ Python module available: json
[2026-09-01 02:16:27] [GATE-0] [INFO]   ✓ Python module available: json
[2026-09-01 02:16:27] [GATE-0] [INFO]   ✓ Python module available: hashlib
[2026-09-01 02:16:27] [GATE-0] [INFO]   ✓ Python module available: hashlib
[2026-09-01 02:16:27] [GATE-0] [INFO]   ✓ Python module available: dataclasses
[2026-09-01 02:16:27] [GATE-0] [INFO]   ✓ Python module available: dataclasses
[2026-09-01 02:16:27] [GATE-0] [INFO]   ✓ Python module available: pathlib
[2026-09-01 02:16:27] [GATE-0] [INFO] CHECK 6: Verifying gate dependencies...
[2026-09-01 02:16:27] [GATE-0] [INFO]   ✓ Gate 1-3 validator script ready
[2026-09-01 02:16:27] [GATE-0] [INFO]   ✓ Python module available: pathlib
[2026-09-01 02:16:27] [GATE-0] [INFO]   ✓ Gate 4-5 validator script ready
[2026-09-01 02:16:27] [GATE-0] [INFO] CHECK 6: Verifying gate dependencies...
[2026-09-01 02:16:27] [GATE-0] [INFO]   ✓ agentacct capture module available
[2026-09-01 02:16:27] [GATE-0] [INFO]   ✓ Gate 1-3 validator script ready
[2026-09-01 02:16:27] [GATE-0] [INFO]   ✓ unlazy gates module available
[2026-09-01 02:16:27] [GATE-0] [INFO]   ✓ Gate 4-5 validator script ready
[2026-09-01 02:16:27] [GATE-0] [INFO] =========================================
[2026-09-01 02:16:27] [GATE-0] [INFO]   ✓ agentacct capture module available
[2026-09-01 02:16:27] [GATE-0] [INFO] Gate 0 Summary:
[2026-09-01 02:16:28] [GATE-0] [INFO]   ✓ unlazy gates module available
[2026-09-01 02:16:28] [GATE-0] [INFO]   Proof Artifacts: 4/7
[2026-09-01 02:16:28] [GATE-0] [INFO] =========================================
[2026-09-01 02:16:28] [GATE-0] [INFO]   Git State:       1/3
[2026-09-01 02:16:28] [GATE-0] [INFO] Gate 0 Summary:
[2026-09-01 02:16:28] [GATE-0] [INFO]   AP2 Ledger:      2/2
[2026-09-01 02:16:28] [GATE-0] [INFO]   Proof Artifacts: 4/7
[2026-09-01 02:16:28] [GATE-0] [INFO]   Work Receipts:   2/2
[2026-09-01 02:16:28] [GATE-0] [INFO]   Git State:       1/3
[2026-09-01 02:16:28] [GATE-0] [INFO]   Python Modules:  4/4
[2026-09-01 02:16:28] [GATE-0] [INFO]   AP2 Ledger:      2/2
[2026-09-01 02:16:28] [GATE-0] [INFO]   Dependencies:    4/4
[2026-09-01 02:16:28] [GATE-0] [INFO]   Work Receipts:   2/2
[2026-09-01 02:16:28] [GATE-0] [INFO] =========================================
[2026-09-01 02:16:28] [GATE-0] [INFO]   Python Modules:  4/4
[2026-09-01 02:16:28] [GATE-0] [INFO] TOTAL: 17/22 checks passed
[2026-09-01 02:16:28] [GATE-0] [INFO]   Dependencies:    4/4
[2026-09-01 02:16:28] [GATE-0] [INFO] Gate 0 PASSED: Pre-flight verification complete
[2026-09-01 02:16:28] [GATE-0] [INFO] =========================================
[2026-09-01 02:16:28] [GATE-0] [INFO] TOTAL: 17/22 checks passed
[2026-09-01 02:16:28] [GATE-0] [INFO] Gate 0 PASSED: Pre-flight verification complete
[2026-09-01 02:16:29] [GATE-0] [INFO] === Gate 0 Pre-Flight Verification ===
[2026-09-01 02:16:29] [GATE-0] [INFO] CHECK 1: Verifying proof artifacts...
[2026-09-01 02:16:29] [GATE-0] [INFO]   ✓ Found: 1_agentacct_config.json
[2026-09-01 02:16:29] [GATE-0] [WARN]   ✗ Missing: 2_unlazy_gates.md (will be generated during execution)
[2026-09-01 02:16:29] [GATE-0] [WARN]   ✗ Missing: 3_is_agentic.json (will be generated during execution)
[2026-09-01 02:16:29] [GATE-0] [WARN]   ✗ Missing: 4_canirun_grades.json (will be generated during execution)
[2026-09-01 02:16:29] [GATE-0] [INFO]   ✓ Found: 5_ap2_ledger_pqc.md
[2026-09-01 02:16:29] [GATE-0] [INFO]   ✓ Found: 6_ragas_golden_set.json
[2026-09-01 02:16:29] [GATE-0] [INFO]   ✓ Found: 7_freetoken_benchmark.json
[2026-09-01 02:16:29] [GATE-0] [INFO] CHECK 2: Verifying git state...
[2026-09-01 02:16:29] [GATE-0] [INFO]   ✓ Valid git repository
[2026-09-01 02:16:30] [GATE-0] [WARN]   ⚠ Uncommitted changes detected (non-blocking)
[2026-09-01 02:16:30] [GATE-0] [WARN]   ⚠ Last commit not signed (warning only)
[2026-09-01 02:16:30] [GATE-0] [INFO] CHECK 3: Verifying AP2 ledger structure...
[2026-09-01 02:16:30] [GATE-0] [INFO]   ✓ AP2 ledger directory exists
[2026-09-01 02:16:30] [GATE-0] [INFO]   ✓ Found        9 ledger entries
[2026-09-01 02:16:30] [GATE-0] [INFO] CHECK 4: Verifying work receipts directory...
[2026-09-01 02:16:30] [GATE-0] [INFO]   ✓ Work receipts directory exists
[2026-09-01 02:16:30] [GATE-0] [INFO]   ✓ Found      114 work receipt files
[2026-09-01 02:16:30] [GATE-0] [INFO] CHECK 5: Verifying Python dependencies...
[2026-09-01 02:16:30] [GATE-0] [INFO]   ✓ Python module available: json
[2026-09-01 02:16:30] [GATE-0] [INFO]   ✓ Python module available: hashlib
[2026-09-01 02:16:30] [GATE-0] [INFO]   ✓ Python module available: dataclasses
[2026-09-01 02:16:30] [GATE-0] [INFO]   ✓ Python module available: pathlib
[2026-09-01 02:16:30] [GATE-0] [INFO] CHECK 6: Verifying gate dependencies...
[2026-09-01 02:16:30] [GATE-0] [INFO]   ✓ Gate 1-3 validator script ready
[2026-09-01 02:16:30] [GATE-0] [INFO]   ✓ Gate 4-5 validator script ready
[2026-09-01 02:16:30] [GATE-0] [INFO]   ✓ agentacct capture module available
[2026-09-01 02:16:30] [GATE-0] [INFO]   ✓ unlazy gates module available
[2026-09-01 02:16:30] [GATE-0] [INFO] =========================================
[2026-09-01 02:16:30] [GATE-0] [INFO] Gate 0 Summary:
[2026-09-01 02:16:30] [GATE-0] [INFO]   Proof Artifacts: 4/7
[2026-09-01 02:16:30] [GATE-0] [INFO]   Git State:       1/3
[2026-09-01 02:16:30] [GATE-0] [INFO]   AP2 Ledger:      2/2
[2026-09-01 02:16:30] [GATE-0] [INFO]   Work Receipts:   2/2
[2026-09-01 02:16:30] [GATE-0] [INFO]   Python Modules:  4/4
[2026-09-01 02:16:30] [GATE-0] [INFO]   Dependencies:    4/4
[2026-09-01 02:16:30] [GATE-0] [INFO] =========================================
[2026-09-01 02:16:30] [GATE-0] [INFO] TOTAL: 17/22 checks passed
[2026-09-01 02:16:30] [GATE-0] [INFO] Gate 0 PASSED: Pre-flight verification complete
[2026-09-01 02:16:33] [GATE-0] [INFO] === Gate 0 Pre-Flight Verification ===
[2026-09-01 02:16:33] [GATE-0] [INFO] CHECK 1: Verifying proof artifacts...
[2026-09-01 02:16:33] [GATE-0] [INFO]   ✓ Found: 1_agentacct_config.json
[2026-09-01 02:16:33] [GATE-0] [WARN]   ✗ Missing: 2_unlazy_gates.md (will be generated during execution)
[2026-09-01 02:16:33] [GATE-0] [WARN]   ✗ Missing: 3_is_agentic.json (will be generated during execution)
[2026-09-01 02:16:33] [GATE-0] [WARN]   ✗ Missing: 4_canirun_grades.json (will be generated during execution)
[2026-09-01 02:16:33] [GATE-0] [INFO]   ✓ Found: 5_ap2_ledger_pqc.md
[2026-09-01 02:16:33] [GATE-0] [INFO]   ✓ Found: 6_ragas_golden_set.json
[2026-09-01 02:16:33] [GATE-0] [INFO]   ✓ Found: 7_freetoken_benchmark.json
[2026-09-01 02:16:33] [GATE-0] [INFO] CHECK 2: Verifying git state...
[2026-09-01 02:16:33] [GATE-0] [INFO]   ✓ Valid git repository
[2026-09-01 02:16:33] [GATE-0] [INFO] === Gate 0 Pre-Flight Verification ===
[2026-09-01 02:16:33] [GATE-0] [INFO] CHECK 1: Verifying proof artifacts...
[2026-09-01 02:16:33] [GATE-0] [INFO]   ✓ Found: 1_agentacct_config.json
[2026-09-01 02:16:33] [GATE-0] [WARN]   ✗ Missing: 2_unlazy_gates.md (will be generated during execution)
[2026-09-01 02:16:33] [GATE-0] [WARN]   ✗ Missing: 3_is_agentic.json (will be generated during execution)
[2026-09-01 02:16:33] [GATE-0] [WARN]   ✗ Missing: 4_canirun_grades.json (will be generated during execution)
[2026-09-01 02:16:33] [GATE-0] [INFO]   ✓ Found: 5_ap2_ledger_pqc.md
[2026-09-01 02:16:33] [GATE-0] [INFO]   ✓ Found: 6_ragas_golden_set.json
[2026-09-01 02:16:33] [GATE-0] [INFO]   ✓ Found: 7_freetoken_benchmark.json
[2026-09-01 02:16:33] [GATE-0] [INFO] CHECK 2: Verifying git state...
[2026-09-01 02:16:33] [GATE-0] [INFO]   ✓ Valid git repository
[2026-09-01 02:16:33] [GATE-0] [INFO] === Gate 0 Pre-Flight Verification ===
[2026-09-01 02:16:33] [GATE-0] [INFO] CHECK 1: Verifying proof artifacts...
[2026-09-01 02:16:34] [GATE-0] [INFO]   ✓ Found: 1_agentacct_config.json
[2026-09-01 02:16:34] [GATE-0] [WARN]   ✗ Missing: 2_unlazy_gates.md (will be generated during execution)
[2026-09-01 02:16:34] [GATE-0] [WARN]   ✗ Missing: 3_is_agentic.json (will be generated during execution)
[2026-09-01 02:16:34] [GATE-0] [WARN]   ✗ Missing: 4_canirun_grades.json (will be generated during execution)
[2026-09-01 02:16:34] [GATE-0] [INFO]   ✓ Found: 5_ap2_ledger_pqc.md
[2026-09-01 02:16:34] [GATE-0] [INFO]   ✓ Found: 6_ragas_golden_set.json
[2026-09-01 02:16:34] [GATE-0] [INFO]   ✓ Found: 7_freetoken_benchmark.json
[2026-09-01 02:16:34] [GATE-0] [INFO] CHECK 2: Verifying git state...
[2026-09-01 02:16:34] [GATE-0] [INFO]   ✓ Valid git repository
[2026-09-01 02:16:34] [GATE-0] [WARN]   ⚠ Uncommitted changes detected (non-blocking)
[2026-09-01 02:16:34] [GATE-0] [WARN]   ⚠ Last commit not signed (warning only)
[2026-09-01 02:16:34] [GATE-0] [INFO] CHECK 3: Verifying AP2 ledger structure...
[2026-09-01 02:16:34] [GATE-0] [INFO]   ✓ AP2 ledger directory exists
[2026-09-01 02:16:34] [GATE-0] [INFO]   ✓ Found        9 ledger entries
[2026-09-01 02:16:34] [GATE-0] [INFO] CHECK 4: Verifying work receipts directory...
[2026-09-01 02:16:34] [GATE-0] [INFO]   ✓ Work receipts directory exists
[2026-09-01 02:16:34] [GATE-0] [INFO]   ✓ Found      115 work receipt files
[2026-09-01 02:16:34] [GATE-0] [INFO] CHECK 5: Verifying Python dependencies...
[2026-09-01 02:16:34] [GATE-0] [INFO]   ✓ Python module available: json
[2026-09-01 02:16:34] [GATE-0] [INFO]   ✓ Python module available: hashlib
[2026-09-01 02:16:34] [GATE-0] [INFO]   ✓ Python module available: dataclasses
[2026-09-01 02:16:34] [GATE-0] [INFO]   ✓ Python module available: pathlib
[2026-09-01 02:16:34] [GATE-0] [INFO] CHECK 6: Verifying gate dependencies...
[2026-09-01 02:16:34] [GATE-0] [INFO]   ✓ Gate 1-3 validator script ready
[2026-09-01 02:16:34] [GATE-0] [INFO]   ✓ Gate 4-5 validator script ready
[2026-09-01 02:16:34] [GATE-0] [INFO]   ✓ agentacct capture module available
[2026-09-01 02:16:34] [GATE-0] [INFO]   ✓ unlazy gates module available
[2026-09-01 02:16:34] [GATE-0] [INFO] =========================================
[2026-09-01 02:16:34] [GATE-0] [INFO] Gate 0 Summary:
[2026-09-01 02:16:34] [GATE-0] [INFO]   Proof Artifacts: 4/7
[2026-09-01 02:16:34] [GATE-0] [INFO]   Git State:       1/3
[2026-09-01 02:16:34] [GATE-0] [INFO]   AP2 Ledger:      2/2
[2026-09-01 02:16:34] [GATE-0] [INFO]   Work Receipts:   2/2
[2026-09-01 02:16:34] [GATE-0] [INFO]   Python Modules:  4/4
[2026-09-01 02:16:34] [GATE-0] [INFO]   Dependencies:    4/4
[2026-09-01 02:16:34] [GATE-0] [INFO] =========================================
[2026-09-01 02:16:34] [GATE-0] [INFO] TOTAL: 17/22 checks passed
[2026-09-01 02:16:34] [GATE-0] [INFO] Gate 0 PASSED: Pre-flight verification complete
[2026-09-01 02:16:35] [GATE-0] [WARN]   ⚠ Uncommitted changes detected (non-blocking)
[2026-09-01 02:16:35] [GATE-0] [WARN]   ⚠ Last commit not signed (warning only)
[2026-09-01 02:16:35] [GATE-0] [INFO] CHECK 3: Verifying AP2 ledger structure...
[2026-09-01 02:16:35] [GATE-0] [INFO]   ✓ AP2 ledger directory exists
[2026-09-01 02:16:35] [GATE-0] [INFO]   ✓ Found        9 ledger entries
[2026-09-01 02:16:35] [GATE-0] [INFO] CHECK 4: Verifying work receipts directory...
[2026-09-01 02:16:35] [GATE-0] [INFO]   ✓ Work receipts directory exists
[2026-09-01 02:16:35] [GATE-0] [INFO]   ✓ Found      116 work receipt files
[2026-09-01 02:16:35] [GATE-0] [INFO] CHECK 5: Verifying Python dependencies...
[2026-09-01 02:16:35] [GATE-0] [INFO]   ✓ Python module available: json
[2026-09-01 02:16:35] [GATE-0] [INFO]   ✓ Python module available: hashlib
[2026-09-01 02:16:35] [GATE-0] [INFO]   ✓ Python module available: dataclasses
[2026-09-01 02:16:35] [GATE-0] [INFO]   ✓ Python module available: pathlib
[2026-09-01 02:16:35] [GATE-0] [INFO] CHECK 6: Verifying gate dependencies...
[2026-09-01 02:16:35] [GATE-0] [INFO]   ✓ Gate 1-3 validator script ready
[2026-09-01 02:16:35] [GATE-0] [INFO]   ✓ Gate 4-5 validator script ready
[2026-09-01 02:16:35] [GATE-0] [INFO]   ✓ agentacct capture module available
[2026-09-01 02:16:35] [GATE-0] [INFO]   ✓ unlazy gates module available
[2026-09-01 02:16:35] [GATE-0] [INFO] =========================================
[2026-09-01 02:16:35] [GATE-0] [INFO] Gate 0 Summary:
[2026-09-01 02:16:35] [GATE-0] [INFO]   Proof Artifacts: 4/7
[2026-09-01 02:16:35] [GATE-0] [INFO]   Git State:       1/3
[2026-09-01 02:16:35] [GATE-0] [INFO]   AP2 Ledger:      2/2
[2026-09-01 02:16:35] [GATE-0] [INFO]   Work Receipts:   2/2
[2026-09-01 02:16:35] [GATE-0] [INFO]   Python Modules:  4/4
[2026-09-01 02:16:35] [GATE-0] [INFO]   Dependencies:    4/4
[2026-09-01 02:16:35] [GATE-0] [INFO] =========================================
[2026-09-01 02:16:35] [GATE-0] [INFO] TOTAL: 17/22 checks passed
[2026-09-01 02:16:35] [GATE-0] [INFO] Gate 0 PASSED: Pre-flight verification complete
[2026-09-01 02:16:35] [GATE-0] [WARN]   ⚠ Uncommitted changes detected (non-blocking)
[2026-09-01 02:16:35] [GATE-0] [WARN]   ⚠ Last commit not signed (warning only)
[2026-09-01 02:16:35] [GATE-0] [INFO] CHECK 3: Verifying AP2 ledger structure...
[2026-09-01 02:16:35] [GATE-0] [INFO]   ✓ AP2 ledger directory exists
[2026-09-01 02:16:35] [GATE-0] [INFO]   ✓ Found        9 ledger entries
[2026-09-01 02:16:35] [GATE-0] [INFO] CHECK 4: Verifying work receipts directory...
[2026-09-01 02:16:35] [GATE-0] [INFO]   ✓ Work receipts directory exists
[2026-09-01 02:16:35] [GATE-0] [INFO]   ✓ Found      116 work receipt files
[2026-09-01 02:16:35] [GATE-0] [INFO] CHECK 5: Verifying Python dependencies...
[2026-09-01 02:16:35] [GATE-0] [INFO]   ✓ Python module available: json
[2026-09-01 02:16:35] [GATE-0] [INFO]   ✓ Python module available: hashlib
[2026-09-01 02:16:35] [GATE-0] [INFO]   ✓ Python module available: dataclasses
[2026-09-01 02:16:35] [GATE-0] [INFO]   ✓ Python module available: pathlib
[2026-09-01 02:16:35] [GATE-0] [INFO] CHECK 6: Verifying gate dependencies...
[2026-09-01 02:16:35] [GATE-0] [INFO]   ✓ Gate 1-3 validator script ready
[2026-09-01 02:16:35] [GATE-0] [INFO]   ✓ Gate 4-5 validator script ready
[2026-09-01 02:16:35] [GATE-0] [INFO]   ✓ agentacct capture module available
[2026-09-01 02:16:35] [GATE-0] [INFO]   ✓ unlazy gates module available
[2026-09-01 02:16:35] [GATE-0] [INFO] =========================================
[2026-09-01 02:16:35] [GATE-0] [INFO] Gate 0 Summary:
[2026-09-01 02:16:35] [GATE-0] [INFO]   Proof Artifacts: 4/7
[2026-09-01 02:16:35] [GATE-0] [INFO]   Git State:       1/3
[2026-09-01 02:16:35] [GATE-0] [INFO]   AP2 Ledger:      2/2
[2026-09-01 02:16:35] [GATE-0] [INFO]   Work Receipts:   2/2
[2026-09-01 02:16:35] [GATE-0] [INFO]   Python Modules:  4/4
[2026-09-01 02:16:35] [GATE-0] [INFO]   Dependencies:    4/4
[2026-09-01 02:16:35] [GATE-0] [INFO] =========================================
[2026-09-01 02:16:35] [GATE-0] [INFO] TOTAL: 17/22 checks passed
[2026-09-01 02:16:35] [GATE-0] [INFO] Gate 0 PASSED: Pre-flight verification complete
[2026-09-01 02:16:36] [GATE-0] [INFO] === Gate 0 Pre-Flight Verification ===
[2026-09-01 02:16:36] [GATE-0] [INFO] CHECK 1: Verifying proof artifacts...
[2026-09-01 02:16:36] [GATE-0] [INFO]   ✓ Found: 1_agentacct_config.json
[2026-09-01 02:16:36] [GATE-0] [WARN]   ✗ Missing: 2_unlazy_gates.md (will be generated during execution)
[2026-09-01 02:16:36] [GATE-0] [WARN]   ✗ Missing: 3_is_agentic.json (will be generated during execution)
[2026-09-01 02:16:36] [GATE-0] [WARN]   ✗ Missing: 4_canirun_grades.json (will be generated during execution)
[2026-09-01 02:16:36] [GATE-0] [INFO]   ✓ Found: 5_ap2_ledger_pqc.md
[2026-09-01 02:16:36] [GATE-0] [INFO]   ✓ Found: 6_ragas_golden_set.json
[2026-09-01 02:16:36] [GATE-0] [INFO]   ✓ Found: 7_freetoken_benchmark.json
[2026-09-01 02:16:36] [GATE-0] [INFO] CHECK 2: Verifying git state...
[2026-09-01 02:16:36] [GATE-0] [INFO]   ✓ Valid git repository
[2026-09-01 02:16:38] [GATE-0] [WARN]   ⚠ Uncommitted changes detected (non-blocking)
[2026-09-01 02:16:38] [GATE-0] [WARN]   ⚠ Last commit not signed (warning only)
[2026-09-01 02:16:38] [GATE-0] [INFO] CHECK 3: Verifying AP2 ledger structure...
[2026-09-01 02:16:38] [GATE-0] [INFO]   ✓ AP2 ledger directory exists
[2026-09-01 02:16:38] [GATE-0] [INFO]   ✓ Found        9 ledger entries
[2026-09-01 02:16:38] [GATE-0] [INFO] CHECK 4: Verifying work receipts directory...
[2026-09-01 02:16:38] [GATE-0] [INFO]   ✓ Work receipts directory exists
[2026-09-01 02:16:38] [GATE-0] [INFO]   ✓ Found      118 work receipt files
[2026-09-01 02:16:38] [GATE-0] [INFO] CHECK 5: Verifying Python dependencies...
[2026-09-01 02:16:38] [GATE-0] [INFO]   ✓ Python module available: json
[2026-09-01 02:16:38] [GATE-0] [INFO]   ✓ Python module available: hashlib
[2026-09-01 02:16:38] [GATE-0] [INFO]   ✓ Python module available: dataclasses
[2026-09-01 02:16:38] [GATE-0] [INFO]   ✓ Python module available: pathlib
[2026-09-01 02:16:38] [GATE-0] [INFO] CHECK 6: Verifying gate dependencies...
[2026-09-01 02:16:38] [GATE-0] [INFO]   ✓ Gate 1-3 validator script ready
[2026-09-01 02:16:38] [GATE-0] [INFO]   ✓ Gate 4-5 validator script ready
[2026-09-01 02:16:38] [GATE-0] [INFO]   ✓ agentacct capture module available
[2026-09-01 02:16:38] [GATE-0] [INFO]   ✓ unlazy gates module available
[2026-09-01 02:16:38] [GATE-0] [INFO] =========================================
[2026-09-01 02:16:38] [GATE-0] [INFO] Gate 0 Summary:
[2026-09-01 02:16:38] [GATE-0] [INFO]   Proof Artifacts: 4/7
[2026-09-01 02:16:38] [GATE-0] [INFO]   Git State:       1/3
[2026-09-01 02:16:38] [GATE-0] [INFO]   AP2 Ledger:      2/2
[2026-09-01 02:16:38] [GATE-0] [INFO]   Work Receipts:   2/2
[2026-09-01 02:16:38] [GATE-0] [INFO]   Python Modules:  4/4
[2026-09-01 02:16:38] [GATE-0] [INFO]   Dependencies:    4/4
[2026-09-01 02:16:38] [GATE-0] [INFO] =========================================
[2026-09-01 02:16:38] [GATE-0] [INFO] TOTAL: 17/22 checks passed
[2026-09-01 02:16:38] [GATE-0] [INFO] Gate 0 PASSED: Pre-flight verification complete
[2026-09-01 02:16:40] [GATE-0] [INFO] === Gate 0 Pre-Flight Verification ===
[2026-09-01 02:16:40] [GATE-0] [INFO] CHECK 1: Verifying proof artifacts...
[2026-09-01 02:16:40] [GATE-0] [INFO]   ✓ Found: 1_agentacct_config.json
[2026-09-01 02:16:40] [GATE-0] [WARN]   ✗ Missing: 2_unlazy_gates.md (will be generated during execution)
[2026-09-01 02:16:40] [GATE-0] [WARN]   ✗ Missing: 3_is_agentic.json (will be generated during execution)
[2026-09-01 02:16:40] [GATE-0] [WARN]   ✗ Missing: 4_canirun_grades.json (will be generated during execution)
[2026-09-01 02:16:40] [GATE-0] [INFO]   ✓ Found: 5_ap2_ledger_pqc.md
[2026-09-01 02:16:40] [GATE-0] [INFO]   ✓ Found: 6_ragas_golden_set.json
[2026-09-01 02:16:40] [GATE-0] [INFO]   ✓ Found: 7_freetoken_benchmark.json
[2026-09-01 02:16:40] [GATE-0] [INFO] CHECK 2: Verifying git state...
[2026-09-01 02:16:40] [GATE-0] [INFO]   ✓ Valid git repository
[2026-09-01 02:16:41] [GATE-0] [WARN]   ⚠ Uncommitted changes detected (non-blocking)
[2026-09-01 02:16:41] [GATE-0] [WARN]   ⚠ Last commit not signed (warning only)
[2026-09-01 02:16:41] [GATE-0] [INFO] CHECK 3: Verifying AP2 ledger structure...
[2026-09-01 02:16:41] [GATE-0] [INFO]   ✓ AP2 ledger directory exists
[2026-09-01 02:16:41] [GATE-0] [INFO]   ✓ Found        9 ledger entries
[2026-09-01 02:16:41] [GATE-0] [INFO] CHECK 4: Verifying work receipts directory...
[2026-09-01 02:16:41] [GATE-0] [INFO]   ✓ Work receipts directory exists
[2026-09-01 02:16:41] [GATE-0] [INFO]   ✓ Found      119 work receipt files
[2026-09-01 02:16:41] [GATE-0] [INFO] CHECK 5: Verifying Python dependencies...
[2026-09-01 02:16:41] [GATE-0] [INFO]   ✓ Python module available: json
[2026-09-01 02:16:41] [GATE-0] [INFO]   ✓ Python module available: hashlib
[2026-09-01 02:16:41] [GATE-0] [INFO]   ✓ Python module available: dataclasses
[2026-09-01 02:16:41] [GATE-0] [INFO]   ✓ Python module available: pathlib
[2026-09-01 02:16:41] [GATE-0] [INFO] CHECK 6: Verifying gate dependencies...
[2026-09-01 02:16:41] [GATE-0] [INFO]   ✓ Gate 1-3 validator script ready
[2026-09-01 02:16:41] [GATE-0] [INFO]   ✓ Gate 4-5 validator script ready
[2026-09-01 02:16:41] [GATE-0] [INFO]   ✓ agentacct capture module available
[2026-09-01 02:16:41] [GATE-0] [INFO]   ✓ unlazy gates module available
[2026-09-01 02:16:41] [GATE-0] [INFO] =========================================
[2026-09-01 02:16:41] [GATE-0] [INFO] Gate 0 Summary:
[2026-09-01 02:16:41] [GATE-0] [INFO]   Proof Artifacts: 4/7
[2026-09-01 02:16:41] [GATE-0] [INFO]   Git State:       1/3
[2026-09-01 02:16:41] [GATE-0] [INFO]   AP2 Ledger:      2/2
[2026-09-01 02:16:41] [GATE-0] [INFO]   Work Receipts:   2/2
[2026-09-01 02:16:41] [GATE-0] [INFO]   Python Modules:  4/4
[2026-09-01 02:16:41] [GATE-0] [INFO]   Dependencies:    4/4
[2026-09-01 02:16:41] [GATE-0] [INFO] =========================================
[2026-09-01 02:16:41] [GATE-0] [INFO] TOTAL: 17/22 checks passed
[2026-09-01 02:16:41] [GATE-0] [INFO] Gate 0 PASSED: Pre-flight verification complete
[2026-09-01 02:16:47] [GATE-0] [INFO] === Gate 0 Pre-Flight Verification ===
[2026-09-01 02:16:47] [GATE-0] [INFO] CHECK 1: Verifying proof artifacts...
[2026-09-01 02:16:47] [GATE-0] [INFO]   ✓ Found: 1_agentacct_config.json
[2026-09-01 02:16:47] [GATE-0] [WARN]   ✗ Missing: 2_unlazy_gates.md (will be generated during execution)
[2026-09-01 02:16:47] [GATE-0] [WARN]   ✗ Missing: 3_is_agentic.json (will be generated during execution)
[2026-09-01 02:16:47] [GATE-0] [WARN]   ✗ Missing: 4_canirun_grades.json (will be generated during execution)
[2026-09-01 02:16:47] [GATE-0] [INFO]   ✓ Found: 5_ap2_ledger_pqc.md
[2026-09-01 02:16:47] [GATE-0] [INFO]   ✓ Found: 6_ragas_golden_set.json
[2026-09-01 02:16:47] [GATE-0] [INFO]   ✓ Found: 7_freetoken_benchmark.json
[2026-09-01 02:16:47] [GATE-0] [INFO] CHECK 2: Verifying git state...
[2026-09-01 02:16:47] [GATE-0] [INFO]   ✓ Valid git repository
[2026-09-01 02:16:48] [GATE-0] [WARN]   ⚠ Uncommitted changes detected (non-blocking)
[2026-09-01 02:16:48] [GATE-0] [WARN]   ⚠ Last commit not signed (warning only)
[2026-09-01 02:16:48] [GATE-0] [INFO] CHECK 3: Verifying AP2 ledger structure...
[2026-09-01 02:16:48] [GATE-0] [INFO]   ✓ AP2 ledger directory exists
[2026-09-01 02:16:48] [GATE-0] [INFO]   ✓ Found        9 ledger entries
[2026-09-01 02:16:48] [GATE-0] [INFO] CHECK 4: Verifying work receipts directory...
[2026-09-01 02:16:48] [GATE-0] [INFO]   ✓ Work receipts directory exists
[2026-09-01 02:16:48] [GATE-0] [INFO]   ✓ Found      120 work receipt files
[2026-09-01 02:16:48] [GATE-0] [INFO] CHECK 5: Verifying Python dependencies...
[2026-09-01 02:16:48] [GATE-0] [INFO]   ✓ Python module available: json
[2026-09-01 02:16:48] [GATE-0] [INFO]   ✓ Python module available: hashlib
[2026-09-01 02:16:48] [GATE-0] [INFO]   ✓ Python module available: dataclasses
[2026-09-01 02:16:48] [GATE-0] [INFO]   ✓ Python module available: pathlib
[2026-09-01 02:16:48] [GATE-0] [INFO] CHECK 6: Verifying gate dependencies...
[2026-09-01 02:16:48] [GATE-0] [INFO]   ✓ Gate 1-3 validator script ready
[2026-09-01 02:16:48] [GATE-0] [INFO]   ✓ Gate 4-5 validator script ready
[2026-09-01 02:16:48] [GATE-0] [INFO]   ✓ agentacct capture module available
[2026-09-01 02:16:48] [GATE-0] [INFO]   ✓ unlazy gates module available
[2026-09-01 02:16:48] [GATE-0] [INFO] =========================================
[2026-09-01 02:16:48] [GATE-0] [INFO] Gate 0 Summary:
[2026-09-01 02:16:48] [GATE-0] [INFO]   Proof Artifacts: 4/7
[2026-09-01 02:16:48] [GATE-0] [INFO]   Git State:       1/3
[2026-09-01 02:16:48] [GATE-0] [INFO]   AP2 Ledger:      2/2
[2026-09-01 02:16:48] [GATE-0] [INFO]   Work Receipts:   2/2
[2026-09-01 02:16:48] [GATE-0] [INFO]   Python Modules:  4/4
[2026-09-01 02:16:48] [GATE-0] [INFO]   Dependencies:    4/4
[2026-09-01 02:16:48] [GATE-0] [INFO] =========================================
[2026-09-01 02:16:48] [GATE-0] [INFO] TOTAL: 17/22 checks passed
[2026-09-01 02:16:48] [GATE-0] [INFO] Gate 0 PASSED: Pre-flight verification complete
[2026-09-01 02:16:51] [GATE-0] [INFO] === Gate 0 Pre-Flight Verification ===
[2026-09-01 02:16:51] [GATE-0] [INFO] CHECK 1: Verifying proof artifacts...
[2026-09-01 02:16:51] [GATE-0] [INFO]   ✓ Found: 1_agentacct_config.json
[2026-09-01 02:16:51] [GATE-0] [WARN]   ✗ Missing: 2_unlazy_gates.md (will be generated during execution)
[2026-09-01 02:16:51] [GATE-0] [WARN]   ✗ Missing: 3_is_agentic.json (will be generated during execution)
[2026-09-01 02:16:51] [GATE-0] [WARN]   ✗ Missing: 4_canirun_grades.json (will be generated during execution)
[2026-09-01 02:16:51] [GATE-0] [INFO]   ✓ Found: 5_ap2_ledger_pqc.md
[2026-09-01 02:16:51] [GATE-0] [INFO]   ✓ Found: 6_ragas_golden_set.json
[2026-09-01 02:16:51] [GATE-0] [INFO]   ✓ Found: 7_freetoken_benchmark.json
[2026-09-01 02:16:51] [GATE-0] [INFO] CHECK 2: Verifying git state...
[2026-09-01 02:16:51] [GATE-0] [INFO]   ✓ Valid git repository
[2026-09-01 02:16:52] [GATE-0] [WARN]   ⚠ Uncommitted changes detected (non-blocking)
[2026-09-01 02:16:52] [GATE-0] [WARN]   ⚠ Last commit not signed (warning only)
[2026-09-01 02:16:52] [GATE-0] [INFO] CHECK 3: Verifying AP2 ledger structure...
[2026-09-01 02:16:52] [GATE-0] [INFO]   ✓ AP2 ledger directory exists
[2026-09-01 02:16:52] [GATE-0] [INFO]   ✓ Found       10 ledger entries
[2026-09-01 02:16:52] [GATE-0] [INFO] CHECK 4: Verifying work receipts directory...
[2026-09-01 02:16:52] [GATE-0] [INFO]   ✓ Work receipts directory exists
[2026-09-01 02:16:52] [GATE-0] [INFO]   ✓ Found      121 work receipt files
[2026-09-01 02:16:52] [GATE-0] [INFO] CHECK 5: Verifying Python dependencies...
[2026-09-01 02:16:52] [GATE-0] [INFO]   ✓ Python module available: json
[2026-09-01 02:16:52] [GATE-0] [INFO]   ✓ Python module available: hashlib
[2026-09-01 02:16:52] [GATE-0] [INFO]   ✓ Python module available: dataclasses
[2026-09-01 02:16:52] [GATE-0] [INFO]   ✓ Python module available: pathlib
[2026-09-01 02:16:52] [GATE-0] [INFO] CHECK 6: Verifying gate dependencies...
[2026-09-01 02:16:52] [GATE-0] [INFO]   ✓ Gate 1-3 validator script ready
[2026-09-01 02:16:52] [GATE-0] [INFO]   ✓ Gate 4-5 validator script ready
[2026-09-01 02:16:52] [GATE-0] [INFO]   ✓ agentacct capture module available
[2026-09-01 02:16:52] [GATE-0] [INFO]   ✓ unlazy gates module available
[2026-09-01 02:16:52] [GATE-0] [INFO] =========================================
[2026-09-01 02:16:52] [GATE-0] [INFO] Gate 0 Summary:
[2026-09-01 02:16:52] [GATE-0] [INFO]   Proof Artifacts: 4/7
[2026-09-01 02:16:52] [GATE-0] [INFO]   Git State:       1/3
[2026-09-01 02:16:52] [GATE-0] [INFO]   AP2 Ledger:      2/2
[2026-09-01 02:16:52] [GATE-0] [INFO]   Work Receipts:   2/2
[2026-09-01 02:16:52] [GATE-0] [INFO]   Python Modules:  4/4
[2026-09-01 02:16:52] [GATE-0] [INFO]   Dependencies:    4/4
[2026-09-01 02:16:52] [GATE-0] [INFO] =========================================
[2026-09-01 02:16:52] [GATE-0] [INFO] TOTAL: 17/22 checks passed
[2026-09-01 02:16:52] [GATE-0] [INFO] Gate 0 PASSED: Pre-flight verification complete
[2026-09-01 02:16:56] [GATE-0] [INFO] === Gate 0 Pre-Flight Verification ===
[2026-09-01 02:16:56] [GATE-0] [INFO] CHECK 1: Verifying proof artifacts...
[2026-09-01 02:16:56] [GATE-0] [INFO]   ✓ Found: 1_agentacct_config.json
[2026-09-01 02:16:56] [GATE-0] [WARN]   ✗ Missing: 2_unlazy_gates.md (will be generated during execution)
[2026-09-01 02:16:56] [GATE-0] [WARN]   ✗ Missing: 3_is_agentic.json (will be generated during execution)
[2026-09-01 02:16:56] [GATE-0] [WARN]   ✗ Missing: 4_canirun_grades.json (will be generated during execution)
[2026-09-01 02:16:56] [GATE-0] [INFO]   ✓ Found: 5_ap2_ledger_pqc.md
[2026-09-01 02:16:56] [GATE-0] [INFO]   ✓ Found: 6_ragas_golden_set.json
[2026-09-01 02:16:56] [GATE-0] [INFO]   ✓ Found: 7_freetoken_benchmark.json
[2026-09-01 02:16:56] [GATE-0] [INFO] CHECK 2: Verifying git state...
[2026-09-01 02:16:56] [GATE-0] [INFO]   ✓ Valid git repository
[2026-09-01 02:16:58] [GATE-0] [INFO] === Gate 0 Pre-Flight Verification ===
[2026-09-01 02:16:58] [GATE-0] [INFO] CHECK 1: Verifying proof artifacts...
[2026-09-01 02:16:58] [GATE-0] [INFO]   ✓ Found: 1_agentacct_config.json
[2026-09-01 02:16:58] [GATE-0] [WARN]   ✗ Missing: 2_unlazy_gates.md (will be generated during execution)
[2026-09-01 02:16:58] [GATE-0] [WARN]   ✗ Missing: 3_is_agentic.json (will be generated during execution)
[2026-09-01 02:16:58] [GATE-0] [WARN]   ✗ Missing: 4_canirun_grades.json (will be generated during execution)
[2026-09-01 02:16:58] [GATE-0] [INFO]   ✓ Found: 5_ap2_ledger_pqc.md
[2026-09-01 02:16:58] [GATE-0] [INFO]   ✓ Found: 6_ragas_golden_set.json
[2026-09-01 02:16:58] [GATE-0] [INFO]   ✓ Found: 7_freetoken_benchmark.json
[2026-09-01 02:16:58] [GATE-0] [INFO] CHECK 2: Verifying git state...
[2026-09-01 02:16:58] [GATE-0] [INFO]   ✓ Valid git repository
[2026-09-01 02:16:59] [GATE-0] [WARN]   ⚠ Uncommitted changes detected (non-blocking)
[2026-09-01 02:16:59] [GATE-0] [WARN]   ⚠ Last commit not signed (warning only)
[2026-09-01 02:16:59] [GATE-0] [INFO] CHECK 3: Verifying AP2 ledger structure...
[2026-09-01 02:16:59] [GATE-0] [INFO]   ✓ AP2 ledger directory exists
[2026-09-01 02:16:59] [GATE-0] [INFO]   ✓ Found       10 ledger entries
[2026-09-01 02:16:59] [GATE-0] [INFO] CHECK 4: Verifying work receipts directory...
[2026-09-01 02:16:59] [GATE-0] [INFO]   ✓ Work receipts directory exists
[2026-09-01 02:16:59] [GATE-0] [INFO]   ✓ Found      122 work receipt files
[2026-09-01 02:16:59] [GATE-0] [INFO] CHECK 5: Verifying Python dependencies...
[2026-09-01 02:16:59] [GATE-0] [INFO]   ✓ Python module available: json
[2026-09-01 02:16:59] [GATE-0] [INFO]   ✓ Python module available: hashlib
[2026-09-01 02:16:59] [GATE-0] [INFO]   ✓ Python module available: dataclasses
[2026-09-01 02:16:59] [GATE-0] [INFO]   ✓ Python module available: pathlib
[2026-09-01 02:16:59] [GATE-0] [INFO] CHECK 6: Verifying gate dependencies...
[2026-09-01 02:16:59] [GATE-0] [INFO]   ✓ Gate 1-3 validator script ready
[2026-09-01 02:16:59] [GATE-0] [INFO]   ✓ Gate 4-5 validator script ready
[2026-09-01 02:16:59] [GATE-0] [INFO]   ✓ agentacct capture module available
[2026-09-01 02:16:59] [GATE-0] [INFO]   ✓ unlazy gates module available
[2026-09-01 02:16:59] [GATE-0] [INFO] =========================================
[2026-09-01 02:16:59] [GATE-0] [INFO] Gate 0 Summary:
[2026-09-01 02:16:59] [GATE-0] [INFO]   Proof Artifacts: 4/7
[2026-09-01 02:16:59] [GATE-0] [INFO]   Git State:       1/3
[2026-09-01 02:16:59] [GATE-0] [INFO]   AP2 Ledger:      2/2
[2026-09-01 02:16:59] [GATE-0] [INFO]   Work Receipts:   2/2
[2026-09-01 02:16:59] [GATE-0] [INFO]   Python Modules:  4/4
[2026-09-01 02:16:59] [GATE-0] [INFO]   Dependencies:    4/4
[2026-09-01 02:16:59] [GATE-0] [INFO] =========================================
[2026-09-01 02:16:59] [GATE-0] [INFO] TOTAL: 17/22 checks passed
[2026-09-01 02:16:59] [GATE-0] [INFO] Gate 0 PASSED: Pre-flight verification complete
[2026-09-01 02:17:00] [GATE-0] [WARN]   ⚠ Uncommitted changes detected (non-blocking)
[2026-09-01 02:17:00] [GATE-0] [WARN]   ⚠ Last commit not signed (warning only)
[2026-09-01 02:17:00] [GATE-0] [INFO] CHECK 3: Verifying AP2 ledger structure...
[2026-09-01 02:17:00] [GATE-0] [INFO]   ✓ AP2 ledger directory exists
[2026-09-01 02:17:00] [GATE-0] [INFO]   ✓ Found       10 ledger entries
[2026-09-01 02:17:00] [GATE-0] [INFO] CHECK 4: Verifying work receipts directory...
[2026-09-01 02:17:00] [GATE-0] [INFO]   ✓ Work receipts directory exists
[2026-09-01 02:17:00] [GATE-0] [INFO]   ✓ Found      123 work receipt files
[2026-09-01 02:17:00] [GATE-0] [INFO] CHECK 5: Verifying Python dependencies...
[2026-09-01 02:17:00] [GATE-0] [INFO]   ✓ Python module available: json
[2026-09-01 02:17:00] [GATE-0] [INFO]   ✓ Python module available: hashlib
[2026-09-01 02:17:00] [GATE-0] [INFO]   ✓ Python module available: dataclasses
[2026-09-01 02:17:00] [GATE-0] [INFO]   ✓ Python module available: pathlib
[2026-09-01 02:17:00] [GATE-0] [INFO] CHECK 6: Verifying gate dependencies...
[2026-09-01 02:17:00] [GATE-0] [INFO]   ✓ Gate 1-3 validator script ready
[2026-09-01 02:17:00] [GATE-0] [INFO]   ✓ Gate 4-5 validator script ready
[2026-09-01 02:17:00] [GATE-0] [INFO]   ✓ agentacct capture module available
[2026-09-01 02:17:00] [GATE-0] [INFO]   ✓ unlazy gates module available
[2026-09-01 02:17:00] [GATE-0] [INFO] =========================================
[2026-09-01 02:17:00] [GATE-0] [INFO] Gate 0 Summary:
[2026-09-01 02:17:00] [GATE-0] [INFO]   Proof Artifacts: 4/7
[2026-09-01 02:17:00] [GATE-0] [INFO]   Git State:       1/3
[2026-09-01 02:17:00] [GATE-0] [INFO]   AP2 Ledger:      2/2
[2026-09-01 02:17:00] [GATE-0] [INFO]   Work Receipts:   2/2
[2026-09-01 02:17:00] [GATE-0] [INFO]   Python Modules:  4/4
[2026-09-01 02:17:00] [GATE-0] [INFO]   Dependencies:    4/4
[2026-09-01 02:17:00] [GATE-0] [INFO] =========================================
[2026-09-01 02:17:00] [GATE-0] [INFO] TOTAL: 17/22 checks passed
[2026-09-01 02:17:00] [GATE-0] [INFO] Gate 0 PASSED: Pre-flight verification complete
[2026-09-01 02:17:02] [GATE-0] [INFO] === Gate 0 Pre-Flight Verification ===
[2026-09-01 02:17:02] [GATE-0] [INFO] CHECK 1: Verifying proof artifacts...
[2026-09-01 02:17:02] [GATE-0] [INFO]   ✓ Found: 1_agentacct_config.json
[2026-09-01 02:17:02] [GATE-0] [WARN]   ✗ Missing: 2_unlazy_gates.md (will be generated during execution)
[2026-09-01 02:17:02] [GATE-0] [WARN]   ✗ Missing: 3_is_agentic.json (will be generated during execution)
[2026-09-01 02:17:02] [GATE-0] [WARN]   ✗ Missing: 4_canirun_grades.json (will be generated during execution)
[2026-09-01 02:17:02] [GATE-0] [INFO]   ✓ Found: 5_ap2_ledger_pqc.md
[2026-09-01 02:17:02] [GATE-0] [INFO]   ✓ Found: 6_ragas_golden_set.json
[2026-09-01 02:17:02] [GATE-0] [INFO]   ✓ Found: 7_freetoken_benchmark.json
[2026-09-01 02:17:02] [GATE-0] [INFO] CHECK 2: Verifying git state...
[2026-09-01 02:17:02] [GATE-0] [INFO]   ✓ Valid git repository
[2026-09-01 02:17:04] [GATE-0] [INFO] === Gate 0 Pre-Flight Verification ===
[2026-09-01 02:17:04] [GATE-0] [INFO] CHECK 1: Verifying proof artifacts...
[2026-09-01 02:17:04] [GATE-0] [INFO]   ✓ Found: 1_agentacct_config.json
[2026-09-01 02:17:04] [GATE-0] [WARN]   ✗ Missing: 2_unlazy_gates.md (will be generated during execution)
[2026-09-01 02:17:04] [GATE-0] [WARN]   ✗ Missing: 3_is_agentic.json (will be generated during execution)
[2026-09-01 02:17:04] [GATE-0] [WARN]   ✗ Missing: 4_canirun_grades.json (will be generated during execution)
[2026-09-01 02:17:04] [GATE-0] [INFO]   ✓ Found: 5_ap2_ledger_pqc.md
[2026-09-01 02:17:04] [GATE-0] [INFO]   ✓ Found: 6_ragas_golden_set.json
[2026-09-01 02:17:04] [GATE-0] [INFO]   ✓ Found: 7_freetoken_benchmark.json
[2026-09-01 02:17:04] [GATE-0] [INFO] CHECK 2: Verifying git state...
[2026-09-01 02:17:04] [GATE-0] [INFO]   ✓ Valid git repository
[2026-09-01 02:17:05] [GATE-0] [WARN]   ⚠ Uncommitted changes detected (non-blocking)
[2026-09-01 02:17:05] [GATE-0] [WARN]   ⚠ Last commit not signed (warning only)
[2026-09-01 02:17:05] [GATE-0] [INFO] CHECK 3: Verifying AP2 ledger structure...
[2026-09-01 02:17:05] [GATE-0] [INFO]   ✓ AP2 ledger directory exists
[2026-09-01 02:17:05] [GATE-0] [INFO]   ✓ Found       10 ledger entries
[2026-09-01 02:17:05] [GATE-0] [INFO] CHECK 4: Verifying work receipts directory...
[2026-09-01 02:17:05] [GATE-0] [INFO]   ✓ Work receipts directory exists
[2026-09-01 02:17:05] [GATE-0] [INFO]   ✓ Found      123 work receipt files
[2026-09-01 02:17:05] [GATE-0] [INFO] CHECK 5: Verifying Python dependencies...
[2026-09-01 02:17:05] [GATE-0] [INFO]   ✓ Python module available: json
[2026-09-01 02:17:05] [GATE-0] [INFO]   ✓ Python module available: hashlib
[2026-09-01 02:17:05] [GATE-0] [INFO]   ✓ Python module available: dataclasses
[2026-09-01 02:17:05] [GATE-0] [INFO]   ✓ Python module available: pathlib
[2026-09-01 02:17:05] [GATE-0] [INFO] CHECK 6: Verifying gate dependencies...
[2026-09-01 02:17:05] [GATE-0] [INFO]   ✓ Gate 1-3 validator script ready
[2026-09-01 02:17:05] [GATE-0] [INFO]   ✓ Gate 4-5 validator script ready
[2026-09-01 02:17:05] [GATE-0] [INFO]   ✓ agentacct capture module available
[2026-09-01 02:17:05] [GATE-0] [INFO]   ✓ unlazy gates module available
[2026-09-01 02:17:05] [GATE-0] [INFO] =========================================
[2026-09-01 02:17:05] [GATE-0] [INFO] Gate 0 Summary:
[2026-09-01 02:17:05] [GATE-0] [INFO]   Proof Artifacts: 4/7
[2026-09-01 02:17:05] [GATE-0] [INFO]   Git State:       1/3
[2026-09-01 02:17:05] [GATE-0] [INFO]   AP2 Ledger:      2/2
[2026-09-01 02:17:05] [GATE-0] [INFO]   Work Receipts:   2/2
[2026-09-01 02:17:05] [GATE-0] [INFO]   Python Modules:  4/4
[2026-09-01 02:17:05] [GATE-0] [INFO]   Dependencies:    4/4
[2026-09-01 02:17:05] [GATE-0] [INFO] =========================================
[2026-09-01 02:17:05] [GATE-0] [INFO] TOTAL: 17/22 checks passed
[2026-09-01 02:17:05] [GATE-0] [INFO] Gate 0 PASSED: Pre-flight verification complete
[2026-09-01 02:17:06] [GATE-0] [WARN]   ⚠ Uncommitted changes detected (non-blocking)
[2026-09-01 02:17:06] [GATE-0] [WARN]   ⚠ Last commit not signed (warning only)
[2026-09-01 02:17:06] [GATE-0] [INFO] CHECK 3: Verifying AP2 ledger structure...
[2026-09-01 02:17:06] [GATE-0] [INFO]   ✓ AP2 ledger directory exists
[2026-09-01 02:17:06] [GATE-0] [INFO]   ✓ Found       10 ledger entries
[2026-09-01 02:17:06] [GATE-0] [INFO] CHECK 4: Verifying work receipts directory...
[2026-09-01 02:17:06] [GATE-0] [INFO]   ✓ Work receipts directory exists
[2026-09-01 02:17:06] [GATE-0] [INFO]   ✓ Found      124 work receipt files
[2026-09-01 02:17:06] [GATE-0] [INFO] CHECK 5: Verifying Python dependencies...
[2026-09-01 02:17:06] [GATE-0] [INFO]   ✓ Python module available: json
[2026-09-01 02:17:06] [GATE-0] [INFO]   ✓ Python module available: hashlib
[2026-09-01 02:17:06] [GATE-0] [INFO]   ✓ Python module available: dataclasses
[2026-09-01 02:17:06] [GATE-0] [INFO]   ✓ Python module available: pathlib
[2026-09-01 02:17:06] [GATE-0] [INFO] CHECK 6: Verifying gate dependencies...
[2026-09-01 02:17:06] [GATE-0] [INFO]   ✓ Gate 1-3 validator script ready
[2026-09-01 02:17:06] [GATE-0] [INFO]   ✓ Gate 4-5 validator script ready
[2026-09-01 02:17:06] [GATE-0] [INFO]   ✓ agentacct capture module available
[2026-09-01 02:17:06] [GATE-0] [INFO]   ✓ unlazy gates module available
[2026-09-01 02:17:06] [GATE-0] [INFO] =========================================
[2026-09-01 02:17:06] [GATE-0] [INFO] Gate 0 Summary:
[2026-09-01 02:17:06] [GATE-0] [INFO]   Proof Artifacts: 4/7
[2026-09-01 02:17:06] [GATE-0] [INFO]   Git State:       1/3
[2026-09-01 02:17:06] [GATE-0] [INFO]   AP2 Ledger:      2/2
[2026-09-01 02:17:06] [GATE-0] [INFO]   Work Receipts:   2/2
[2026-09-01 02:17:06] [GATE-0] [INFO]   Python Modules:  4/4
[2026-09-01 02:17:06] [GATE-0] [INFO]   Dependencies:    4/4
[2026-09-01 02:17:06] [GATE-0] [INFO] =========================================
[2026-09-01 02:17:06] [GATE-0] [INFO] TOTAL: 17/22 checks passed
[2026-09-01 02:17:06] [GATE-0] [INFO] Gate 0 PASSED: Pre-flight verification complete
[2026-09-01 02:17:10] [GATE-0] [INFO] === Gate 0 Pre-Flight Verification ===
[2026-09-01 02:17:10] [GATE-0] [INFO] CHECK 1: Verifying proof artifacts...
[2026-09-01 02:17:10] [GATE-0] [INFO]   ✓ Found: 1_agentacct_config.json
[2026-09-01 02:17:10] [GATE-0] [WARN]   ✗ Missing: 2_unlazy_gates.md (will be generated during execution)
[2026-09-01 02:17:10] [GATE-0] [WARN]   ✗ Missing: 3_is_agentic.json (will be generated during execution)
[2026-09-01 02:17:10] [GATE-0] [WARN]   ✗ Missing: 4_canirun_grades.json (will be generated during execution)
[2026-09-01 02:17:10] [GATE-0] [INFO]   ✓ Found: 5_ap2_ledger_pqc.md
[2026-09-01 02:17:10] [GATE-0] [INFO]   ✓ Found: 6_ragas_golden_set.json
[2026-09-01 02:17:10] [GATE-0] [INFO]   ✓ Found: 7_freetoken_benchmark.json
[2026-09-01 02:17:10] [GATE-0] [INFO] CHECK 2: Verifying git state...
[2026-09-01 02:17:10] [GATE-0] [INFO]   ✓ Valid git repository
[2026-09-01 02:17:12] [GATE-0] [WARN]   ⚠ Uncommitted changes detected (non-blocking)
[2026-09-01 02:17:12] [GATE-0] [WARN]   ⚠ Last commit not signed (warning only)
[2026-09-01 02:17:12] [GATE-0] [INFO] CHECK 3: Verifying AP2 ledger structure...
[2026-09-01 02:17:12] [GATE-0] [INFO]   ✓ AP2 ledger directory exists
[2026-09-01 02:17:12] [GATE-0] [INFO]   ✓ Found       10 ledger entries
[2026-09-01 02:17:12] [GATE-0] [INFO] CHECK 4: Verifying work receipts directory...
[2026-09-01 02:17:12] [GATE-0] [INFO]   ✓ Work receipts directory exists
[2026-09-01 02:17:12] [GATE-0] [INFO]   ✓ Found      125 work receipt files
[2026-09-01 02:17:12] [GATE-0] [INFO] CHECK 5: Verifying Python dependencies...
[2026-09-01 02:17:12] [GATE-0] [INFO]   ✓ Python module available: json
[2026-09-01 02:17:12] [GATE-0] [INFO]   ✓ Python module available: hashlib
[2026-09-01 02:17:12] [GATE-0] [INFO]   ✓ Python module available: dataclasses
[2026-09-01 02:17:12] [GATE-0] [INFO]   ✓ Python module available: pathlib
[2026-09-01 02:17:12] [GATE-0] [INFO] CHECK 6: Verifying gate dependencies...
[2026-09-01 02:17:12] [GATE-0] [INFO]   ✓ Gate 1-3 validator script ready
[2026-09-01 02:17:12] [GATE-0] [INFO]   ✓ Gate 4-5 validator script ready
[2026-09-01 02:17:12] [GATE-0] [INFO]   ✓ agentacct capture module available
[2026-09-01 02:17:12] [GATE-0] [INFO]   ✓ unlazy gates module available
[2026-09-01 02:17:12] [GATE-0] [INFO] =========================================
[2026-09-01 02:17:12] [GATE-0] [INFO] Gate 0 Summary:
[2026-09-01 02:17:12] [GATE-0] [INFO]   Proof Artifacts: 4/7
[2026-09-01 02:17:12] [GATE-0] [INFO]   Git State:       1/3
[2026-09-01 02:17:12] [GATE-0] [INFO]   AP2 Ledger:      2/2
[2026-09-01 02:17:12] [GATE-0] [INFO]   Work Receipts:   2/2
[2026-09-01 02:17:12] [GATE-0] [INFO]   Python Modules:  4/4
[2026-09-01 02:17:12] [GATE-0] [INFO]   Dependencies:    4/4
[2026-09-01 02:17:12] [GATE-0] [INFO] =========================================
[2026-09-01 02:17:12] [GATE-0] [INFO] TOTAL: 17/22 checks passed
[2026-09-01 02:17:12] [GATE-0] [INFO] Gate 0 PASSED: Pre-flight verification complete
[2026-09-01 02:17:32] [GATE-0] [INFO] === Gate 0 Pre-Flight Verification ===
[2026-09-01 02:17:32] [GATE-0] [INFO] CHECK 1: Verifying proof artifacts...
[2026-09-01 02:17:32] [GATE-0] [INFO]   ✓ Found: 1_agentacct_config.json
[2026-09-01 02:17:32] [GATE-0] [WARN]   ✗ Missing: 2_unlazy_gates.md (will be generated during execution)
[2026-09-01 02:17:32] [GATE-0] [WARN]   ✗ Missing: 3_is_agentic.json (will be generated during execution)
[2026-09-01 02:17:32] [GATE-0] [WARN]   ✗ Missing: 4_canirun_grades.json (will be generated during execution)
[2026-09-01 02:17:32] [GATE-0] [INFO]   ✓ Found: 5_ap2_ledger_pqc.md
[2026-09-01 02:17:32] [GATE-0] [INFO]   ✓ Found: 6_ragas_golden_set.json
[2026-09-01 02:17:32] [GATE-0] [INFO]   ✓ Found: 7_freetoken_benchmark.json
[2026-09-01 02:17:32] [GATE-0] [INFO] CHECK 2: Verifying git state...
[2026-09-01 02:17:32] [GATE-0] [INFO]   ✓ Valid git repository
[2026-09-01 02:17:34] [GATE-0] [WARN]   ⚠ Uncommitted changes detected (non-blocking)
[2026-09-01 02:17:35] [GATE-0] [WARN]   ⚠ Last commit not signed (warning only)
[2026-09-01 02:17:35] [GATE-0] [INFO] CHECK 3: Verifying AP2 ledger structure...
[2026-09-01 02:17:35] [GATE-0] [INFO]   ✓ AP2 ledger directory exists
[2026-09-01 02:17:35] [GATE-0] [INFO]   ✓ Found       11 ledger entries
[2026-09-01 02:17:35] [GATE-0] [INFO] CHECK 4: Verifying work receipts directory...
[2026-09-01 02:17:35] [GATE-0] [INFO]   ✓ Work receipts directory exists
[2026-09-01 02:17:35] [GATE-0] [INFO]   ✓ Found      126 work receipt files
[2026-09-01 02:17:35] [GATE-0] [INFO] CHECK 5: Verifying Python dependencies...
[2026-09-01 02:17:35] [GATE-0] [INFO]   ✓ Python module available: json
[2026-09-01 02:17:35] [GATE-0] [INFO]   ✓ Python module available: hashlib
[2026-09-01 02:17:35] [GATE-0] [INFO]   ✓ Python module available: dataclasses
[2026-09-01 02:17:35] [GATE-0] [INFO]   ✓ Python module available: pathlib
[2026-09-01 02:17:35] [GATE-0] [INFO] CHECK 6: Verifying gate dependencies...
[2026-09-01 02:17:35] [GATE-0] [INFO]   ✓ Gate 1-3 validator script ready
[2026-09-01 02:17:35] [GATE-0] [INFO]   ✓ Gate 4-5 validator script ready
[2026-09-01 02:17:35] [GATE-0] [INFO]   ✓ agentacct capture module available
[2026-09-01 02:17:35] [GATE-0] [INFO]   ✓ unlazy gates module available
[2026-09-01 02:17:35] [GATE-0] [INFO] =========================================
[2026-09-01 02:17:35] [GATE-0] [INFO] Gate 0 Summary:
[2026-09-01 02:17:35] [GATE-0] [INFO]   Proof Artifacts: 4/7
[2026-09-01 02:17:35] [GATE-0] [INFO]   Git State:       1/3
[2026-09-01 02:17:35] [GATE-0] [INFO]   AP2 Ledger:      2/2
[2026-09-01 02:17:35] [GATE-0] [INFO]   Work Receipts:   2/2
[2026-09-01 02:17:35] [GATE-0] [INFO]   Python Modules:  4/4
[2026-09-01 02:17:35] [GATE-0] [INFO]   Dependencies:    4/4
[2026-09-01 02:17:35] [GATE-0] [INFO] =========================================
[2026-09-01 02:17:35] [GATE-0] [INFO] TOTAL: 17/22 checks passed
[2026-09-01 02:17:35] [GATE-0] [INFO] Gate 0 PASSED: Pre-flight verification complete
[2026-09-01 02:17:37] [GATE-0] [INFO] === Gate 0 Pre-Flight Verification ===
[2026-09-01 02:17:37] [GATE-0] [INFO] CHECK 1: Verifying proof artifacts...
[2026-09-01 02:17:37] [GATE-0] [INFO]   ✓ Found: 1_agentacct_config.json
[2026-09-01 02:17:37] [GATE-0] [WARN]   ✗ Missing: 2_unlazy_gates.md (will be generated during execution)
[2026-09-01 02:17:37] [GATE-0] [WARN]   ✗ Missing: 3_is_agentic.json (will be generated during execution)
[2026-09-01 02:17:37] [GATE-0] [WARN]   ✗ Missing: 4_canirun_grades.json (will be generated during execution)
[2026-09-01 02:17:37] [GATE-0] [INFO]   ✓ Found: 5_ap2_ledger_pqc.md
[2026-09-01 02:17:37] [GATE-0] [INFO]   ✓ Found: 6_ragas_golden_set.json
[2026-09-01 02:17:37] [GATE-0] [INFO]   ✓ Found: 7_freetoken_benchmark.json
[2026-09-01 02:17:37] [GATE-0] [INFO] CHECK 2: Verifying git state...
[2026-09-01 02:17:37] [GATE-0] [INFO]   ✓ Valid git repository
[2026-09-01 02:17:39] [GATE-0] [WARN]   ⚠ Uncommitted changes detected (non-blocking)
[2026-09-01 02:17:39] [GATE-0] [WARN]   ⚠ Last commit not signed (warning only)
[2026-09-01 02:17:39] [GATE-0] [INFO] CHECK 3: Verifying AP2 ledger structure...
[2026-09-01 02:17:39] [GATE-0] [INFO]   ✓ AP2 ledger directory exists
[2026-09-01 02:17:39] [GATE-0] [INFO]   ✓ Found       11 ledger entries
[2026-09-01 02:17:39] [GATE-0] [INFO] CHECK 4: Verifying work receipts directory...
[2026-09-01 02:17:39] [GATE-0] [INFO]   ✓ Work receipts directory exists
[2026-09-01 02:17:39] [GATE-0] [INFO]   ✓ Found      127 work receipt files
[2026-09-01 02:17:39] [GATE-0] [INFO] CHECK 5: Verifying Python dependencies...
[2026-09-01 02:17:39] [GATE-0] [INFO]   ✓ Python module available: json
[2026-09-01 02:17:39] [GATE-0] [INFO]   ✓ Python module available: hashlib
[2026-09-01 02:17:39] [GATE-0] [INFO]   ✓ Python module available: dataclasses
[2026-09-01 02:17:39] [GATE-0] [INFO]   ✓ Python module available: pathlib
[2026-09-01 02:17:39] [GATE-0] [INFO] CHECK 6: Verifying gate dependencies...
[2026-09-01 02:17:39] [GATE-0] [INFO]   ✓ Gate 1-3 validator script ready
[2026-09-01 02:17:39] [GATE-0] [INFO]   ✓ Gate 4-5 validator script ready
[2026-09-01 02:17:39] [GATE-0] [INFO]   ✓ agentacct capture module available
[2026-09-01 02:17:39] [GATE-0] [INFO]   ✓ unlazy gates module available
[2026-09-01 02:17:39] [GATE-0] [INFO] =========================================
[2026-09-01 02:17:39] [GATE-0] [INFO] Gate 0 Summary:
[2026-09-01 02:17:39] [GATE-0] [INFO]   Proof Artifacts: 4/7
[2026-09-01 02:17:39] [GATE-0] [INFO]   Git State:       1/3
[2026-09-01 02:17:39] [GATE-0] [INFO]   AP2 Ledger:      2/2
[2026-09-01 02:17:39] [GATE-0] [INFO]   Work Receipts:   2/2
[2026-09-01 02:17:39] [GATE-0] [INFO]   Python Modules:  4/4
[2026-09-01 02:17:39] [GATE-0] [INFO]   Dependencies:    4/4
[2026-09-01 02:17:39] [GATE-0] [INFO] =========================================
[2026-09-01 02:17:39] [GATE-0] [INFO] TOTAL: 17/22 checks passed
[2026-09-01 02:17:39] [GATE-0] [INFO] Gate 0 PASSED: Pre-flight verification complete
[2026-09-01 02:17:46] [GATE-0] [INFO] === Gate 0 Pre-Flight Verification ===
[2026-09-01 02:17:46] [GATE-0] [INFO] CHECK 1: Verifying proof artifacts...
[2026-09-01 02:17:46] [GATE-0] [INFO]   ✓ Found: 1_agentacct_config.json
[2026-09-01 02:17:46] [GATE-0] [WARN]   ✗ Missing: 2_unlazy_gates.md (will be generated during execution)
[2026-09-01 02:17:46] [GATE-0] [WARN]   ✗ Missing: 3_is_agentic.json (will be generated during execution)
[2026-09-01 02:17:46] [GATE-0] [WARN]   ✗ Missing: 4_canirun_grades.json (will be generated during execution)
[2026-09-01 02:17:46] [GATE-0] [INFO]   ✓ Found: 5_ap2_ledger_pqc.md
[2026-09-01 02:17:46] [GATE-0] [INFO]   ✓ Found: 6_ragas_golden_set.json
[2026-09-01 02:17:46] [GATE-0] [INFO]   ✓ Found: 7_freetoken_benchmark.json
[2026-09-01 02:17:46] [GATE-0] [INFO] CHECK 2: Verifying git state...
[2026-09-01 02:17:46] [GATE-0] [INFO]   ✓ Valid git repository
[2026-09-01 02:17:49] [GATE-0] [WARN]   ⚠ Uncommitted changes detected (non-blocking)
[2026-09-01 02:17:49] [GATE-0] [WARN]   ⚠ Last commit not signed (warning only)
[2026-09-01 02:17:49] [GATE-0] [INFO] CHECK 3: Verifying AP2 ledger structure...
[2026-09-01 02:17:49] [GATE-0] [INFO]   ✓ AP2 ledger directory exists
[2026-09-01 02:17:49] [GATE-0] [INFO]   ✓ Found       11 ledger entries
[2026-09-01 02:17:49] [GATE-0] [INFO] CHECK 4: Verifying work receipts directory...
[2026-09-01 02:17:49] [GATE-0] [INFO]   ✓ Work receipts directory exists
[2026-09-01 02:17:49] [GATE-0] [INFO]   ✓ Found      128 work receipt files
[2026-09-01 02:17:49] [GATE-0] [INFO] CHECK 5: Verifying Python dependencies...
[2026-09-01 02:17:49] [GATE-0] [INFO]   ✓ Python module available: json
[2026-09-01 02:17:49] [GATE-0] [INFO]   ✓ Python module available: hashlib
[2026-09-01 02:17:49] [GATE-0] [INFO]   ✓ Python module available: dataclasses
[2026-09-01 02:17:49] [GATE-0] [INFO]   ✓ Python module available: pathlib
[2026-09-01 02:17:49] [GATE-0] [INFO] CHECK 6: Verifying gate dependencies...
[2026-09-01 02:17:49] [GATE-0] [INFO]   ✓ Gate 1-3 validator script ready
[2026-09-01 02:17:49] [GATE-0] [INFO]   ✓ Gate 4-5 validator script ready
[2026-09-01 02:17:49] [GATE-0] [INFO]   ✓ agentacct capture module available
[2026-09-01 02:17:49] [GATE-0] [INFO]   ✓ unlazy gates module available
[2026-09-01 02:17:49] [GATE-0] [INFO] =========================================
[2026-09-01 02:17:49] [GATE-0] [INFO] Gate 0 Summary:
[2026-09-01 02:17:49] [GATE-0] [INFO]   Proof Artifacts: 4/7
[2026-09-01 02:17:49] [GATE-0] [INFO]   Git State:       1/3
[2026-09-01 02:17:49] [GATE-0] [INFO]   AP2 Ledger:      2/2
[2026-09-01 02:17:49] [GATE-0] [INFO]   Work Receipts:   2/2
[2026-09-01 02:17:49] [GATE-0] [INFO]   Python Modules:  4/4
[2026-09-01 02:17:49] [GATE-0] [INFO]   Dependencies:    4/4
[2026-09-01 02:17:49] [GATE-0] [INFO] =========================================
[2026-09-01 02:17:49] [GATE-0] [INFO] TOTAL: 17/22 checks passed
[2026-09-01 02:17:49] [GATE-0] [INFO] Gate 0 PASSED: Pre-flight verification complete
[2026-09-01 02:17:54] [GATE-0] [INFO] === Gate 0 Pre-Flight Verification ===
[2026-09-01 02:17:54] [GATE-0] [INFO] CHECK 1: Verifying proof artifacts...
[2026-09-01 02:17:54] [GATE-0] [INFO]   ✓ Found: 1_agentacct_config.json
[2026-09-01 02:17:54] [GATE-0] [WARN]   ✗ Missing: 2_unlazy_gates.md (will be generated during execution)
[2026-09-01 02:17:54] [GATE-0] [WARN]   ✗ Missing: 3_is_agentic.json (will be generated during execution)
[2026-09-01 02:17:54] [GATE-0] [WARN]   ✗ Missing: 4_canirun_grades.json (will be generated during execution)
[2026-09-01 02:17:54] [GATE-0] [INFO]   ✓ Found: 5_ap2_ledger_pqc.md
[2026-09-01 02:17:54] [GATE-0] [INFO]   ✓ Found: 6_ragas_golden_set.json
[2026-09-01 02:17:54] [GATE-0] [INFO]   ✓ Found: 7_freetoken_benchmark.json
[2026-09-01 02:17:54] [GATE-0] [INFO] CHECK 2: Verifying git state...
[2026-09-01 02:17:54] [GATE-0] [INFO]   ✓ Valid git repository
[2026-09-01 02:17:56] [GATE-0] [WARN]   ⚠ Uncommitted changes detected (non-blocking)
[2026-09-01 02:17:56] [GATE-0] [WARN]   ⚠ Last commit not signed (warning only)
[2026-09-01 02:17:56] [GATE-0] [INFO] CHECK 3: Verifying AP2 ledger structure...
[2026-09-01 02:17:56] [GATE-0] [INFO]   ✓ AP2 ledger directory exists
[2026-09-01 02:17:56] [GATE-0] [INFO]   ✓ Found       11 ledger entries
[2026-09-01 02:17:56] [GATE-0] [INFO] CHECK 4: Verifying work receipts directory...
[2026-09-01 02:17:56] [GATE-0] [INFO]   ✓ Work receipts directory exists
[2026-09-01 02:17:56] [GATE-0] [INFO]   ✓ Found      129 work receipt files
[2026-09-01 02:17:56] [GATE-0] [INFO] CHECK 5: Verifying Python dependencies...
[2026-09-01 02:17:56] [GATE-0] [INFO]   ✓ Python module available: json
[2026-09-01 02:17:56] [GATE-0] [INFO]   ✓ Python module available: hashlib
[2026-09-01 02:17:56] [GATE-0] [INFO]   ✓ Python module available: dataclasses
[2026-09-01 02:17:56] [GATE-0] [INFO]   ✓ Python module available: pathlib
[2026-09-01 02:17:56] [GATE-0] [INFO] CHECK 6: Verifying gate dependencies...
[2026-09-01 02:17:56] [GATE-0] [INFO]   ✓ Gate 1-3 validator script ready
[2026-09-01 02:17:56] [GATE-0] [INFO]   ✓ Gate 4-5 validator script ready
[2026-09-01 02:17:56] [GATE-0] [INFO]   ✓ agentacct capture module available
[2026-09-01 02:17:56] [GATE-0] [INFO]   ✓ unlazy gates module available
[2026-09-01 02:17:56] [GATE-0] [INFO] =========================================
[2026-09-01 02:17:56] [GATE-0] [INFO] Gate 0 Summary:
[2026-09-01 02:17:56] [GATE-0] [INFO]   Proof Artifacts: 4/7
[2026-09-01 02:17:56] [GATE-0] [INFO]   Git State:       1/3
[2026-09-01 02:17:56] [GATE-0] [INFO]   AP2 Ledger:      2/2
[2026-09-01 02:17:56] [GATE-0] [INFO]   Work Receipts:   2/2
[2026-09-01 02:17:56] [GATE-0] [INFO]   Python Modules:  4/4
[2026-09-01 02:17:56] [GATE-0] [INFO]   Dependencies:    4/4
[2026-09-01 02:17:56] [GATE-0] [INFO] =========================================
[2026-09-01 02:17:56] [GATE-0] [INFO] TOTAL: 17/22 checks passed
[2026-09-01 02:17:56] [GATE-0] [INFO] Gate 0 PASSED: Pre-flight verification complete
[2026-09-01 02:18:03] [GATE-0] [INFO] === Gate 0 Pre-Flight Verification ===
[2026-09-01 02:18:03] [GATE-0] [INFO] CHECK 1: Verifying proof artifacts...
[2026-09-01 02:18:03] [GATE-0] [INFO]   ✓ Found: 1_agentacct_config.json
[2026-09-01 02:18:03] [GATE-0] [WARN]   ✗ Missing: 2_unlazy_gates.md (will be generated during execution)
[2026-09-01 02:18:03] [GATE-0] [WARN]   ✗ Missing: 3_is_agentic.json (will be generated during execution)
[2026-09-01 02:18:03] [GATE-0] [WARN]   ✗ Missing: 4_canirun_grades.json (will be generated during execution)
[2026-09-01 02:18:03] [GATE-0] [INFO]   ✓ Found: 5_ap2_ledger_pqc.md
[2026-09-01 02:18:03] [GATE-0] [INFO]   ✓ Found: 6_ragas_golden_set.json
[2026-09-01 02:18:03] [GATE-0] [INFO]   ✓ Found: 7_freetoken_benchmark.json
[2026-09-01 02:18:03] [GATE-0] [INFO] CHECK 2: Verifying git state...
[2026-09-01 02:18:03] [GATE-0] [INFO]   ✓ Valid git repository
[2026-09-01 02:18:06] [GATE-0] [WARN]   ⚠ Uncommitted changes detected (non-blocking)
[2026-09-01 02:18:06] [GATE-0] [WARN]   ⚠ Last commit not signed (warning only)
[2026-09-01 02:18:06] [GATE-0] [INFO] CHECK 3: Verifying AP2 ledger structure...
[2026-09-01 02:18:06] [GATE-0] [INFO]   ✓ AP2 ledger directory exists
[2026-09-01 02:18:06] [GATE-0] [INFO]   ✓ Found       11 ledger entries
[2026-09-01 02:18:06] [GATE-0] [INFO] CHECK 4: Verifying work receipts directory...
[2026-09-01 02:18:06] [GATE-0] [INFO]   ✓ Work receipts directory exists
[2026-09-01 02:18:06] [GATE-0] [INFO]   ✓ Found      130 work receipt files
[2026-09-01 02:18:06] [GATE-0] [INFO] CHECK 5: Verifying Python dependencies...
[2026-09-01 02:18:06] [GATE-0] [INFO]   ✓ Python module available: json
[2026-09-01 02:18:06] [GATE-0] [INFO]   ✓ Python module available: hashlib
[2026-09-01 02:18:06] [GATE-0] [INFO]   ✓ Python module available: dataclasses
[2026-09-01 02:18:06] [GATE-0] [INFO]   ✓ Python module available: pathlib
[2026-09-01 02:18:06] [GATE-0] [INFO] CHECK 6: Verifying gate dependencies...
[2026-09-01 02:18:06] [GATE-0] [INFO]   ✓ Gate 1-3 validator script ready
[2026-09-01 02:18:06] [GATE-0] [INFO]   ✓ Gate 4-5 validator script ready
[2026-09-01 02:18:06] [GATE-0] [INFO]   ✓ agentacct capture module available
[2026-09-01 02:18:06] [GATE-0] [INFO]   ✓ unlazy gates module available
[2026-09-01 02:18:06] [GATE-0] [INFO] =========================================
[2026-09-01 02:18:06] [GATE-0] [INFO] Gate 0 Summary:
[2026-09-01 02:18:06] [GATE-0] [INFO]   Proof Artifacts: 4/7
[2026-09-01 02:18:06] [GATE-0] [INFO]   Git State:       1/3
[2026-09-01 02:18:06] [GATE-0] [INFO]   AP2 Ledger:      2/2
[2026-09-01 02:18:06] [GATE-0] [INFO]   Work Receipts:   2/2
[2026-09-01 02:18:06] [GATE-0] [INFO]   Python Modules:  4/4
[2026-09-01 02:18:06] [GATE-0] [INFO]   Dependencies:    4/4
[2026-09-01 02:18:06] [GATE-0] [INFO] =========================================
[2026-09-01 02:18:06] [GATE-0] [INFO] TOTAL: 17/22 checks passed
[2026-09-01 02:18:06] [GATE-0] [INFO] Gate 0 PASSED: Pre-flight verification complete
[2026-09-01 02:18:11] [GATE-0] [INFO] === Gate 0 Pre-Flight Verification ===
[2026-09-01 02:18:11] [GATE-0] [INFO] CHECK 1: Verifying proof artifacts...
[2026-09-01 02:18:11] [GATE-0] [INFO]   ✓ Found: 1_agentacct_config.json
[2026-09-01 02:18:11] [GATE-0] [WARN]   ✗ Missing: 2_unlazy_gates.md (will be generated during execution)
[2026-09-01 02:18:11] [GATE-0] [WARN]   ✗ Missing: 3_is_agentic.json (will be generated during execution)
[2026-09-01 02:18:11] [GATE-0] [WARN]   ✗ Missing: 4_canirun_grades.json (will be generated during execution)
[2026-09-01 02:18:11] [GATE-0] [INFO]   ✓ Found: 5_ap2_ledger_pqc.md
[2026-09-01 02:18:11] [GATE-0] [INFO]   ✓ Found: 6_ragas_golden_set.json
[2026-09-01 02:18:11] [GATE-0] [INFO]   ✓ Found: 7_freetoken_benchmark.json
[2026-09-01 02:18:11] [GATE-0] [INFO] CHECK 2: Verifying git state...
[2026-09-01 02:18:11] [GATE-0] [INFO]   ✓ Valid git repository
[2026-09-01 02:18:13] [GATE-0] [WARN]   ⚠ Uncommitted changes detected (non-blocking)
[2026-09-01 02:18:13] [GATE-0] [WARN]   ⚠ Last commit not signed (warning only)
[2026-09-01 02:18:13] [GATE-0] [INFO] CHECK 3: Verifying AP2 ledger structure...
[2026-09-01 02:18:13] [GATE-0] [INFO]   ✓ AP2 ledger directory exists
[2026-09-01 02:18:13] [GATE-0] [INFO]   ✓ Found       11 ledger entries
[2026-09-01 02:18:13] [GATE-0] [INFO] CHECK 4: Verifying work receipts directory...
[2026-09-01 02:18:13] [GATE-0] [INFO]   ✓ Work receipts directory exists
[2026-09-01 02:18:13] [GATE-0] [INFO]   ✓ Found      131 work receipt files
[2026-09-01 02:18:13] [GATE-0] [INFO] CHECK 5: Verifying Python dependencies...
[2026-09-01 02:18:13] [GATE-0] [INFO]   ✓ Python module available: json
[2026-09-01 02:18:13] [GATE-0] [INFO]   ✓ Python module available: hashlib
[2026-09-01 02:18:13] [GATE-0] [INFO]   ✓ Python module available: dataclasses
[2026-09-01 02:18:13] [GATE-0] [INFO]   ✓ Python module available: pathlib
[2026-09-01 02:18:13] [GATE-0] [INFO] CHECK 6: Verifying gate dependencies...
[2026-09-01 02:18:13] [GATE-0] [INFO]   ✓ Gate 1-3 validator script ready
[2026-09-01 02:18:13] [GATE-0] [INFO]   ✓ Gate 4-5 validator script ready
[2026-09-01 02:18:13] [GATE-0] [INFO]   ✓ agentacct capture module available
[2026-09-01 02:18:13] [GATE-0] [INFO]   ✓ unlazy gates module available
[2026-09-01 02:18:13] [GATE-0] [INFO] =========================================
[2026-09-01 02:18:13] [GATE-0] [INFO] Gate 0 Summary:
[2026-09-01 02:18:13] [GATE-0] [INFO]   Proof Artifacts: 4/7
[2026-09-01 02:18:13] [GATE-0] [INFO]   Git State:       1/3
[2026-09-01 02:18:13] [GATE-0] [INFO]   AP2 Ledger:      2/2
[2026-09-01 02:18:13] [GATE-0] [INFO]   Work Receipts:   2/2
[2026-09-01 02:18:13] [GATE-0] [INFO]   Python Modules:  4/4
[2026-09-01 02:18:13] [GATE-0] [INFO]   Dependencies:    4/4
[2026-09-01 02:18:13] [GATE-0] [INFO] =========================================
[2026-09-01 02:18:13] [GATE-0] [INFO] TOTAL: 17/22 checks passed
[2026-09-01 02:18:13] [GATE-0] [INFO] Gate 0 PASSED: Pre-flight verification complete
[2026-09-01 02:18:19] [GATE-0] [INFO] === Gate 0 Pre-Flight Verification ===
[2026-09-01 02:18:19] [GATE-0] [INFO] CHECK 1: Verifying proof artifacts...
[2026-09-01 02:18:19] [GATE-0] [INFO]   ✓ Found: 1_agentacct_config.json
[2026-09-01 02:18:19] [GATE-0] [WARN]   ✗ Missing: 2_unlazy_gates.md (will be generated during execution)
[2026-09-01 02:18:19] [GATE-0] [WARN]   ✗ Missing: 3_is_agentic.json (will be generated during execution)
[2026-09-01 02:18:19] [GATE-0] [WARN]   ✗ Missing: 4_canirun_grades.json (will be generated during execution)
[2026-09-01 02:18:19] [GATE-0] [INFO]   ✓ Found: 5_ap2_ledger_pqc.md
[2026-09-01 02:18:19] [GATE-0] [INFO]   ✓ Found: 6_ragas_golden_set.json
[2026-09-01 02:18:19] [GATE-0] [INFO]   ✓ Found: 7_freetoken_benchmark.json
[2026-09-01 02:18:19] [GATE-0] [INFO] CHECK 2: Verifying git state...
[2026-09-01 02:18:19] [GATE-0] [INFO]   ✓ Valid git repository
[2026-09-01 02:18:20] [GATE-0] [WARN]   ⚠ Uncommitted changes detected (non-blocking)
[2026-09-01 02:18:20] [GATE-0] [WARN]   ⚠ Last commit not signed (warning only)
[2026-09-01 02:18:20] [GATE-0] [INFO] CHECK 3: Verifying AP2 ledger structure...
[2026-09-01 02:18:20] [GATE-0] [INFO]   ✓ AP2 ledger directory exists
[2026-09-01 02:18:20] [GATE-0] [INFO]   ✓ Found       11 ledger entries
[2026-09-01 02:18:20] [GATE-0] [INFO] CHECK 4: Verifying work receipts directory...
[2026-09-01 02:18:20] [GATE-0] [INFO]   ✓ Work receipts directory exists
[2026-09-01 02:18:20] [GATE-0] [INFO]   ✓ Found      132 work receipt files
[2026-09-01 02:18:20] [GATE-0] [INFO] CHECK 5: Verifying Python dependencies...
[2026-09-01 02:18:20] [GATE-0] [INFO]   ✓ Python module available: json
[2026-09-01 02:18:20] [GATE-0] [INFO]   ✓ Python module available: hashlib
[2026-09-01 02:18:20] [GATE-0] [INFO]   ✓ Python module available: dataclasses
[2026-09-01 02:18:20] [GATE-0] [INFO]   ✓ Python module available: pathlib
[2026-09-01 02:18:20] [GATE-0] [INFO] CHECK 6: Verifying gate dependencies...
[2026-09-01 02:18:20] [GATE-0] [INFO]   ✓ Gate 1-3 validator script ready
[2026-09-01 02:18:20] [GATE-0] [INFO]   ✓ Gate 4-5 validator script ready
[2026-09-01 02:18:20] [GATE-0] [INFO]   ✓ agentacct capture module available
[2026-09-01 02:18:20] [GATE-0] [INFO]   ✓ unlazy gates module available
[2026-09-01 02:18:20] [GATE-0] [INFO] =========================================
[2026-09-01 02:18:20] [GATE-0] [INFO] Gate 0 Summary:
[2026-09-01 02:18:20] [GATE-0] [INFO]   Proof Artifacts: 4/7
[2026-09-01 02:18:20] [GATE-0] [INFO]   Git State:       1/3
[2026-09-01 02:18:20] [GATE-0] [INFO]   AP2 Ledger:      2/2
[2026-09-01 02:18:20] [GATE-0] [INFO]   Work Receipts:   2/2
[2026-09-01 02:18:20] [GATE-0] [INFO]   Python Modules:  4/4
[2026-09-01 02:18:20] [GATE-0] [INFO]   Dependencies:    4/4
[2026-09-01 02:18:20] [GATE-0] [INFO] =========================================
[2026-09-01 02:18:20] [GATE-0] [INFO] TOTAL: 17/22 checks passed
[2026-09-01 02:18:20] [GATE-0] [INFO] Gate 0 PASSED: Pre-flight verification complete
[2026-09-01 02:18:25] [GATE-0] [INFO] === Gate 0 Pre-Flight Verification ===
[2026-09-01 02:18:25] [GATE-0] [INFO] CHECK 1: Verifying proof artifacts...
[2026-09-01 02:18:25] [GATE-0] [INFO]   ✓ Found: 1_agentacct_config.json
[2026-09-01 02:18:25] [GATE-0] [WARN]   ✗ Missing: 2_unlazy_gates.md (will be generated during execution)
[2026-09-01 02:18:25] [GATE-0] [WARN]   ✗ Missing: 3_is_agentic.json (will be generated during execution)
[2026-09-01 02:18:25] [GATE-0] [WARN]   ✗ Missing: 4_canirun_grades.json (will be generated during execution)
[2026-09-01 02:18:25] [GATE-0] [INFO]   ✓ Found: 5_ap2_ledger_pqc.md
[2026-09-01 02:18:25] [GATE-0] [INFO]   ✓ Found: 6_ragas_golden_set.json
[2026-09-01 02:18:25] [GATE-0] [INFO]   ✓ Found: 7_freetoken_benchmark.json
[2026-09-01 02:18:25] [GATE-0] [INFO] CHECK 2: Verifying git state...
[2026-09-01 02:18:25] [GATE-0] [INFO]   ✓ Valid git repository
[2026-09-01 02:18:26] [GATE-0] [WARN]   ⚠ Uncommitted changes detected (non-blocking)
[2026-09-01 02:18:26] [GATE-0] [WARN]   ⚠ Last commit not signed (warning only)
[2026-09-01 02:18:26] [GATE-0] [INFO] CHECK 3: Verifying AP2 ledger structure...
[2026-09-01 02:18:26] [GATE-0] [INFO]   ✓ AP2 ledger directory exists
[2026-09-01 02:18:26] [GATE-0] [INFO]   ✓ Found       11 ledger entries
[2026-09-01 02:18:26] [GATE-0] [INFO] CHECK 4: Verifying work receipts directory...
[2026-09-01 02:18:26] [GATE-0] [INFO]   ✓ Work receipts directory exists
[2026-09-01 02:18:26] [GATE-0] [INFO]   ✓ Found      133 work receipt files
[2026-09-01 02:18:26] [GATE-0] [INFO] CHECK 5: Verifying Python dependencies...
[2026-09-01 02:18:26] [GATE-0] [INFO]   ✓ Python module available: json
[2026-09-01 02:18:26] [GATE-0] [INFO]   ✓ Python module available: hashlib
[2026-09-01 02:18:26] [GATE-0] [INFO]   ✓ Python module available: dataclasses
[2026-09-01 02:18:26] [GATE-0] [INFO]   ✓ Python module available: pathlib
[2026-09-01 02:18:26] [GATE-0] [INFO] CHECK 6: Verifying gate dependencies...
[2026-09-01 02:18:26] [GATE-0] [INFO]   ✓ Gate 1-3 validator script ready
[2026-09-01 02:18:26] [GATE-0] [INFO]   ✓ Gate 4-5 validator script ready
[2026-09-01 02:18:26] [GATE-0] [INFO]   ✓ agentacct capture module available
[2026-09-01 02:18:26] [GATE-0] [INFO]   ✓ unlazy gates module available
[2026-09-01 02:18:26] [GATE-0] [INFO] =========================================
[2026-09-01 02:18:26] [GATE-0] [INFO] Gate 0 Summary:
[2026-09-01 02:18:26] [GATE-0] [INFO]   Proof Artifacts: 4/7
[2026-09-01 02:18:26] [GATE-0] [INFO]   Git State:       1/3
[2026-09-01 02:18:26] [GATE-0] [INFO]   AP2 Ledger:      2/2
[2026-09-01 02:18:26] [GATE-0] [INFO]   Work Receipts:   2/2
[2026-09-01 02:18:26] [GATE-0] [INFO]   Python Modules:  4/4
[2026-09-01 02:18:26] [GATE-0] [INFO]   Dependencies:    4/4
[2026-09-01 02:18:26] [GATE-0] [INFO] =========================================
[2026-09-01 02:18:26] [GATE-0] [INFO] TOTAL: 17/22 checks passed
[2026-09-01 02:18:26] [GATE-0] [INFO] Gate 0 PASSED: Pre-flight verification complete
[2026-09-01 02:18:28] [GATE-0] [INFO] === Gate 0 Pre-Flight Verification ===
[2026-09-01 02:18:28] [GATE-0] [INFO] CHECK 1: Verifying proof artifacts...
[2026-09-01 02:18:28] [GATE-0] [INFO]   ✓ Found: 1_agentacct_config.json
[2026-09-01 02:18:28] [GATE-0] [WARN]   ✗ Missing: 2_unlazy_gates.md (will be generated during execution)
[2026-09-01 02:18:28] [GATE-0] [WARN]   ✗ Missing: 3_is_agentic.json (will be generated during execution)
[2026-09-01 02:18:28] [GATE-0] [WARN]   ✗ Missing: 4_canirun_grades.json (will be generated during execution)
[2026-09-01 02:18:28] [GATE-0] [INFO]   ✓ Found: 5_ap2_ledger_pqc.md
[2026-09-01 02:18:28] [GATE-0] [INFO]   ✓ Found: 6_ragas_golden_set.json
[2026-09-01 02:18:28] [GATE-0] [INFO]   ✓ Found: 7_freetoken_benchmark.json
[2026-09-01 02:18:28] [GATE-0] [INFO] CHECK 2: Verifying git state...
[2026-09-01 02:18:28] [GATE-0] [INFO]   ✓ Valid git repository
[2026-09-01 02:18:29] [GATE-0] [WARN]   ⚠ Uncommitted changes detected (non-blocking)
[2026-09-01 02:18:29] [GATE-0] [WARN]   ⚠ Last commit not signed (warning only)
[2026-09-01 02:18:29] [GATE-0] [INFO] CHECK 3: Verifying AP2 ledger structure...
[2026-09-01 02:18:29] [GATE-0] [INFO]   ✓ AP2 ledger directory exists
[2026-09-01 02:18:29] [GATE-0] [INFO]   ✓ Found       11 ledger entries
[2026-09-01 02:18:29] [GATE-0] [INFO] CHECK 4: Verifying work receipts directory...
[2026-09-01 02:18:29] [GATE-0] [INFO]   ✓ Work receipts directory exists
[2026-09-01 02:18:29] [GATE-0] [INFO]   ✓ Found      134 work receipt files
[2026-09-01 02:18:29] [GATE-0] [INFO] CHECK 5: Verifying Python dependencies...
[2026-09-01 02:18:29] [GATE-0] [INFO]   ✓ Python module available: json
[2026-09-01 02:18:29] [GATE-0] [INFO]   ✓ Python module available: hashlib
[2026-09-01 02:18:29] [GATE-0] [INFO]   ✓ Python module available: dataclasses
[2026-09-01 02:18:29] [GATE-0] [INFO]   ✓ Python module available: pathlib
[2026-09-01 02:18:30] [GATE-0] [INFO] CHECK 6: Verifying gate dependencies...
[2026-09-01 02:18:30] [GATE-0] [INFO]   ✓ Gate 1-3 validator script ready
[2026-09-01 02:18:30] [GATE-0] [INFO]   ✓ Gate 4-5 validator script ready
[2026-09-01 02:18:30] [GATE-0] [INFO]   ✓ agentacct capture module available
[2026-09-01 02:18:30] [GATE-0] [INFO]   ✓ unlazy gates module available
[2026-09-01 02:18:30] [GATE-0] [INFO] =========================================
[2026-09-01 02:18:30] [GATE-0] [INFO] Gate 0 Summary:
[2026-09-01 02:18:30] [GATE-0] [INFO]   Proof Artifacts: 4/7
[2026-09-01 02:18:30] [GATE-0] [INFO]   Git State:       1/3
[2026-09-01 02:18:30] [GATE-0] [INFO]   AP2 Ledger:      2/2
[2026-09-01 02:18:30] [GATE-0] [INFO]   Work Receipts:   2/2
[2026-09-01 02:18:30] [GATE-0] [INFO]   Python Modules:  4/4
[2026-09-01 02:18:30] [GATE-0] [INFO]   Dependencies:    4/4
[2026-09-01 02:18:30] [GATE-0] [INFO] =========================================
[2026-09-01 02:18:30] [GATE-0] [INFO] TOTAL: 17/22 checks passed
[2026-09-01 02:18:30] [GATE-0] [INFO] Gate 0 PASSED: Pre-flight verification complete
[2026-09-01 02:18:39] [GATE-0] [INFO] === Gate 0 Pre-Flight Verification ===
[2026-09-01 02:18:39] [GATE-0] [INFO] CHECK 1: Verifying proof artifacts...
[2026-09-01 02:18:39] [GATE-0] [INFO]   ✓ Found: 1_agentacct_config.json
[2026-09-01 02:18:39] [GATE-0] [WARN]   ✗ Missing: 2_unlazy_gates.md (will be generated during execution)
[2026-09-01 02:18:39] [GATE-0] [WARN]   ✗ Missing: 3_is_agentic.json (will be generated during execution)
[2026-09-01 02:18:39] [GATE-0] [WARN]   ✗ Missing: 4_canirun_grades.json (will be generated during execution)
[2026-09-01 02:18:39] [GATE-0] [INFO]   ✓ Found: 5_ap2_ledger_pqc.md
[2026-09-01 02:18:39] [GATE-0] [INFO]   ✓ Found: 6_ragas_golden_set.json
[2026-09-01 02:18:39] [GATE-0] [INFO]   ✓ Found: 7_freetoken_benchmark.json
[2026-09-01 02:18:39] [GATE-0] [INFO] CHECK 2: Verifying git state...
[2026-09-01 02:18:39] [GATE-0] [INFO]   ✓ Valid git repository
[2026-09-01 02:18:41] [GATE-0] [WARN]   ⚠ Uncommitted changes detected (non-blocking)
[2026-09-01 02:18:41] [GATE-0] [WARN]   ⚠ Last commit not signed (warning only)
[2026-09-01 02:18:41] [GATE-0] [INFO] CHECK 3: Verifying AP2 ledger structure...
[2026-09-01 02:18:41] [GATE-0] [INFO]   ✓ AP2 ledger directory exists
[2026-09-01 02:18:41] [GATE-0] [INFO]   ✓ Found       11 ledger entries
[2026-09-01 02:18:41] [GATE-0] [INFO] CHECK 4: Verifying work receipts directory...
[2026-09-01 02:18:41] [GATE-0] [INFO]   ✓ Work receipts directory exists
[2026-09-01 02:18:41] [GATE-0] [INFO]   ✓ Found      135 work receipt files
[2026-09-01 02:18:41] [GATE-0] [INFO] CHECK 5: Verifying Python dependencies...
[2026-09-01 02:18:41] [GATE-0] [INFO]   ✓ Python module available: json
[2026-09-01 02:18:41] [GATE-0] [INFO]   ✓ Python module available: hashlib
[2026-09-01 02:18:41] [GATE-0] [INFO]   ✓ Python module available: dataclasses
[2026-09-01 02:18:41] [GATE-0] [INFO]   ✓ Python module available: pathlib
[2026-09-01 02:18:41] [GATE-0] [INFO] CHECK 6: Verifying gate dependencies...
[2026-09-01 02:18:41] [GATE-0] [INFO]   ✓ Gate 1-3 validator script ready
[2026-09-01 02:18:41] [GATE-0] [INFO]   ✓ Gate 4-5 validator script ready
[2026-09-01 02:18:41] [GATE-0] [INFO]   ✓ agentacct capture module available
[2026-09-01 02:18:41] [GATE-0] [INFO]   ✓ unlazy gates module available
[2026-09-01 02:18:41] [GATE-0] [INFO] =========================================
[2026-09-01 02:18:41] [GATE-0] [INFO] Gate 0 Summary:
[2026-09-01 02:18:41] [GATE-0] [INFO]   Proof Artifacts: 4/7
[2026-09-01 02:18:41] [GATE-0] [INFO]   Git State:       1/3
[2026-09-01 02:18:41] [GATE-0] [INFO]   AP2 Ledger:      2/2
[2026-09-01 02:18:41] [GATE-0] [INFO]   Work Receipts:   2/2
[2026-09-01 02:18:41] [GATE-0] [INFO]   Python Modules:  4/4
[2026-09-01 02:18:41] [GATE-0] [INFO]   Dependencies:    4/4
[2026-09-01 02:18:41] [GATE-0] [INFO] =========================================
[2026-09-01 02:18:41] [GATE-0] [INFO] TOTAL: 17/22 checks passed
[2026-09-01 02:18:41] [GATE-0] [INFO] Gate 0 PASSED: Pre-flight verification complete
[2026-09-01 02:18:46] [GATE-0] [INFO] === Gate 0 Pre-Flight Verification ===
[2026-09-01 02:18:46] [GATE-0] [INFO] CHECK 1: Verifying proof artifacts...
[2026-09-01 02:18:46] [GATE-0] [INFO]   ✓ Found: 1_agentacct_config.json
[2026-09-01 02:18:46] [GATE-0] [WARN]   ✗ Missing: 2_unlazy_gates.md (will be generated during execution)
[2026-09-01 02:18:46] [GATE-0] [WARN]   ✗ Missing: 3_is_agentic.json (will be generated during execution)
[2026-09-01 02:18:46] [GATE-0] [WARN]   ✗ Missing: 4_canirun_grades.json (will be generated during execution)
[2026-09-01 02:18:46] [GATE-0] [INFO]   ✓ Found: 5_ap2_ledger_pqc.md
[2026-09-01 02:18:46] [GATE-0] [INFO]   ✓ Found: 6_ragas_golden_set.json
[2026-09-01 02:18:46] [GATE-0] [INFO]   ✓ Found: 7_freetoken_benchmark.json
[2026-09-01 02:18:46] [GATE-0] [INFO] CHECK 2: Verifying git state...
[2026-09-01 02:18:46] [GATE-0] [INFO]   ✓ Valid git repository
[2026-09-01 02:18:48] [GATE-0] [WARN]   ⚠ Uncommitted changes detected (non-blocking)
[2026-09-01 02:18:48] [GATE-0] [WARN]   ⚠ Last commit not signed (warning only)
[2026-09-01 02:18:48] [GATE-0] [INFO] CHECK 3: Verifying AP2 ledger structure...
[2026-09-01 02:18:48] [GATE-0] [INFO]   ✓ AP2 ledger directory exists
[2026-09-01 02:18:48] [GATE-0] [INFO]   ✓ Found       11 ledger entries
[2026-09-01 02:18:48] [GATE-0] [INFO] CHECK 4: Verifying work receipts directory...
[2026-09-01 02:18:48] [GATE-0] [INFO]   ✓ Work receipts directory exists
[2026-09-01 02:18:48] [GATE-0] [INFO]   ✓ Found      136 work receipt files
[2026-09-01 02:18:48] [GATE-0] [INFO] CHECK 5: Verifying Python dependencies...
[2026-09-01 02:18:48] [GATE-0] [INFO]   ✓ Python module available: json
[2026-09-01 02:18:48] [GATE-0] [INFO]   ✓ Python module available: hashlib
[2026-09-01 02:18:48] [GATE-0] [INFO]   ✓ Python module available: dataclasses
[2026-09-01 02:18:48] [GATE-0] [INFO]   ✓ Python module available: pathlib
[2026-09-01 02:18:48] [GATE-0] [INFO] CHECK 6: Verifying gate dependencies...
[2026-09-01 02:18:48] [GATE-0] [INFO]   ✓ Gate 1-3 validator script ready
[2026-09-01 02:18:48] [GATE-0] [INFO]   ✓ Gate 4-5 validator script ready
[2026-09-01 02:18:48] [GATE-0] [INFO]   ✓ agentacct capture module available
[2026-09-01 02:18:48] [GATE-0] [INFO]   ✓ unlazy gates module available
[2026-09-01 02:18:48] [GATE-0] [INFO] =========================================
[2026-09-01 02:18:48] [GATE-0] [INFO] Gate 0 Summary:
[2026-09-01 02:18:48] [GATE-0] [INFO]   Proof Artifacts: 4/7
[2026-09-01 02:18:48] [GATE-0] [INFO]   Git State:       1/3
[2026-09-01 02:18:48] [GATE-0] [INFO]   AP2 Ledger:      2/2
[2026-09-01 02:18:48] [GATE-0] [INFO]   Work Receipts:   2/2
[2026-09-01 02:18:48] [GATE-0] [INFO]   Python Modules:  4/4
[2026-09-01 02:18:48] [GATE-0] [INFO]   Dependencies:    4/4
[2026-09-01 02:18:48] [GATE-0] [INFO] =========================================
[2026-09-01 02:18:48] [GATE-0] [INFO] TOTAL: 17/22 checks passed
[2026-09-01 02:18:48] [GATE-0] [INFO] Gate 0 PASSED: Pre-flight verification complete
[2026-09-01 02:18:50] [GATE-0] [INFO] === Gate 0 Pre-Flight Verification ===
[2026-09-01 02:18:50] [GATE-0] [INFO] CHECK 1: Verifying proof artifacts...
[2026-09-01 02:18:50] [GATE-0] [INFO]   ✓ Found: 1_agentacct_config.json
[2026-09-01 02:18:50] [GATE-0] [WARN]   ✗ Missing: 2_unlazy_gates.md (will be generated during execution)
[2026-09-01 02:18:50] [GATE-0] [WARN]   ✗ Missing: 3_is_agentic.json (will be generated during execution)
[2026-09-01 02:18:50] [GATE-0] [WARN]   ✗ Missing: 4_canirun_grades.json (will be generated during execution)
[2026-09-01 02:18:50] [GATE-0] [INFO]   ✓ Found: 5_ap2_ledger_pqc.md
[2026-09-01 02:18:50] [GATE-0] [INFO]   ✓ Found: 6_ragas_golden_set.json
[2026-09-01 02:18:50] [GATE-0] [INFO]   ✓ Found: 7_freetoken_benchmark.json
[2026-09-01 02:18:50] [GATE-0] [INFO] CHECK 2: Verifying git state...
[2026-09-01 02:18:50] [GATE-0] [INFO]   ✓ Valid git repository
[2026-09-01 02:18:51] [GATE-0] [WARN]   ⚠ Uncommitted changes detected (non-blocking)
[2026-09-01 02:18:51] [GATE-0] [WARN]   ⚠ Last commit not signed (warning only)
[2026-09-01 02:18:51] [GATE-0] [INFO] CHECK 3: Verifying AP2 ledger structure...
[2026-09-01 02:18:51] [GATE-0] [INFO]   ✓ AP2 ledger directory exists
[2026-09-01 02:18:51] [GATE-0] [INFO]   ✓ Found       11 ledger entries
[2026-09-01 02:18:51] [GATE-0] [INFO] CHECK 4: Verifying work receipts directory...
[2026-09-01 02:18:51] [GATE-0] [INFO]   ✓ Work receipts directory exists
[2026-09-01 02:18:51] [GATE-0] [INFO]   ✓ Found      137 work receipt files
[2026-09-01 02:18:51] [GATE-0] [INFO] CHECK 5: Verifying Python dependencies...
[2026-09-01 02:18:51] [GATE-0] [INFO]   ✓ Python module available: json
[2026-09-01 02:18:51] [GATE-0] [INFO]   ✓ Python module available: hashlib
[2026-09-01 02:18:51] [GATE-0] [INFO]   ✓ Python module available: dataclasses
[2026-09-01 02:18:51] [GATE-0] [INFO]   ✓ Python module available: pathlib
[2026-09-01 02:18:51] [GATE-0] [INFO] CHECK 6: Verifying gate dependencies...
[2026-09-01 02:18:51] [GATE-0] [INFO]   ✓ Gate 1-3 validator script ready
[2026-09-01 02:18:51] [GATE-0] [INFO]   ✓ Gate 4-5 validator script ready
[2026-09-01 02:18:51] [GATE-0] [INFO]   ✓ agentacct capture module available
[2026-09-01 02:18:51] [GATE-0] [INFO]   ✓ unlazy gates module available
[2026-09-01 02:18:51] [GATE-0] [INFO] =========================================
[2026-09-01 02:18:51] [GATE-0] [INFO] Gate 0 Summary:
[2026-09-01 02:18:51] [GATE-0] [INFO]   Proof Artifacts: 4/7
[2026-09-01 02:18:51] [GATE-0] [INFO]   Git State:       1/3
[2026-09-01 02:18:51] [GATE-0] [INFO]   AP2 Ledger:      2/2
[2026-09-01 02:18:51] [GATE-0] [INFO]   Work Receipts:   2/2
[2026-09-01 02:18:51] [GATE-0] [INFO]   Python Modules:  4/4
[2026-09-01 02:18:51] [GATE-0] [INFO]   Dependencies:    4/4
[2026-09-01 02:18:51] [GATE-0] [INFO] =========================================
[2026-09-01 02:18:51] [GATE-0] [INFO] TOTAL: 17/22 checks passed
[2026-09-01 02:18:51] [GATE-0] [INFO] Gate 0 PASSED: Pre-flight verification complete
[2026-09-01 02:18:54] [GATE-0] [INFO] === Gate 0 Pre-Flight Verification ===
[2026-09-01 02:18:54] [GATE-0] [INFO] CHECK 1: Verifying proof artifacts...
[2026-09-01 02:18:54] [GATE-0] [INFO]   ✓ Found: 1_agentacct_config.json
[2026-09-01 02:18:54] [GATE-0] [WARN]   ✗ Missing: 2_unlazy_gates.md (will be generated during execution)
[2026-09-01 02:18:54] [GATE-0] [WARN]   ✗ Missing: 3_is_agentic.json (will be generated during execution)
[2026-09-01 02:18:54] [GATE-0] [WARN]   ✗ Missing: 4_canirun_grades.json (will be generated during execution)
[2026-09-01 02:18:54] [GATE-0] [INFO]   ✓ Found: 5_ap2_ledger_pqc.md
[2026-09-01 02:18:54] [GATE-0] [INFO]   ✓ Found: 6_ragas_golden_set.json
[2026-09-01 02:18:54] [GATE-0] [INFO]   ✓ Found: 7_freetoken_benchmark.json
[2026-09-01 02:18:54] [GATE-0] [INFO] CHECK 2: Verifying git state...
[2026-09-01 02:18:54] [GATE-0] [INFO]   ✓ Valid git repository
[2026-09-01 02:18:56] [GATE-0] [WARN]   ⚠ Uncommitted changes detected (non-blocking)
[2026-09-01 02:18:56] [GATE-0] [WARN]   ⚠ Last commit not signed (warning only)
[2026-09-01 02:18:56] [GATE-0] [INFO] CHECK 3: Verifying AP2 ledger structure...
[2026-09-01 02:18:56] [GATE-0] [INFO]   ✓ AP2 ledger directory exists
[2026-09-01 02:18:56] [GATE-0] [INFO]   ✓ Found       11 ledger entries
[2026-09-01 02:18:56] [GATE-0] [INFO] CHECK 4: Verifying work receipts directory...
[2026-09-01 02:18:56] [GATE-0] [INFO]   ✓ Work receipts directory exists
[2026-09-01 02:18:56] [GATE-0] [INFO]   ✓ Found      138 work receipt files
[2026-09-01 02:18:56] [GATE-0] [INFO] CHECK 5: Verifying Python dependencies...
[2026-09-01 02:18:56] [GATE-0] [INFO]   ✓ Python module available: json
[2026-09-01 02:18:56] [GATE-0] [INFO]   ✓ Python module available: hashlib
[2026-09-01 02:18:56] [GATE-0] [INFO]   ✓ Python module available: dataclasses
[2026-09-01 02:18:56] [GATE-0] [INFO]   ✓ Python module available: pathlib
[2026-09-01 02:18:56] [GATE-0] [INFO] CHECK 6: Verifying gate dependencies...
[2026-09-01 02:18:56] [GATE-0] [INFO]   ✓ Gate 1-3 validator script ready
[2026-09-01 02:18:56] [GATE-0] [INFO]   ✓ Gate 4-5 validator script ready
[2026-09-01 02:18:56] [GATE-0] [INFO]   ✓ agentacct capture module available
[2026-09-01 02:18:56] [GATE-0] [INFO]   ✓ unlazy gates module available
[2026-09-01 02:18:56] [GATE-0] [INFO] =========================================
[2026-09-01 02:18:56] [GATE-0] [INFO] Gate 0 Summary:
[2026-09-01 02:18:56] [GATE-0] [INFO]   Proof Artifacts: 4/7
[2026-09-01 02:18:56] [GATE-0] [INFO]   Git State:       1/3
[2026-09-01 02:18:56] [GATE-0] [INFO]   AP2 Ledger:      2/2
[2026-09-01 02:18:56] [GATE-0] [INFO]   Work Receipts:   2/2
[2026-09-01 02:18:56] [GATE-0] [INFO]   Python Modules:  4/4
[2026-09-01 02:18:56] [GATE-0] [INFO]   Dependencies:    4/4
[2026-09-01 02:18:56] [GATE-0] [INFO] =========================================
[2026-09-01 02:18:56] [GATE-0] [INFO] TOTAL: 17/22 checks passed
[2026-09-01 02:18:56] [GATE-0] [INFO] Gate 0 PASSED: Pre-flight verification complete
[2026-09-01 02:19:01] [GATE-0] [INFO] === Gate 0 Pre-Flight Verification ===
[2026-09-01 02:19:01] [GATE-0] [INFO] CHECK 1: Verifying proof artifacts...
[2026-09-01 02:19:01] [GATE-0] [INFO]   ✓ Found: 1_agentacct_config.json
[2026-09-01 02:19:01] [GATE-0] [WARN]   ✗ Missing: 2_unlazy_gates.md (will be generated during execution)
[2026-09-01 02:19:01] [GATE-0] [WARN]   ✗ Missing: 3_is_agentic.json (will be generated during execution)
[2026-09-01 02:19:01] [GATE-0] [WARN]   ✗ Missing: 4_canirun_grades.json (will be generated during execution)
[2026-09-01 02:19:01] [GATE-0] [INFO]   ✓ Found: 5_ap2_ledger_pqc.md
[2026-09-01 02:19:01] [GATE-0] [INFO]   ✓ Found: 6_ragas_golden_set.json
[2026-09-01 02:19:01] [GATE-0] [INFO]   ✓ Found: 7_freetoken_benchmark.json
[2026-09-01 02:19:01] [GATE-0] [INFO] CHECK 2: Verifying git state...
[2026-09-01 02:19:01] [GATE-0] [INFO]   ✓ Valid git repository
[2026-09-01 02:19:02] [GATE-0] [WARN]   ⚠ Uncommitted changes detected (non-blocking)
[2026-09-01 02:19:02] [GATE-0] [WARN]   ⚠ Last commit not signed (warning only)
[2026-09-01 02:19:02] [GATE-0] [INFO] CHECK 3: Verifying AP2 ledger structure...
[2026-09-01 02:19:02] [GATE-0] [INFO]   ✓ AP2 ledger directory exists
[2026-09-01 02:19:02] [GATE-0] [INFO]   ✓ Found       11 ledger entries
[2026-09-01 02:19:02] [GATE-0] [INFO] CHECK 4: Verifying work receipts directory...
[2026-09-01 02:19:02] [GATE-0] [INFO]   ✓ Work receipts directory exists
[2026-09-01 02:19:02] [GATE-0] [INFO]   ✓ Found      139 work receipt files
[2026-09-01 02:19:02] [GATE-0] [INFO] CHECK 5: Verifying Python dependencies...
[2026-09-01 02:19:02] [GATE-0] [INFO]   ✓ Python module available: json
[2026-09-01 02:19:02] [GATE-0] [INFO]   ✓ Python module available: hashlib
[2026-09-01 02:19:02] [GATE-0] [INFO]   ✓ Python module available: dataclasses
[2026-09-01 02:19:03] [GATE-0] [INFO]   ✓ Python module available: pathlib
[2026-09-01 02:19:03] [GATE-0] [INFO] CHECK 6: Verifying gate dependencies...
[2026-09-01 02:19:03] [GATE-0] [INFO]   ✓ Gate 1-3 validator script ready
[2026-09-01 02:19:03] [GATE-0] [INFO]   ✓ Gate 4-5 validator script ready
[2026-09-01 02:19:03] [GATE-0] [INFO]   ✓ agentacct capture module available
[2026-09-01 02:19:03] [GATE-0] [INFO]   ✓ unlazy gates module available
[2026-09-01 02:19:03] [GATE-0] [INFO] =========================================
[2026-09-01 02:19:03] [GATE-0] [INFO] Gate 0 Summary:
[2026-09-01 02:19:03] [GATE-0] [INFO]   Proof Artifacts: 4/7
[2026-09-01 02:19:03] [GATE-0] [INFO]   Git State:       1/3
[2026-09-01 02:19:03] [GATE-0] [INFO]   AP2 Ledger:      2/2
[2026-09-01 02:19:03] [GATE-0] [INFO]   Work Receipts:   2/2
[2026-09-01 02:19:03] [GATE-0] [INFO]   Python Modules:  4/4
[2026-09-01 02:19:03] [GATE-0] [INFO]   Dependencies:    4/4
[2026-09-01 02:19:03] [GATE-0] [INFO] =========================================
[2026-09-01 02:19:03] [GATE-0] [INFO] TOTAL: 17/22 checks passed
[2026-09-01 02:19:03] [GATE-0] [INFO] Gate 0 PASSED: Pre-flight verification complete
[2026-09-01 02:19:05] [GATE-0] [INFO] === Gate 0 Pre-Flight Verification ===
[2026-09-01 02:19:05] [GATE-0] [INFO] CHECK 1: Verifying proof artifacts...
[2026-09-01 02:19:05] [GATE-0] [INFO]   ✓ Found: 1_agentacct_config.json
[2026-09-01 02:19:05] [GATE-0] [WARN]   ✗ Missing: 2_unlazy_gates.md (will be generated during execution)
[2026-09-01 02:19:05] [GATE-0] [WARN]   ✗ Missing: 3_is_agentic.json (will be generated during execution)
[2026-09-01 02:19:05] [GATE-0] [WARN]   ✗ Missing: 4_canirun_grades.json (will be generated during execution)
[2026-09-01 02:19:05] [GATE-0] [INFO]   ✓ Found: 5_ap2_ledger_pqc.md
[2026-09-01 02:19:05] [GATE-0] [INFO]   ✓ Found: 6_ragas_golden_set.json
[2026-09-01 02:19:05] [GATE-0] [INFO]   ✓ Found: 7_freetoken_benchmark.json
[2026-09-01 02:19:05] [GATE-0] [INFO] CHECK 2: Verifying git state...
[2026-09-01 02:19:05] [GATE-0] [INFO]   ✓ Valid git repository
[2026-09-01 02:19:06] [GATE-0] [WARN]   ⚠ Uncommitted changes detected (non-blocking)
[2026-09-01 02:19:06] [GATE-0] [WARN]   ⚠ Last commit not signed (warning only)
[2026-09-01 02:19:06] [GATE-0] [INFO] CHECK 3: Verifying AP2 ledger structure...
[2026-09-01 02:19:06] [GATE-0] [INFO]   ✓ AP2 ledger directory exists
[2026-09-01 02:19:06] [GATE-0] [INFO]   ✓ Found       11 ledger entries
[2026-09-01 02:19:06] [GATE-0] [INFO] CHECK 4: Verifying work receipts directory...
[2026-09-01 02:19:06] [GATE-0] [INFO]   ✓ Work receipts directory exists
[2026-09-01 02:19:06] [GATE-0] [INFO]   ✓ Found      140 work receipt files
[2026-09-01 02:19:06] [GATE-0] [INFO] CHECK 5: Verifying Python dependencies...
[2026-09-01 02:19:06] [GATE-0] [INFO]   ✓ Python module available: json
[2026-09-01 02:19:06] [GATE-0] [INFO]   ✓ Python module available: hashlib
[2026-09-01 02:19:06] [GATE-0] [INFO]   ✓ Python module available: dataclasses
[2026-09-01 02:19:06] [GATE-0] [INFO]   ✓ Python module available: pathlib
[2026-09-01 02:19:06] [GATE-0] [INFO] CHECK 6: Verifying gate dependencies...
[2026-09-01 02:19:06] [GATE-0] [INFO]   ✓ Gate 1-3 validator script ready
[2026-09-01 02:19:06] [GATE-0] [INFO]   ✓ Gate 4-5 validator script ready
[2026-09-01 02:19:06] [GATE-0] [INFO]   ✓ agentacct capture module available
[2026-09-01 02:19:06] [GATE-0] [INFO]   ✓ unlazy gates module available
[2026-09-01 02:19:06] [GATE-0] [INFO] =========================================
[2026-09-01 02:19:06] [GATE-0] [INFO] Gate 0 Summary:
[2026-09-01 02:19:06] [GATE-0] [INFO]   Proof Artifacts: 4/7
[2026-09-01 02:19:06] [GATE-0] [INFO]   Git State:       1/3
[2026-09-01 02:19:06] [GATE-0] [INFO]   AP2 Ledger:      2/2
[2026-09-01 02:19:06] [GATE-0] [INFO]   Work Receipts:   2/2
[2026-09-01 02:19:06] [GATE-0] [INFO]   Python Modules:  4/4
[2026-09-01 02:19:06] [GATE-0] [INFO]   Dependencies:    4/4
[2026-09-01 02:19:06] [GATE-0] [INFO] =========================================
[2026-09-01 02:19:06] [GATE-0] [INFO] TOTAL: 17/22 checks passed
[2026-09-01 02:19:06] [GATE-0] [INFO] Gate 0 PASSED: Pre-flight verification complete
[2026-09-01 02:19:09] [GATE-0] [INFO] === Gate 0 Pre-Flight Verification ===
[2026-09-01 02:19:09] [GATE-0] [INFO] CHECK 1: Verifying proof artifacts...
[2026-09-01 02:19:09] [GATE-0] [INFO]   ✓ Found: 1_agentacct_config.json
[2026-09-01 02:19:09] [GATE-0] [WARN]   ✗ Missing: 2_unlazy_gates.md (will be generated during execution)
[2026-09-01 02:19:09] [GATE-0] [WARN]   ✗ Missing: 3_is_agentic.json (will be generated during execution)
[2026-09-01 02:19:09] [GATE-0] [WARN]   ✗ Missing: 4_canirun_grades.json (will be generated during execution)
[2026-09-01 02:19:09] [GATE-0] [INFO]   ✓ Found: 5_ap2_ledger_pqc.md
[2026-09-01 02:19:09] [GATE-0] [INFO]   ✓ Found: 6_ragas_golden_set.json
[2026-09-01 02:19:09] [GATE-0] [INFO]   ✓ Found: 7_freetoken_benchmark.json
[2026-09-01 02:19:09] [GATE-0] [INFO] CHECK 2: Verifying git state...
[2026-09-01 02:19:09] [GATE-0] [INFO]   ✓ Valid git repository
[2026-09-01 02:19:10] [GATE-0] [WARN]   ⚠ Uncommitted changes detected (non-blocking)
[2026-09-01 02:19:10] [GATE-0] [WARN]   ⚠ Last commit not signed (warning only)
[2026-09-01 02:19:10] [GATE-0] [INFO] CHECK 3: Verifying AP2 ledger structure...
[2026-09-01 02:19:10] [GATE-0] [INFO]   ✓ AP2 ledger directory exists
[2026-09-01 02:19:10] [GATE-0] [INFO]   ✓ Found       11 ledger entries
[2026-09-01 02:19:10] [GATE-0] [INFO] CHECK 4: Verifying work receipts directory...
[2026-09-01 02:19:10] [GATE-0] [INFO]   ✓ Work receipts directory exists
[2026-09-01 02:19:10] [GATE-0] [INFO]   ✓ Found      141 work receipt files
[2026-09-01 02:19:10] [GATE-0] [INFO] CHECK 5: Verifying Python dependencies...
[2026-09-01 02:19:10] [GATE-0] [INFO]   ✓ Python module available: json
[2026-09-01 02:19:10] [GATE-0] [INFO]   ✓ Python module available: hashlib
[2026-09-01 02:19:10] [GATE-0] [INFO]   ✓ Python module available: dataclasses
[2026-09-01 02:19:10] [GATE-0] [INFO]   ✓ Python module available: pathlib
[2026-09-01 02:19:10] [GATE-0] [INFO] CHECK 6: Verifying gate dependencies...
[2026-09-01 02:19:10] [GATE-0] [INFO]   ✓ Gate 1-3 validator script ready
[2026-09-01 02:19:10] [GATE-0] [INFO]   ✓ Gate 4-5 validator script ready
[2026-09-01 02:19:10] [GATE-0] [INFO]   ✓ agentacct capture module available
[2026-09-01 02:19:10] [GATE-0] [INFO]   ✓ unlazy gates module available
[2026-09-01 02:19:10] [GATE-0] [INFO] =========================================
[2026-09-01 02:19:10] [GATE-0] [INFO] Gate 0 Summary:
[2026-09-01 02:19:10] [GATE-0] [INFO]   Proof Artifacts: 4/7
[2026-09-01 02:19:10] [GATE-0] [INFO]   Git State:       1/3
[2026-09-01 02:19:10] [GATE-0] [INFO]   AP2 Ledger:      2/2
[2026-09-01 02:19:10] [GATE-0] [INFO]   Work Receipts:   2/2
[2026-09-01 02:19:10] [GATE-0] [INFO]   Python Modules:  4/4
[2026-09-01 02:19:10] [GATE-0] [INFO]   Dependencies:    4/4
[2026-09-01 02:19:10] [GATE-0] [INFO] =========================================
[2026-09-01 02:19:10] [GATE-0] [INFO] TOTAL: 17/22 checks passed
[2026-09-01 02:19:10] [GATE-0] [INFO] Gate 0 PASSED: Pre-flight verification complete
[2026-09-01 02:19:19] [GATE-0] [INFO] === Gate 0 Pre-Flight Verification ===
[2026-09-01 02:19:19] [GATE-0] [INFO] CHECK 1: Verifying proof artifacts...
[2026-09-01 02:19:19] [GATE-0] [INFO]   ✓ Found: 1_agentacct_config.json
[2026-09-01 02:19:19] [GATE-0] [WARN]   ✗ Missing: 2_unlazy_gates.md (will be generated during execution)
[2026-09-01 02:19:19] [GATE-0] [WARN]   ✗ Missing: 3_is_agentic.json (will be generated during execution)
[2026-09-01 02:19:19] [GATE-0] [WARN]   ✗ Missing: 4_canirun_grades.json (will be generated during execution)
[2026-09-01 02:19:19] [GATE-0] [INFO]   ✓ Found: 5_ap2_ledger_pqc.md
[2026-09-01 02:19:19] [GATE-0] [INFO]   ✓ Found: 6_ragas_golden_set.json
[2026-09-01 02:19:19] [GATE-0] [INFO]   ✓ Found: 7_freetoken_benchmark.json
[2026-09-01 02:19:19] [GATE-0] [INFO] CHECK 2: Verifying git state...
[2026-09-01 02:19:19] [GATE-0] [INFO]   ✓ Valid git repository
[2026-09-01 02:19:21] [GATE-0] [WARN]   ⚠ Uncommitted changes detected (non-blocking)
[2026-09-01 02:19:21] [GATE-0] [WARN]   ⚠ Last commit not signed (warning only)
[2026-09-01 02:19:21] [GATE-0] [INFO] CHECK 3: Verifying AP2 ledger structure...
[2026-09-01 02:19:21] [GATE-0] [INFO]   ✓ AP2 ledger directory exists
[2026-09-01 02:19:21] [GATE-0] [INFO]   ✓ Found       11 ledger entries
[2026-09-01 02:19:21] [GATE-0] [INFO] CHECK 4: Verifying work receipts directory...
[2026-09-01 02:19:21] [GATE-0] [INFO]   ✓ Work receipts directory exists
[2026-09-01 02:19:21] [GATE-0] [INFO]   ✓ Found      142 work receipt files
[2026-09-01 02:19:21] [GATE-0] [INFO] CHECK 5: Verifying Python dependencies...
[2026-09-01 02:19:21] [GATE-0] [INFO]   ✓ Python module available: json
[2026-09-01 02:19:21] [GATE-0] [INFO]   ✓ Python module available: hashlib
[2026-09-01 02:19:21] [GATE-0] [INFO]   ✓ Python module available: dataclasses
[2026-09-01 02:19:21] [GATE-0] [INFO]   ✓ Python module available: pathlib
[2026-09-01 02:19:21] [GATE-0] [INFO] CHECK 6: Verifying gate dependencies...
[2026-09-01 02:19:21] [GATE-0] [INFO]   ✓ Gate 1-3 validator script ready
[2026-09-01 02:19:21] [GATE-0] [INFO]   ✓ Gate 4-5 validator script ready
[2026-09-01 02:19:21] [GATE-0] [INFO]   ✓ agentacct capture module available
[2026-09-01 02:19:21] [GATE-0] [INFO]   ✓ unlazy gates module available
[2026-09-01 02:19:21] [GATE-0] [INFO] =========================================
[2026-09-01 02:19:21] [GATE-0] [INFO] Gate 0 Summary:
[2026-09-01 02:19:21] [GATE-0] [INFO]   Proof Artifacts: 4/7
[2026-09-01 02:19:21] [GATE-0] [INFO]   Git State:       1/3
[2026-09-01 02:19:21] [GATE-0] [INFO]   AP2 Ledger:      2/2
[2026-09-01 02:19:21] [GATE-0] [INFO]   Work Receipts:   2/2
[2026-09-01 02:19:21] [GATE-0] [INFO]   Python Modules:  4/4
[2026-09-01 02:19:21] [GATE-0] [INFO]   Dependencies:    4/4
[2026-09-01 02:19:21] [GATE-0] [INFO] =========================================
[2026-09-01 02:19:21] [GATE-0] [INFO] TOTAL: 17/22 checks passed
[2026-09-01 02:19:21] [GATE-0] [INFO] Gate 0 PASSED: Pre-flight verification complete
[2026-09-01 02:19:25] [GATE-0] [INFO] === Gate 0 Pre-Flight Verification ===
[2026-09-01 02:19:25] [GATE-0] [INFO] CHECK 1: Verifying proof artifacts...
[2026-09-01 02:19:25] [GATE-0] [INFO]   ✓ Found: 1_agentacct_config.json
[2026-09-01 02:19:25] [GATE-0] [WARN]   ✗ Missing: 2_unlazy_gates.md (will be generated during execution)
[2026-09-01 02:19:25] [GATE-0] [WARN]   ✗ Missing: 3_is_agentic.json (will be generated during execution)
[2026-09-01 02:19:25] [GATE-0] [WARN]   ✗ Missing: 4_canirun_grades.json (will be generated during execution)
[2026-09-01 02:19:25] [GATE-0] [INFO]   ✓ Found: 5_ap2_ledger_pqc.md
[2026-09-01 02:19:25] [GATE-0] [INFO]   ✓ Found: 6_ragas_golden_set.json
[2026-09-01 02:19:25] [GATE-0] [INFO]   ✓ Found: 7_freetoken_benchmark.json
[2026-09-01 02:19:25] [GATE-0] [INFO] CHECK 2: Verifying git state...
[2026-09-01 02:19:25] [GATE-0] [INFO]   ✓ Valid git repository
[2026-09-01 02:19:26] [GATE-0] [WARN]   ⚠ Uncommitted changes detected (non-blocking)
[2026-09-01 02:19:26] [GATE-0] [WARN]   ⚠ Last commit not signed (warning only)
[2026-09-01 02:19:26] [GATE-0] [INFO] CHECK 3: Verifying AP2 ledger structure...
[2026-09-01 02:19:26] [GATE-0] [INFO]   ✓ AP2 ledger directory exists
[2026-09-01 02:19:26] [GATE-0] [INFO]   ✓ Found       11 ledger entries
[2026-09-01 02:19:26] [GATE-0] [INFO] CHECK 4: Verifying work receipts directory...
[2026-09-01 02:19:26] [GATE-0] [INFO]   ✓ Work receipts directory exists
[2026-09-01 02:19:26] [GATE-0] [INFO]   ✓ Found      143 work receipt files
[2026-09-01 02:19:26] [GATE-0] [INFO] CHECK 5: Verifying Python dependencies...
[2026-09-01 02:19:26] [GATE-0] [INFO]   ✓ Python module available: json
[2026-09-01 02:19:26] [GATE-0] [INFO]   ✓ Python module available: hashlib
[2026-09-01 02:19:26] [GATE-0] [INFO]   ✓ Python module available: dataclasses
[2026-09-01 02:19:26] [GATE-0] [INFO]   ✓ Python module available: pathlib
[2026-09-01 02:19:26] [GATE-0] [INFO] CHECK 6: Verifying gate dependencies...
[2026-09-01 02:19:26] [GATE-0] [INFO]   ✓ Gate 1-3 validator script ready
[2026-09-01 02:19:26] [GATE-0] [INFO]   ✓ Gate 4-5 validator script ready
[2026-09-01 02:19:26] [GATE-0] [INFO]   ✓ agentacct capture module available
[2026-09-01 02:19:26] [GATE-0] [INFO]   ✓ unlazy gates module available
[2026-09-01 02:19:26] [GATE-0] [INFO] =========================================
[2026-09-01 02:19:26] [GATE-0] [INFO] Gate 0 Summary:
[2026-09-01 02:19:26] [GATE-0] [INFO]   Proof Artifacts: 4/7
[2026-09-01 02:19:26] [GATE-0] [INFO]   Git State:       1/3
[2026-09-01 02:19:26] [GATE-0] [INFO]   AP2 Ledger:      2/2
[2026-09-01 02:19:26] [GATE-0] [INFO]   Work Receipts:   2/2
[2026-09-01 02:19:26] [GATE-0] [INFO]   Python Modules:  4/4
[2026-09-01 02:19:26] [GATE-0] [INFO]   Dependencies:    4/4
[2026-09-01 02:19:26] [GATE-0] [INFO] =========================================
[2026-09-01 02:19:26] [GATE-0] [INFO] TOTAL: 17/22 checks passed
[2026-09-01 02:19:26] [GATE-0] [INFO] Gate 0 PASSED: Pre-flight verification complete
[2026-09-01 02:19:28] [GATE-0] [INFO] === Gate 0 Pre-Flight Verification ===
[2026-09-01 02:19:28] [GATE-0] [INFO] CHECK 1: Verifying proof artifacts...
[2026-09-01 02:19:28] [GATE-0] [INFO]   ✓ Found: 1_agentacct_config.json
[2026-09-01 02:19:28] [GATE-0] [WARN]   ✗ Missing: 2_unlazy_gates.md (will be generated during execution)
[2026-09-01 02:19:28] [GATE-0] [WARN]   ✗ Missing: 3_is_agentic.json (will be generated during execution)
[2026-09-01 02:19:28] [GATE-0] [WARN]   ✗ Missing: 4_canirun_grades.json (will be generated during execution)
[2026-09-01 02:19:28] [GATE-0] [INFO]   ✓ Found: 5_ap2_ledger_pqc.md
[2026-09-01 02:19:28] [GATE-0] [INFO]   ✓ Found: 6_ragas_golden_set.json
[2026-09-01 02:19:28] [GATE-0] [INFO]   ✓ Found: 7_freetoken_benchmark.json
[2026-09-01 02:19:28] [GATE-0] [INFO] CHECK 2: Verifying git state...
[2026-09-01 02:19:28] [GATE-0] [INFO]   ✓ Valid git repository
[2026-09-01 02:19:30] [GATE-0] [WARN]   ⚠ Uncommitted changes detected (non-blocking)
[2026-09-01 02:19:30] [GATE-0] [WARN]   ⚠ Last commit not signed (warning only)
[2026-09-01 02:19:30] [GATE-0] [INFO] CHECK 3: Verifying AP2 ledger structure...
[2026-09-01 02:19:30] [GATE-0] [INFO]   ✓ AP2 ledger directory exists
[2026-09-01 02:19:30] [GATE-0] [INFO]   ✓ Found       11 ledger entries
[2026-09-01 02:19:30] [GATE-0] [INFO] CHECK 4: Verifying work receipts directory...
[2026-09-01 02:19:30] [GATE-0] [INFO]   ✓ Work receipts directory exists
[2026-09-01 02:19:30] [GATE-0] [INFO]   ✓ Found      144 work receipt files
[2026-09-01 02:19:30] [GATE-0] [INFO] CHECK 5: Verifying Python dependencies...
[2026-09-01 02:19:30] [GATE-0] [INFO]   ✓ Python module available: json
[2026-09-01 02:19:30] [GATE-0] [INFO]   ✓ Python module available: hashlib
[2026-09-01 02:19:30] [GATE-0] [INFO]   ✓ Python module available: dataclasses
[2026-09-01 02:19:30] [GATE-0] [INFO]   ✓ Python module available: pathlib
[2026-09-01 02:19:30] [GATE-0] [INFO] CHECK 6: Verifying gate dependencies...
[2026-09-01 02:19:30] [GATE-0] [INFO]   ✓ Gate 1-3 validator script ready
[2026-09-01 02:19:30] [GATE-0] [INFO]   ✓ Gate 4-5 validator script ready
[2026-09-01 02:19:30] [GATE-0] [INFO]   ✓ agentacct capture module available
[2026-09-01 02:19:30] [GATE-0] [INFO]   ✓ unlazy gates module available
[2026-09-01 02:19:30] [GATE-0] [INFO] =========================================
[2026-09-01 02:19:30] [GATE-0] [INFO] Gate 0 Summary:
[2026-09-01 02:19:30] [GATE-0] [INFO]   Proof Artifacts: 4/7
[2026-09-01 02:19:30] [GATE-0] [INFO]   Git State:       1/3
[2026-09-01 02:19:30] [GATE-0] [INFO]   AP2 Ledger:      2/2
[2026-09-01 02:19:30] [GATE-0] [INFO]   Work Receipts:   2/2
[2026-09-01 02:19:30] [GATE-0] [INFO]   Python Modules:  4/4
[2026-09-01 02:19:30] [GATE-0] [INFO]   Dependencies:    4/4
[2026-09-01 02:19:30] [GATE-0] [INFO] =========================================
[2026-09-01 02:19:30] [GATE-0] [INFO] TOTAL: 17/22 checks passed
[2026-09-01 02:19:30] [GATE-0] [INFO] Gate 0 PASSED: Pre-flight verification complete
[2026-09-01 02:23:47] [GATE-0] [INFO] === Gate 0 Pre-Flight Verification ===
[2026-09-01 02:23:47] [GATE-0] [INFO] CHECK 1: Verifying proof artifacts...
[2026-09-01 02:23:47] [GATE-0] [INFO]   ✓ Found: 1_agentacct_config.json
[2026-09-01 02:23:47] [GATE-0] [WARN]   ✗ Missing: 2_unlazy_gates.md (will be generated during execution)
[2026-09-01 02:23:47] [GATE-0] [WARN]   ✗ Missing: 3_is_agentic.json (will be generated during execution)
[2026-09-01 02:23:47] [GATE-0] [WARN]   ✗ Missing: 4_canirun_grades.json (will be generated during execution)
[2026-09-01 02:23:47] [GATE-0] [INFO]   ✓ Found: 5_ap2_ledger_pqc.md
[2026-09-01 02:23:47] [GATE-0] [INFO]   ✓ Found: 6_ragas_golden_set.json
[2026-09-01 02:23:47] [GATE-0] [INFO]   ✓ Found: 7_freetoken_benchmark.json
[2026-09-01 02:23:47] [GATE-0] [INFO] CHECK 2: Verifying git state...
[2026-09-01 02:23:47] [GATE-0] [INFO]   ✓ Valid git repository
[2026-09-01 02:23:49] [GATE-0] [WARN]   ⚠ Uncommitted changes detected (non-blocking)
[2026-09-01 02:23:49] [GATE-0] [WARN]   ⚠ Last commit not signed (warning only)
[2026-09-01 02:23:49] [GATE-0] [INFO] CHECK 3: Verifying AP2 ledger structure...
[2026-09-01 02:23:49] [GATE-0] [INFO]   ✓ AP2 ledger directory exists
[2026-09-01 02:23:49] [GATE-0] [INFO]   ✓ Found       12 ledger entries
[2026-09-01 02:23:49] [GATE-0] [INFO] CHECK 4: Verifying work receipts directory...
[2026-09-01 02:23:49] [GATE-0] [INFO]   ✓ Work receipts directory exists
[2026-09-01 02:23:49] [GATE-0] [INFO]   ✓ Found      145 work receipt files
[2026-09-01 02:23:49] [GATE-0] [INFO] CHECK 5: Verifying Python dependencies...
[2026-09-01 02:23:49] [GATE-0] [INFO]   ✓ Python module available: json
[2026-09-01 02:23:49] [GATE-0] [INFO]   ✓ Python module available: hashlib
[2026-09-01 02:23:49] [GATE-0] [INFO]   ✓ Python module available: dataclasses
[2026-09-01 02:23:49] [GATE-0] [INFO]   ✓ Python module available: pathlib
[2026-09-01 02:23:49] [GATE-0] [INFO] CHECK 6: Verifying gate dependencies...
[2026-09-01 02:23:49] [GATE-0] [INFO]   ✓ Gate 1-3 validator script ready
[2026-09-01 02:23:49] [GATE-0] [INFO]   ✓ Gate 4-5 validator script ready
[2026-09-01 02:23:49] [GATE-0] [INFO]   ✓ agentacct capture module available
[2026-09-01 02:23:49] [GATE-0] [INFO]   ✓ unlazy gates module available
[2026-09-01 02:23:49] [GATE-0] [INFO] =========================================
[2026-09-01 02:23:49] [GATE-0] [INFO] Gate 0 Summary:
[2026-09-01 02:23:49] [GATE-0] [INFO]   Proof Artifacts: 4/7
[2026-09-01 02:23:49] [GATE-0] [INFO]   Git State:       1/3
[2026-09-01 02:23:49] [GATE-0] [INFO]   AP2 Ledger:      2/2
[2026-09-01 02:23:49] [GATE-0] [INFO]   Work Receipts:   2/2
[2026-09-01 02:23:49] [GATE-0] [INFO]   Python Modules:  4/4
[2026-09-01 02:23:49] [GATE-0] [INFO]   Dependencies:    4/4
[2026-09-01 02:23:49] [GATE-0] [INFO] =========================================
[2026-09-01 02:23:49] [GATE-0] [INFO] TOTAL: 17/22 checks passed
[2026-09-01 02:23:49] [GATE-0] [INFO] Gate 0 PASSED: Pre-flight verification complete
