[2026-09-01 01:49:57] [GATE-4-5] [INFO] === Gate 4-5 Serial Verification ===
[2026-09-01 01:49:57] [GATE-4-5] [INFO] GATE 4: AP2 Merkle ledger anchoring...
[2026-09-01 01:49:57] [GATE-4-5] [INFO]   ✓ Collected        7 work receipts for Merkle tree
[2026-09-01 01:49:57] [GATE-4-5] [ERROR]   ✗ Failed to create AP2 ledger entry
[2026-09-01 01:49:57] [GATE-4-5] [ERROR]   ✗ AP2 ledger entry file missing
[2026-09-01 01:49:57] [GATE-4-5] [WARN]   ⚠ Could not stage AP2 ledger for commit
[2026-09-01 01:49:57] [GATE-4-5] [INFO] GATE 5: Final compliance check...
[2026-09-01 01:50:34] [GATE-4-5] [INFO]   ✓ Git policy compliance verified
[2026-09-01 01:50:34] [GATE-4-5] [INFO]   ✓ Found 4/7 proof artifacts
[2026-09-01 01:50:34] [GATE-4-5] [INFO]   ✓ Evidence integrity verified (      23 files)
[2026-09-01 01:50:34] [GATE-4-5] [INFO]   ✓ Session validation passed (1788220234s duration)
[2026-09-01 01:50:34] [GATE-4-5] [INFO] Compliance report written to: /Users/andriileukhin/Documents/SovereignNexus/.smaos/compliance_check_1788220197.json
[2026-09-01 01:50:34] [GATE-4-5] [INFO] =========================================
[2026-09-01 01:50:34] [GATE-4-5] [INFO] Gate 4-5 Summary:
[2026-09-01 01:50:34] [GATE-4-5] [INFO]   Gate 4 (AP2 anchor):     FAIL (1/4)
[2026-09-01 01:50:34] [GATE-4-5] [INFO]   Gate 5 (compliance):     PASS (4/5)
[2026-09-01 01:50:34] [GATE-4-5] [INFO]   Compliance Report:       compliance_check_1788220197.json
[2026-09-01 01:50:34] [GATE-4-5] [INFO] =========================================
[2026-09-01 01:50:34] [GATE-4-5] [ERROR] Gate 4-5 FAILED: Compliance check failed
[2026-09-01 01:50:45] [GATE-4-5] [INFO] === Gate 4-5 Serial Verification ===
[2026-09-01 01:50:45] [GATE-4-5] [INFO] GATE 4: AP2 Merkle ledger anchoring...
[2026-09-01 01:50:45] [GATE-4-5] [INFO]   ✓ Collected       17 work receipts for Merkle tree
[2026-09-01 01:50:45] [GATE-4-5] [INFO]   ✓ AP2 Merkle tree entry created
[2026-09-01 01:50:45] [GATE-4-5] [INFO]   ✓ AP2 ledger entry integrity verified (SHA256: 5f7899d80f9b14ac...)
[2026-09-01 01:50:45] [GATE-4-5] [WARN]   ⚠ Could not stage AP2 ledger for commit
[2026-09-01 01:50:45] [GATE-4-5] [INFO] GATE 5: Final compliance check...
[2026-09-01 01:51:21] [GATE-4-5] [INFO]   ✓ Git policy compliance verified
[2026-09-01 01:51:21] [GATE-4-5] [INFO]   ✓ Found 4/7 proof artifacts
[2026-09-01 01:51:21] [GATE-4-5] [INFO]   ✓ Evidence integrity verified (      34 files)
[2026-09-01 01:51:21] [GATE-4-5] [INFO]   ✓ Session validation passed (1788220281s duration)
[2026-09-01 01:51:21] [GATE-4-5] [INFO] Compliance report written to: /Users/andriileukhin/Documents/SovereignNexus/.smaos/compliance_check_1788220245.json
[2026-09-01 01:51:21] [GATE-4-5] [INFO] =========================================
[2026-09-01 01:51:21] [GATE-4-5] [INFO] Gate 4-5 Summary:
[2026-09-01 01:51:21] [GATE-4-5] [INFO]   Gate 4 (AP2 anchor):     PASS (3/4)
[2026-09-01 01:51:21] [GATE-4-5] [INFO]   Gate 5 (compliance):     PASS (4/5)
[2026-09-01 01:51:21] [GATE-4-5] [INFO]   Compliance Report:       compliance_check_1788220245.json
[2026-09-01 01:51:21] [GATE-4-5] [INFO] =========================================
[2026-09-01 01:51:21] [GATE-4-5] [INFO] Gate 4-5 PASSED: Session compliance verified, ready for shutdown
[2026-09-01 01:51:25] [GATE-4-5] [INFO] === Gate 4-5 Serial Verification ===
[2026-09-01 01:51:25] [GATE-4-5] [INFO] GATE 4: AP2 Merkle ledger anchoring...
[2026-09-01 01:51:25] [GATE-4-5] [INFO]   ✓ Collected       26 work receipts for Merkle tree
[2026-09-01 01:51:25] [GATE-4-5] [INFO]   ✓ AP2 Merkle tree entry created
[2026-09-01 01:51:25] [GATE-4-5] [INFO]   ✓ AP2 ledger entry integrity verified (SHA256: 06c66628f76eb0a9...)
[2026-09-01 01:51:25] [GATE-4-5] [INFO]   ✓ AP2 ledger staged for commit
[2026-09-01 01:51:50] [GATE-4-5] [INFO]   ✓ AP2 ledger committed to git
[2026-09-01 01:51:50] [GATE-4-5] [INFO] GATE 5: Final compliance check...
[2026-09-01 01:53:41] [GATE-4-5] [INFO] === Gate 4-5 Serial Verification ===
[2026-09-01 01:53:41] [GATE-4-5] [INFO] GATE 4: AP2 Merkle ledger anchoring...
[2026-09-01 01:53:41] [GATE-4-5] [INFO]   ✓ Collected       51 work receipts for Merkle tree
[2026-09-01 01:53:41] [GATE-4-5] [INFO]   ✓ AP2 Merkle tree entry created
[2026-09-01 01:53:41] [GATE-4-5] [INFO]   ✓ AP2 ledger entry integrity verified (SHA256: 406f750203a66618...)
[2026-09-01 01:53:41] [GATE-4-5] [WARN]   ⚠ Could not stage AP2 ledger for commit
[2026-09-01 01:53:41] [GATE-4-5] [INFO] GATE 5: Final compliance check...
[2026-09-01 01:54:18] [GATE-4-5] [INFO]   ✓ Git policy compliance verified
[2026-09-01 01:54:18] [GATE-4-5] [INFO]   ✓ Found 4/7 proof artifacts
[2026-09-01 01:54:18] [GATE-4-5] [INFO]   ✓ Evidence integrity verified (      64 files)
[2026-09-01 01:54:18] [GATE-4-5] [INFO]   ✓ Session validation passed (1788220458s duration)
[2026-09-01 01:54:18] [GATE-4-5] [INFO] Compliance report written to: /Users/andriileukhin/Documents/SovereignNexus/.smaos/compliance_check_1788220421.json
[2026-09-01 01:54:18] [GATE-4-5] [INFO] =========================================
[2026-09-01 01:54:18] [GATE-4-5] [INFO] Gate 4-5 Summary:
[2026-09-01 01:54:18] [GATE-4-5] [INFO]   Gate 4 (AP2 anchor):     PASS (3/4)
[2026-09-01 01:54:18] [GATE-4-5] [INFO]   Gate 5 (compliance):     PASS (4/5)
[2026-09-01 01:54:18] [GATE-4-5] [INFO]   Compliance Report:       compliance_check_1788220421.json
[2026-09-01 01:54:18] [GATE-4-5] [INFO] =========================================
[2026-09-01 01:54:18] [GATE-4-5] [INFO] Gate 4-5 PASSED: Session compliance verified, ready for shutdown
[2026-09-01 01:55:56] [GATE-4-5] [INFO] === Gate 4-5 Serial Verification ===
[2026-09-01 01:55:56] [GATE-4-5] [INFO] GATE 4: AP2 Merkle ledger anchoring...
[2026-09-01 01:55:56] [GATE-4-5] [INFO]   ✓ Collected       60 work receipts for Merkle tree
[2026-09-01 01:55:56] [GATE-4-5] [INFO]   ✓ AP2 Merkle tree entry created
[2026-09-01 01:55:56] [GATE-4-5] [INFO]   ✓ AP2 ledger entry integrity verified (SHA256: d35e06e78f20f008...)
[2026-09-01 01:55:56] [GATE-4-5] [INFO]   ✓ AP2 ledger staged for commit
[2026-09-01 01:55:56] [GATE-4-5] [INFO]   ✓ AP2 ledger committed to git
[2026-09-01 01:55:56] [GATE-4-5] [INFO] GATE 5: Final compliance check...
[2026-09-01 01:56:33] [GATE-4-5] [INFO]   ✓ Git policy compliance verified
[2026-09-01 01:56:33] [GATE-4-5] [INFO]   ✓ Found 4/7 proof artifacts
[2026-09-01 01:56:33] [GATE-4-5] [INFO]   ✓ Evidence integrity verified (      69 files)
[2026-09-01 01:56:33] [GATE-4-5] [INFO]   ✓ Session validation passed (1788220593s duration)
[2026-09-01 01:56:33] [GATE-4-5] [INFO] Compliance report written to: /Users/andriileukhin/Documents/SovereignNexus/.smaos/compliance_check_1788220556.json
[2026-09-01 01:56:33] [GATE-4-5] [INFO] =========================================
[2026-09-01 01:56:33] [GATE-4-5] [INFO] Gate 4-5 Summary:
[2026-09-01 01:56:33] [GATE-4-5] [INFO]   Gate 4 (AP2 anchor):     PASS (4/4)
[2026-09-01 01:56:33] [GATE-4-5] [INFO]   Gate 5 (compliance):     PASS (4/5)
[2026-09-01 01:56:33] [GATE-4-5] [INFO]   Compliance Report:       compliance_check_1788220556.json
[2026-09-01 01:56:33] [GATE-4-5] [INFO] =========================================
[2026-09-01 01:56:33] [GATE-4-5] [INFO] Gate 4-5 PASSED: Session compliance verified, ready for shutdown
[2026-09-01 02:02:07] [GATE-4-5] [INFO] === Gate 4-5 Serial Verification ===
[2026-09-01 02:02:07] [GATE-4-5] [INFO] GATE 4: AP2 Merkle ledger anchoring...
[2026-09-01 02:02:07] [GATE-4-5] [INFO]   ✓ Collected       60 work receipts for Merkle tree
[2026-09-01 02:02:07] [GATE-4-5] [INFO]   ✓ AP2 Merkle tree entry created
[2026-09-01 02:02:07] [GATE-4-5] [INFO]   ✓ AP2 ledger entry integrity verified (SHA256: ecb6b128cc24256a...)
[2026-09-01 02:02:07] [GATE-4-5] [INFO]   ✓ AP2 ledger staged for commit
[2026-09-01 02:02:08] [GATE-4-5] [INFO]   ✓ AP2 ledger committed to git
[2026-09-01 02:02:08] [GATE-4-5] [INFO] GATE 5: Final compliance check...
[2026-09-01 02:02:44] [GATE-4-5] [INFO]   ✓ Git policy compliance verified
[2026-09-01 02:02:44] [GATE-4-5] [INFO]   ✓ Found 4/7 proof artifacts
[2026-09-01 02:02:44] [GATE-4-5] [INFO]   ✓ Evidence integrity verified (      69 files)
[2026-09-01 02:02:44] [GATE-4-5] [INFO]   ✓ Session validation passed (1788220964s duration)
[2026-09-01 02:02:44] [GATE-4-5] [INFO] Compliance report written to: /Users/andriileukhin/Documents/SovereignNexus/.smaos/compliance_check_1788220927.json
[2026-09-01 02:02:44] [GATE-4-5] [INFO] =========================================
[2026-09-01 02:02:44] [GATE-4-5] [INFO] Gate 4-5 Summary:
[2026-09-01 02:02:44] [GATE-4-5] [INFO]   Gate 4 (AP2 anchor):     PASS (4/4)
[2026-09-01 02:02:44] [GATE-4-5] [INFO]   Gate 5 (compliance):     PASS (4/5)
[2026-09-01 02:02:44] [GATE-4-5] [INFO]   Compliance Report:       compliance_check_1788220927.json
[2026-09-01 02:02:44] [GATE-4-5] [INFO] =========================================
[2026-09-01 02:02:44] [GATE-4-5] [INFO] Gate 4-5 PASSED: Session compliance verified, ready for shutdown
[2026-09-01 02:06:24] [GATE-4-5] [INFO] === Gate 4-5 Serial Verification ===
[2026-09-01 02:06:24] [GATE-4-5] [INFO] GATE 4: AP2 Merkle ledger anchoring...
[2026-09-01 02:06:24] [GATE-4-5] [INFO]   ✓ Collected       60 work receipts for Merkle tree
[2026-09-01 02:06:24] [GATE-4-5] [INFO]   ✓ AP2 Merkle tree entry created
[2026-09-01 02:06:24] [GATE-4-5] [INFO]   ✓ AP2 ledger entry integrity verified (SHA256: 7eab5fe4a096a2b7...)
[2026-09-01 02:06:24] [GATE-4-5] [INFO]   ✓ AP2 ledger staged for commit
[2026-09-01 02:06:25] [GATE-4-5] [INFO]   ✓ AP2 ledger committed to git
[2026-09-01 02:06:25] [GATE-4-5] [INFO] GATE 5: Final compliance check...
[2026-09-01 02:07:01] [GATE-4-5] [INFO]   ✓ Git policy compliance verified
[2026-09-01 02:07:01] [GATE-4-5] [INFO]   ✓ Found 4/7 proof artifacts
[2026-09-01 02:07:01] [GATE-4-5] [INFO]   ✓ Evidence integrity verified (      69 files)
[2026-09-01 02:07:01] [GATE-4-5] [INFO]   ✓ Session validation passed (1788221221s duration)
[2026-09-01 02:07:01] [GATE-4-5] [INFO] Compliance report written to: /Users/andriileukhin/Documents/SovereignNexus/.smaos/compliance_check_1788221184.json
[2026-09-01 02:07:01] [GATE-4-5] [INFO] =========================================
[2026-09-01 02:07:01] [GATE-4-5] [INFO] Gate 4-5 Summary:
[2026-09-01 02:07:01] [GATE-4-5] [INFO]   Gate 4 (AP2 anchor):     PASS (4/4)
[2026-09-01 02:07:01] [GATE-4-5] [INFO]   Gate 5 (compliance):     PASS (4/5)
[2026-09-01 02:07:01] [GATE-4-5] [INFO]   Compliance Report:       compliance_check_1788221184.json
[2026-09-01 02:07:01] [GATE-4-5] [INFO] =========================================
[2026-09-01 02:07:01] [GATE-4-5] [INFO] Gate 4-5 PASSED: Session compliance verified, ready for shutdown
[2026-09-01 02:09:28] [GATE-4-5] [INFO] === Gate 4-5 Serial Verification ===
[2026-09-01 02:09:28] [GATE-4-5] [INFO] GATE 4: AP2 Merkle ledger anchoring...
[2026-09-01 02:09:28] [GATE-4-5] [INFO]   ✓ Collected       80 work receipts for Merkle tree
[2026-09-01 02:09:28] [GATE-4-5] [INFO]   ✓ AP2 Merkle tree entry created
[2026-09-01 02:09:28] [GATE-4-5] [INFO]   ✓ AP2 ledger entry integrity verified (SHA256: 7e02979d1564663c...)
[2026-09-01 02:09:28] [GATE-4-5] [INFO]   ✓ AP2 ledger staged for commit
[2026-09-01 02:09:29] [GATE-4-5] [INFO]   ✓ AP2 ledger committed to git
[2026-09-01 02:09:29] [GATE-4-5] [INFO] GATE 5: Final compliance check...
[2026-09-01 02:10:05] [GATE-4-5] [INFO]   ✓ Git policy compliance verified
[2026-09-01 02:10:05] [GATE-4-5] [INFO]   ✓ Found 4/7 proof artifacts
[2026-09-01 02:10:05] [GATE-4-5] [INFO]   ✓ Evidence integrity verified (      89 files)
[2026-09-01 02:10:05] [GATE-4-5] [INFO]   ✓ Session validation passed (1788221405s duration)
[2026-09-01 02:10:05] [GATE-4-5] [INFO] Compliance report written to: /Users/andriileukhin/Documents/SovereignNexus/.smaos/compliance_check_1788221368.json
[2026-09-01 02:10:05] [GATE-4-5] [INFO] =========================================
[2026-09-01 02:10:05] [GATE-4-5] [INFO] Gate 4-5 Summary:
[2026-09-01 02:10:05] [GATE-4-5] [INFO]   Gate 4 (AP2 anchor):     PASS (4/4)
[2026-09-01 02:10:05] [GATE-4-5] [INFO]   Gate 5 (compliance):     PASS (4/5)
[2026-09-01 02:10:05] [GATE-4-5] [INFO]   Compliance Report:       compliance_check_1788221368.json
[2026-09-01 02:10:05] [GATE-4-5] [INFO] =========================================
[2026-09-01 02:10:05] [GATE-4-5] [INFO] Gate 4-5 PASSED: Session compliance verified, ready for shutdown
[2026-09-01 02:12:34] [GATE-4-5] [INFO] === Gate 4-5 Serial Verification ===
[2026-09-01 02:12:34] [GATE-4-5] [INFO] GATE 4: AP2 Merkle ledger anchoring...
[2026-09-01 02:12:34] [GATE-4-5] [INFO]   ✓ Collected       80 work receipts for Merkle tree
[2026-09-01 02:12:34] [GATE-4-5] [INFO]   ✓ AP2 Merkle tree entry created
[2026-09-01 02:12:34] [GATE-4-5] [INFO]   ✓ AP2 ledger entry integrity verified (SHA256: 6a2aa126f8eb181f...)
[2026-09-01 02:12:34] [GATE-4-5] [INFO]   ✓ AP2 ledger staged for commit
[2026-09-01 02:12:35] [GATE-4-5] [INFO]   ✓ AP2 ledger committed to git
[2026-09-01 02:12:35] [GATE-4-5] [INFO] GATE 5: Final compliance check...
[2026-09-01 02:13:11] [GATE-4-5] [INFO]   ✓ Git policy compliance verified
[2026-09-01 02:13:11] [GATE-4-5] [INFO]   ✓ Found 4/7 proof artifacts
[2026-09-01 02:13:11] [GATE-4-5] [INFO]   ✓ Evidence integrity verified (      89 files)
[2026-09-01 02:13:11] [GATE-4-5] [INFO]   ✓ Session validation passed (1788221591s duration)
[2026-09-01 02:13:11] [GATE-4-5] [INFO] Compliance report written to: /Users/andriileukhin/Documents/SovereignNexus/.smaos/compliance_check_1788221554.json
[2026-09-01 02:13:11] [GATE-4-5] [INFO] =========================================
[2026-09-01 02:13:11] [GATE-4-5] [INFO] Gate 4-5 Summary:
[2026-09-01 02:13:11] [GATE-4-5] [INFO]   Gate 4 (AP2 anchor):     PASS (4/4)
[2026-09-01 02:13:11] [GATE-4-5] [INFO]   Gate 5 (compliance):     PASS (4/5)
[2026-09-01 02:13:11] [GATE-4-5] [INFO]   Compliance Report:       compliance_check_1788221554.json
[2026-09-01 02:13:11] [GATE-4-5] [INFO] =========================================
[2026-09-01 02:13:11] [GATE-4-5] [INFO] Gate 4-5 PASSED: Session compliance verified, ready for shutdown
[2026-09-01 02:14:59] [GATE-4-5] [INFO] === Gate 4-5 Serial Verification ===
[2026-09-01 02:14:59] [GATE-4-5] [INFO] GATE 4: AP2 Merkle ledger anchoring...
[2026-09-01 02:14:59] [GATE-4-5] [INFO]   ✓ Collected       87 work receipts for Merkle tree
[2026-09-01 02:14:59] [GATE-4-5] [INFO]   ✓ AP2 Merkle tree entry created
[2026-09-01 02:14:59] [GATE-4-5] [INFO]   ✓ AP2 ledger entry integrity verified (SHA256: 7760176647f1e012...)
[2026-09-01 02:14:59] [GATE-4-5] [INFO]   ✓ AP2 ledger staged for commit
[2026-09-01 02:15:02] [GATE-4-5] [INFO]   ✓ AP2 ledger committed to git
[2026-09-01 02:15:02] [GATE-4-5] [INFO] GATE 5: Final compliance check...
[2026-09-01 02:15:40] [GATE-4-5] [INFO]   ✓ Git policy compliance verified
[2026-09-01 02:15:40] [GATE-4-5] [INFO]   ✓ Found 4/7 proof artifacts
[2026-09-01 02:15:40] [GATE-4-5] [INFO]   ✓ Evidence integrity verified (     105 files)
[2026-09-01 02:15:40] [GATE-4-5] [INFO]   ✓ Session validation passed (1788221740s duration)
[2026-09-01 02:15:40] [GATE-4-5] [INFO] Compliance report written to: /Users/andriileukhin/Documents/SovereignNexus/.smaos/compliance_check_1788221699.json
[2026-09-01 02:15:40] [GATE-4-5] [INFO] =========================================
[2026-09-01 02:15:40] [GATE-4-5] [INFO] Gate 4-5 Summary:
[2026-09-01 02:15:40] [GATE-4-5] [INFO]   Gate 4 (AP2 anchor):     PASS (4/4)
[2026-09-01 02:15:40] [GATE-4-5] [INFO]   Gate 5 (compliance):     PASS (4/5)
[2026-09-01 02:15:40] [GATE-4-5] [INFO]   Compliance Report:       compliance_check_1788221699.json
[2026-09-01 02:15:40] [GATE-4-5] [INFO] =========================================
[2026-09-01 02:15:40] [GATE-4-5] [INFO] Gate 4-5 PASSED: Session compliance verified, ready for shutdown
[2026-09-01 02:16:52] [GATE-4-5] [INFO] === Gate 4-5 Serial Verification ===
[2026-09-01 02:16:52] [GATE-4-5] [INFO] GATE 4: AP2 Merkle ledger anchoring...
[2026-09-01 02:16:52] [GATE-4-5] [INFO]   ✓ Collected      121 work receipts for Merkle tree
[2026-09-01 02:16:52] [GATE-4-5] [INFO]   ✓ AP2 Merkle tree entry created
[2026-09-01 02:16:52] [GATE-4-5] [INFO]   ✓ AP2 ledger entry integrity verified (SHA256: 63c1627f87423fb3...)
[2026-09-01 02:16:52] [GATE-4-5] [WARN]   ⚠ Could not stage AP2 ledger for commit
[2026-09-01 02:16:52] [GATE-4-5] [INFO] GATE 5: Final compliance check...
[2026-09-01 02:17:27] [GATE-4-5] [INFO]   ✓ Git policy compliance verified
[2026-09-01 02:17:27] [GATE-4-5] [INFO]   ✓ Found 4/7 proof artifacts
[2026-09-01 02:17:27] [GATE-4-5] [INFO]   ✓ Evidence integrity verified (     135 files)
[2026-09-01 02:17:27] [GATE-4-5] [INFO]   ✓ Session validation passed (1788221847s duration)
[2026-09-01 02:17:27] [GATE-4-5] [INFO] Compliance report written to: /Users/andriileukhin/Documents/SovereignNexus/.smaos/compliance_check_1788221812.json
[2026-09-01 02:17:27] [GATE-4-5] [INFO] =========================================
[2026-09-01 02:17:27] [GATE-4-5] [INFO] Gate 4-5 Summary:
[2026-09-01 02:17:27] [GATE-4-5] [INFO]   Gate 4 (AP2 anchor):     PASS (3/4)
[2026-09-01 02:17:27] [GATE-4-5] [INFO]   Gate 5 (compliance):     PASS (4/5)
[2026-09-01 02:17:27] [GATE-4-5] [INFO]   Compliance Report:       compliance_check_1788221812.json
[2026-09-01 02:17:27] [GATE-4-5] [INFO] =========================================
[2026-09-01 02:17:27] [GATE-4-5] [INFO] Gate 4-5 PASSED: Session compliance verified, ready for shutdown
[2026-09-01 02:17:32] [GATE-4-5] [INFO] === Gate 4-5 Serial Verification ===
[2026-09-01 02:17:32] [GATE-4-5] [INFO] GATE 4: AP2 Merkle ledger anchoring...
[2026-09-01 02:17:32] [GATE-4-5] [INFO]   ✓ Collected      126 work receipts for Merkle tree
[2026-09-01 02:17:32] [GATE-4-5] [INFO]   ✓ AP2 Merkle tree entry created
[2026-09-01 02:17:32] [GATE-4-5] [INFO]   ✓ AP2 ledger entry integrity verified (SHA256: 86bd7fd12475a941...)
[2026-09-01 02:17:32] [GATE-4-5] [INFO]   ✓ AP2 ledger staged for commit
[2026-09-01 02:17:34] [GATE-4-5] [INFO]   ✓ AP2 ledger committed to git
[2026-09-01 02:17:34] [GATE-4-5] [INFO] GATE 5: Final compliance check...
[2026-09-01 02:18:10] [GATE-4-5] [INFO]   ✓ Git policy compliance verified
[2026-09-01 02:18:10] [GATE-4-5] [INFO]   ✓ Found 4/7 proof artifacts
[2026-09-01 02:18:10] [GATE-4-5] [INFO]   ✓ Evidence integrity verified (     140 files)
[2026-09-01 02:18:10] [GATE-4-5] [INFO]   ✓ Session validation passed (1788221890s duration)
[2026-09-01 02:18:10] [GATE-4-5] [INFO] Compliance report written to: /Users/andriileukhin/Documents/SovereignNexus/.smaos/compliance_check_1788221852.json
[2026-09-01 02:18:10] [GATE-4-5] [INFO] =========================================
[2026-09-01 02:18:10] [GATE-4-5] [INFO] Gate 4-5 Summary:
[2026-09-01 02:18:10] [GATE-4-5] [INFO]   Gate 4 (AP2 anchor):     PASS (4/4)
[2026-09-01 02:18:10] [GATE-4-5] [INFO]   Gate 5 (compliance):     PASS (4/5)
[2026-09-01 02:18:10] [GATE-4-5] [INFO]   Compliance Report:       compliance_check_1788221852.json
[2026-09-01 02:18:10] [GATE-4-5] [INFO] =========================================
[2026-09-01 02:18:10] [GATE-4-5] [INFO] Gate 4-5 PASSED: Session compliance verified, ready for shutdown
[2026-09-01 02:19:49] [GATE-4-5] [INFO] === Gate 4-5 Serial Verification ===
[2026-09-01 02:19:49] [GATE-4-5] [INFO] GATE 4: AP2 Merkle ledger anchoring...
[2026-09-01 02:19:49] [GATE-4-5] [INFO]   ✓ Collected      145 work receipts for Merkle tree
[2026-09-01 02:19:49] [GATE-4-5] [INFO]   ✓ AP2 Merkle tree entry created
[2026-09-01 02:19:49] [GATE-4-5] [INFO]   ✓ AP2 ledger entry integrity verified (SHA256: 670c7335818cb25f...)
[2026-09-01 02:19:49] [GATE-4-5] [INFO]   ✓ AP2 ledger staged for commit
[2026-09-01 02:19:51] [GATE-4-5] [INFO]   ✓ AP2 ledger committed to git
[2026-09-01 02:19:51] [GATE-4-5] [INFO] GATE 5: Final compliance check...
[2026-09-01 02:20:27] [GATE-4-5] [INFO]   ✓ Git policy compliance verified
[2026-09-01 02:20:27] [GATE-4-5] [INFO]   ✓ Found 4/7 proof artifacts
[2026-09-01 02:20:27] [GATE-4-5] [INFO]   ✓ Evidence integrity verified (     154 files)
[2026-09-01 02:20:27] [GATE-4-5] [INFO]   ✓ Session validation passed (1788222027s duration)
[2026-09-01 02:20:27] [GATE-4-5] [INFO] Compliance report written to: /Users/andriileukhin/Documents/SovereignNexus/.smaos/compliance_check_1788221989.json
[2026-09-01 02:20:27] [GATE-4-5] [INFO] =========================================
[2026-09-01 02:20:27] [GATE-4-5] [INFO] Gate 4-5 Summary:
[2026-09-01 02:20:27] [GATE-4-5] [INFO]   Gate 4 (AP2 anchor):     PASS (4/4)
[2026-09-01 02:20:27] [GATE-4-5] [INFO]   Gate 5 (compliance):     PASS (4/5)
[2026-09-01 02:20:27] [GATE-4-5] [INFO]   Compliance Report:       compliance_check_1788221989.json
[2026-09-01 02:20:27] [GATE-4-5] [INFO] =========================================
[2026-09-01 02:20:27] [GATE-4-5] [INFO] Gate 4-5 PASSED: Session compliance verified, ready for shutdown
[2026-09-01 02:24:03] [GATE-4-5] [INFO] === Gate 4-5 Serial Verification ===
[2026-09-01 02:24:03] [GATE-4-5] [INFO] GATE 4: AP2 Merkle ledger anchoring...
[2026-09-01 02:24:03] [GATE-4-5] [INFO]   ✓ Collected      146 work receipts for Merkle tree
[2026-09-01 02:24:03] [GATE-4-5] [INFO]   ✓ AP2 Merkle tree entry created
[2026-09-01 02:24:03] [GATE-4-5] [INFO]   ✓ AP2 ledger entry integrity verified (SHA256: 596f04a06a75b3e0...)
[2026-09-01 02:24:03] [GATE-4-5] [INFO]   ✓ AP2 ledger staged for commit
[2026-09-01 02:24:04] [GATE-4-5] [INFO]   ✓ AP2 ledger committed to git
[2026-09-01 02:24:04] [GATE-4-5] [INFO] GATE 5: Final compliance check...
[2026-09-01 02:24:39] [GATE-4-5] [INFO]   ✓ Git policy compliance verified
[2026-09-01 02:24:39] [GATE-4-5] [INFO]   ✓ Found 4/7 proof artifacts
[2026-09-01 02:24:39] [GATE-4-5] [INFO]   ✓ Evidence integrity verified (     155 files)
[2026-09-01 02:24:39] [GATE-4-5] [INFO]   ✓ Session validation passed (1788222279s duration)
[2026-09-01 02:24:39] [GATE-4-5] [INFO] Compliance report written to: /Users/andriileukhin/Documents/SovereignNexus/.smaos/compliance_check_1788222243.json
[2026-09-01 02:24:39] [GATE-4-5] [INFO] =========================================
[2026-09-01 02:24:39] [GATE-4-5] [INFO] Gate 4-5 Summary:
[2026-09-01 02:24:39] [GATE-4-5] [INFO]   Gate 4 (AP2 anchor):     PASS (4/4)
[2026-09-01 02:24:39] [GATE-4-5] [INFO]   Gate 5 (compliance):     PASS (4/5)
[2026-09-01 02:24:39] [GATE-4-5] [INFO]   Compliance Report:       compliance_check_1788222243.json
[2026-09-01 02:24:39] [GATE-4-5] [INFO] =========================================
[2026-09-01 02:24:39] [GATE-4-5] [INFO] Gate 4-5 PASSED: Session compliance verified, ready for shutdown
[2026-09-01 02:25:37] [GATE-4-5] [INFO] === Gate 4-5 Serial Verification ===
[2026-09-01 02:25:37] [GATE-4-5] [INFO] GATE 4: AP2 Merkle ledger anchoring...
[2026-09-01 02:25:37] [GATE-4-5] [INFO]   ✓ Collected      146 work receipts for Merkle tree
[2026-09-01 02:25:37] [GATE-4-5] [INFO]   ✓ AP2 Merkle tree entry created
[2026-09-01 02:25:37] [GATE-4-5] [INFO]   ✓ AP2 ledger entry integrity verified (SHA256: 6696fe9a2eac3fbe...)
[2026-09-01 02:25:37] [GATE-4-5] [INFO]   ✓ AP2 ledger staged for commit
[2026-09-01 02:25:38] [GATE-4-5] [INFO]   ✓ AP2 ledger committed to git
[2026-09-01 02:25:38] [GATE-4-5] [INFO] GATE 5: Final compliance check...
[2026-09-01 02:26:13] [GATE-4-5] [INFO]   ✓ Git policy compliance verified
[2026-09-01 02:26:13] [GATE-4-5] [INFO]   ✓ Found 4/7 proof artifacts
[2026-09-01 02:26:13] [GATE-4-5] [INFO]   ✓ Evidence integrity verified (     155 files)
[2026-09-01 02:26:13] [GATE-4-5] [INFO]   ✓ Session validation passed (1788222373s duration)
[2026-09-01 02:26:13] [GATE-4-5] [INFO] Compliance report written to: /Users/andriileukhin/Documents/SovereignNexus/.smaos/compliance_check_1788222337.json
[2026-09-01 02:26:13] [GATE-4-5] [INFO] =========================================
[2026-09-01 02:26:13] [GATE-4-5] [INFO] Gate 4-5 Summary:
[2026-09-01 02:26:13] [GATE-4-5] [INFO]   Gate 4 (AP2 anchor):     PASS (4/4)
[2026-09-01 02:26:13] [GATE-4-5] [INFO]   Gate 5 (compliance):     PASS (4/5)
[2026-09-01 02:26:13] [GATE-4-5] [INFO]   Compliance Report:       compliance_check_1788222337.json
[2026-09-01 02:26:13] [GATE-4-5] [INFO] =========================================
[2026-09-01 02:26:13] [GATE-4-5] [INFO] Gate 4-5 PASSED: Session compliance verified, ready for shutdown
[2026-09-01 02:26:21] [GATE-4-5] [INFO] === Gate 4-5 Serial Verification ===
[2026-09-01 02:26:21] [GATE-4-5] [INFO] GATE 4: AP2 Merkle ledger anchoring...
[2026-09-01 02:26:21] [GATE-4-5] [INFO]   ✓ Collected      146 work receipts for Merkle tree
[2026-09-01 02:26:21] [GATE-4-5] [INFO]   ✓ AP2 Merkle tree entry created
[2026-09-01 02:26:21] [GATE-4-5] [INFO]   ✓ AP2 ledger entry integrity verified (SHA256: b4a1f35f4ed021b7...)
[2026-09-01 02:26:21] [GATE-4-5] [INFO]   ✓ AP2 ledger staged for commit
[2026-09-01 02:26:22] [GATE-4-5] [INFO]   ✓ AP2 ledger committed to git
[2026-09-01 02:26:22] [GATE-4-5] [INFO] GATE 5: Final compliance check...
[2026-09-01 02:26:57] [GATE-4-5] [INFO]   ✓ Git policy compliance verified
[2026-09-01 02:26:57] [GATE-4-5] [INFO]   ✓ Found 4/7 proof artifacts
[2026-09-01 02:26:57] [GATE-4-5] [INFO]   ✓ Evidence integrity verified (     155 files)
[2026-09-01 02:26:57] [GATE-4-5] [INFO]   ✓ Session validation passed (1788222417s duration)
[2026-09-01 02:26:57] [GATE-4-5] [INFO] Compliance report written to: /Users/andriileukhin/Documents/SovereignNexus/.smaos/compliance_check_1788222381.json
[2026-09-01 02:26:57] [GATE-4-5] [INFO] =========================================
[2026-09-01 02:26:57] [GATE-4-5] [INFO] Gate 4-5 Summary:
[2026-09-01 02:26:57] [GATE-4-5] [INFO]   Gate 4 (AP2 anchor):     PASS (4/4)
[2026-09-01 02:26:57] [GATE-4-5] [INFO]   Gate 5 (compliance):     PASS (4/5)
[2026-09-01 02:26:57] [GATE-4-5] [INFO]   Compliance Report:       compliance_check_1788222381.json
[2026-09-01 02:26:57] [GATE-4-5] [INFO] =========================================
[2026-09-01 02:26:57] [GATE-4-5] [INFO] Gate 4-5 PASSED: Session compliance verified, ready for shutdown
[2026-09-01 02:28:35] [GATE-4-5] [INFO] === Gate 4-5 Serial Verification ===
[2026-09-01 02:28:35] [GATE-4-5] [INFO] GATE 4: AP2 Merkle ledger anchoring...
[2026-09-01 02:28:35] [GATE-4-5] [INFO]   ✓ Collected      146 work receipts for Merkle tree
[2026-09-01 02:28:35] [GATE-4-5] [INFO]   ✓ AP2 Merkle tree entry created
[2026-09-01 02:28:35] [GATE-4-5] [INFO]   ✓ AP2 ledger entry integrity verified (SHA256: 95ea9f0eaa6f88cc...)
[2026-09-01 02:28:35] [GATE-4-5] [INFO]   ✓ AP2 ledger staged for commit
[2026-09-01 02:28:36] [GATE-4-5] [INFO]   ✓ AP2 ledger committed to git
[2026-09-01 02:28:36] [GATE-4-5] [INFO] GATE 5: Final compliance check...
[2026-09-01 02:29:12] [GATE-4-5] [INFO]   ✓ Git policy compliance verified
[2026-09-01 02:29:12] [GATE-4-5] [INFO]   ✓ Found 4/7 proof artifacts
[2026-09-01 02:29:12] [GATE-4-5] [INFO]   ✓ Evidence integrity verified (     155 files)
[2026-09-01 02:29:12] [GATE-4-5] [INFO]   ✓ Session validation passed (1788222552s duration)
[2026-09-01 02:29:12] [GATE-4-5] [INFO] Compliance report written to: /Users/andriileukhin/Documents/SovereignNexus/.smaos/compliance_check_1788222515.json
[2026-09-01 02:29:12] [GATE-4-5] [INFO] =========================================
[2026-09-01 02:29:12] [GATE-4-5] [INFO] Gate 4-5 Summary:
[2026-09-01 02:29:12] [GATE-4-5] [INFO]   Gate 4 (AP2 anchor):     PASS (4/4)
[2026-09-01 02:29:12] [GATE-4-5] [INFO]   Gate 5 (compliance):     PASS (4/5)
[2026-09-01 02:29:12] [GATE-4-5] [INFO]   Compliance Report:       compliance_check_1788222515.json
[2026-09-01 02:29:12] [GATE-4-5] [INFO] =========================================
[2026-09-01 02:29:12] [GATE-4-5] [INFO] Gate 4-5 PASSED: Session compliance verified, ready for shutdown
[2026-09-01 02:36:08] [GATE-4-5] [INFO] === Gate 4-5 Serial Verification ===
[2026-09-01 02:36:08] [GATE-4-5] [INFO] GATE 4: AP2 Merkle ledger anchoring...
[2026-09-01 02:36:08] [GATE-4-5] [INFO]   ✓ Collected      149 work receipts for Merkle tree
[2026-09-01 02:36:08] [GATE-4-5] [INFO]   ✓ AP2 Merkle tree entry created
[2026-09-01 02:36:08] [GATE-4-5] [INFO]   ✓ AP2 ledger entry integrity verified (SHA256: 892b2a72d482d876...)
[2026-09-01 02:36:08] [GATE-4-5] [INFO]   ✓ AP2 ledger staged for commit
[2026-09-01 02:36:09] [GATE-4-5] [INFO]   ✓ AP2 ledger committed to git
[2026-09-01 02:36:09] [GATE-4-5] [INFO] GATE 5: Final compliance check...
[2026-09-01 02:36:44] [GATE-4-5] [INFO]   ✓ Git policy compliance verified
[2026-09-01 02:36:44] [GATE-4-5] [INFO]   ✓ Found 4/7 proof artifacts
[2026-09-01 02:36:44] [GATE-4-5] [INFO]   ✓ Evidence integrity verified (     158 files)
[2026-09-01 02:36:44] [GATE-4-5] [INFO]   ✓ Session validation passed (1788223004s duration)
[2026-09-01 02:36:44] [GATE-4-5] [INFO] Compliance report written to: /Users/andriileukhin/Documents/SovereignNexus/.smaos/compliance_check_1788222968.json
[2026-09-01 02:36:44] [GATE-4-5] [INFO] =========================================
[2026-09-01 02:36:44] [GATE-4-5] [INFO] Gate 4-5 Summary:
[2026-09-01 02:36:44] [GATE-4-5] [INFO]   Gate 4 (AP2 anchor):     PASS (4/4)
[2026-09-01 02:36:44] [GATE-4-5] [INFO]   Gate 5 (compliance):     PASS (4/5)
[2026-09-01 02:36:44] [GATE-4-5] [INFO]   Compliance Report:       compliance_check_1788222968.json
[2026-09-01 02:36:44] [GATE-4-5] [INFO] =========================================
[2026-09-01 02:36:44] [GATE-4-5] [INFO] Gate 4-5 PASSED: Session compliance verified, ready for shutdown
[2026-09-01 02:40:18] [GATE-4-5] [INFO] === Gate 4-5 Serial Verification ===
[2026-09-01 02:40:18] [GATE-4-5] [INFO] GATE 4: AP2 Merkle ledger anchoring...
[2026-09-01 02:40:18] [GATE-4-5] [INFO]   ✓ Collected      152 work receipts for Merkle tree
[2026-09-01 02:40:18] [GATE-4-5] [INFO]   ✓ AP2 Merkle tree entry created
[2026-09-01 02:40:18] [GATE-4-5] [INFO]   ✓ AP2 ledger entry integrity verified (SHA256: e429153520c66a60...)
[2026-09-01 02:40:18] [GATE-4-5] [INFO]   ✓ AP2 ledger staged for commit
[2026-09-01 02:40:19] [GATE-4-5] [INFO]   ✓ AP2 ledger committed to git
[2026-09-01 02:40:19] [GATE-4-5] [INFO] GATE 5: Final compliance check...
[2026-09-01 02:40:54] [GATE-4-5] [INFO]   ✓ Git policy compliance verified
[2026-09-01 02:40:54] [GATE-4-5] [INFO]   ✓ Found 4/7 proof artifacts
[2026-09-01 02:40:54] [GATE-4-5] [INFO]   ✓ Evidence integrity verified (     161 files)
[2026-09-01 02:40:54] [GATE-4-5] [INFO]   ✓ Session validation passed (1788223254s duration)
[2026-09-01 02:40:54] [GATE-4-5] [INFO] Compliance report written to: /Users/andriileukhin/Documents/SovereignNexus/.smaos/compliance_check_1788223218.json
[2026-09-01 02:40:54] [GATE-4-5] [INFO] =========================================
[2026-09-01 02:40:54] [GATE-4-5] [INFO] Gate 4-5 Summary:
[2026-09-01 02:40:54] [GATE-4-5] [INFO]   Gate 4 (AP2 anchor):     PASS (4/4)
[2026-09-01 02:40:54] [GATE-4-5] [INFO]   Gate 5 (compliance):     PASS (4/5)
[2026-09-01 02:40:54] [GATE-4-5] [INFO]   Compliance Report:       compliance_check_1788223218.json
[2026-09-01 02:40:54] [GATE-4-5] [INFO] =========================================
[2026-09-01 02:40:54] [GATE-4-5] [INFO] Gate 4-5 PASSED: Session compliance verified, ready for shutdown
[2026-09-01 02:41:22] [GATE-4-5] [INFO] === Gate 4-5 Serial Verification ===
[2026-09-01 02:41:22] [GATE-4-5] [INFO] GATE 4: AP2 Merkle ledger anchoring...
[2026-09-01 02:41:22] [GATE-4-5] [INFO]   ✓ Collected      152 work receipts for Merkle tree
[2026-09-01 02:41:22] [GATE-4-5] [INFO]   ✓ AP2 Merkle tree entry created
[2026-09-01 02:41:22] [GATE-4-5] [INFO]   ✓ AP2 ledger entry integrity verified (SHA256: ff5b8cb81a4cd9a5...)
[2026-09-01 02:41:22] [GATE-4-5] [INFO]   ✓ AP2 ledger staged for commit
[2026-09-01 02:41:23] [GATE-4-5] [INFO]   ✓ AP2 ledger committed to git
[2026-09-01 02:41:23] [GATE-4-5] [INFO] GATE 5: Final compliance check...
[2026-09-01 02:41:58] [GATE-4-5] [INFO]   ✓ Git policy compliance verified
[2026-09-01 02:41:58] [GATE-4-5] [INFO]   ✓ Found 4/7 proof artifacts
[2026-09-01 02:41:58] [GATE-4-5] [INFO]   ✓ Evidence integrity verified (     161 files)
[2026-09-01 02:41:58] [GATE-4-5] [INFO]   ✓ Session validation passed (1788223318s duration)
[2026-09-01 02:41:58] [GATE-4-5] [INFO] Compliance report written to: /Users/andriileukhin/Documents/SovereignNexus/.smaos/compliance_check_1788223282.json
[2026-09-01 02:41:58] [GATE-4-5] [INFO] =========================================
[2026-09-01 02:41:58] [GATE-4-5] [INFO] Gate 4-5 Summary:
[2026-09-01 02:41:58] [GATE-4-5] [INFO]   Gate 4 (AP2 anchor):     PASS (4/4)
[2026-09-01 02:41:58] [GATE-4-5] [INFO]   Gate 5 (compliance):     PASS (4/5)
[2026-09-01 02:41:58] [GATE-4-5] [INFO]   Compliance Report:       compliance_check_1788223282.json
[2026-09-01 02:41:58] [GATE-4-5] [INFO] =========================================
[2026-09-01 02:41:58] [GATE-4-5] [INFO] Gate 4-5 PASSED: Session compliance verified, ready for shutdown
[2026-09-01 02:45:11] [GATE-4-5] [INFO] === Gate 4-5 Serial Verification ===
[2026-09-01 02:45:11] [GATE-4-5] [INFO] GATE 4: AP2 Merkle ledger anchoring...
[2026-09-01 02:45:11] [GATE-4-5] [INFO]   ✓ Collected      155 work receipts for Merkle tree
[2026-09-01 02:45:11] [GATE-4-5] [INFO]   ✓ AP2 Merkle tree entry created
[2026-09-01 02:45:11] [GATE-4-5] [INFO]   ✓ AP2 ledger entry integrity verified (SHA256: ce1c2bdaee06669a...)
[2026-09-01 02:45:11] [GATE-4-5] [INFO]   ✓ AP2 ledger staged for commit
[2026-09-01 02:45:12] [GATE-4-5] [INFO]   ✓ AP2 ledger committed to git
[2026-09-01 02:45:12] [GATE-4-5] [INFO] GATE 5: Final compliance check...
[2026-09-01 02:45:48] [GATE-4-5] [INFO]   ✓ Git policy compliance verified
[2026-09-01 02:45:48] [GATE-4-5] [INFO]   ✓ Found 4/7 proof artifacts
[2026-09-01 02:45:48] [GATE-4-5] [INFO]   ✓ Evidence integrity verified (     164 files)
[2026-09-01 02:45:48] [GATE-4-5] [INFO]   ✓ Session validation passed (1788223548s duration)
[2026-09-01 02:45:48] [GATE-4-5] [INFO] Compliance report written to: /Users/andriileukhin/Documents/SovereignNexus/.smaos/compliance_check_1788223511.json
[2026-09-01 02:45:48] [GATE-4-5] [INFO] =========================================
[2026-09-01 02:45:48] [GATE-4-5] [INFO] Gate 4-5 Summary:
[2026-09-01 02:45:48] [GATE-4-5] [INFO]   Gate 4 (AP2 anchor):     PASS (4/4)
[2026-09-01 02:45:48] [GATE-4-5] [INFO]   Gate 5 (compliance):     PASS (4/5)
[2026-09-01 02:45:48] [GATE-4-5] [INFO]   Compliance Report:       compliance_check_1788223511.json
[2026-09-01 02:45:48] [GATE-4-5] [INFO] =========================================
[2026-09-01 02:45:48] [GATE-4-5] [INFO] Gate 4-5 PASSED: Session compliance verified, ready for shutdown
[2026-09-01 02:52:40] [GATE-4-5] [INFO] === Gate 4-5 Serial Verification ===
[2026-09-01 02:52:40] [GATE-4-5] [INFO] GATE 4: AP2 Merkle ledger anchoring...
[2026-09-01 02:52:40] [GATE-4-5] [INFO]   ✓ Collected      155 work receipts for Merkle tree
[2026-09-01 02:52:40] [GATE-4-5] [INFO]   ✓ AP2 Merkle tree entry created
[2026-09-01 02:52:40] [GATE-4-5] [INFO]   ✓ AP2 ledger entry integrity verified (SHA256: 88ba13325662bc6e...)
[2026-09-01 02:52:40] [GATE-4-5] [INFO]   ✓ AP2 ledger staged for commit
[2026-09-01 02:52:42] [GATE-4-5] [INFO]   ✓ AP2 ledger committed to git
[2026-09-01 02:52:42] [GATE-4-5] [INFO] GATE 5: Final compliance check...
[2026-09-01 02:53:17] [GATE-4-5] [INFO]   ✓ Git policy compliance verified
[2026-09-01 02:53:17] [GATE-4-5] [INFO]   ✓ Found 4/7 proof artifacts
[2026-09-01 02:53:17] [GATE-4-5] [INFO]   ✓ Evidence integrity verified (     164 files)
[2026-09-01 02:53:17] [GATE-4-5] [INFO]   ✓ Session validation passed (1788223997s duration)
[2026-09-01 02:53:17] [GATE-4-5] [INFO] Compliance report written to: /Users/andriileukhin/Documents/SovereignNexus/.smaos/compliance_check_1788223960.json
[2026-09-01 02:53:17] [GATE-4-5] [INFO] =========================================
[2026-09-01 02:53:17] [GATE-4-5] [INFO] Gate 4-5 Summary:
[2026-09-01 02:53:17] [GATE-4-5] [INFO]   Gate 4 (AP2 anchor):     PASS (4/4)
[2026-09-01 02:53:17] [GATE-4-5] [INFO]   Gate 5 (compliance):     PASS (4/5)
[2026-09-01 02:53:17] [GATE-4-5] [INFO]   Compliance Report:       compliance_check_1788223960.json
[2026-09-01 02:53:17] [GATE-4-5] [INFO] =========================================
[2026-09-01 02:53:17] [GATE-4-5] [INFO] Gate 4-5 PASSED: Session compliance verified, ready for shutdown
[2026-09-01 02:54:47] [GATE-4-5] [INFO] === Gate 4-5 Serial Verification ===
[2026-09-01 02:54:47] [GATE-4-5] [INFO] GATE 4: AP2 Merkle ledger anchoring...
[2026-09-01 02:54:47] [GATE-4-5] [INFO]   ✓ Collected      155 work receipts for Merkle tree
[2026-09-01 02:54:47] [GATE-4-5] [INFO]   ✓ AP2 Merkle tree entry created
[2026-09-01 02:54:47] [GATE-4-5] [INFO]   ✓ AP2 ledger entry integrity verified (SHA256: dd04f6058ab295d3...)
[2026-09-01 02:54:47] [GATE-4-5] [INFO]   ✓ AP2 ledger staged for commit
[2026-09-01 02:54:49] [GATE-4-5] [INFO]   ✓ AP2 ledger committed to git
[2026-09-01 02:54:49] [GATE-4-5] [INFO] GATE 5: Final compliance check...
[2026-09-01 02:55:24] [GATE-4-5] [INFO]   ✓ Git policy compliance verified
[2026-09-01 02:55:24] [GATE-4-5] [INFO]   ✓ Found 4/7 proof artifacts
[2026-09-01 02:55:24] [GATE-4-5] [INFO]   ✓ Evidence integrity verified (     164 files)
[2026-09-01 02:55:24] [GATE-4-5] [INFO]   ✓ Session validation passed (1788224124s duration)
[2026-09-01 02:55:24] [GATE-4-5] [INFO] Compliance report written to: /Users/andriileukhin/Documents/SovereignNexus/.smaos/compliance_check_1788224087.json
[2026-09-01 02:55:24] [GATE-4-5] [INFO] =========================================
[2026-09-01 02:55:24] [GATE-4-5] [INFO] Gate 4-5 Summary:
[2026-09-01 02:55:24] [GATE-4-5] [INFO]   Gate 4 (AP2 anchor):     PASS (4/4)
[2026-09-01 02:55:24] [GATE-4-5] [INFO]   Gate 5 (compliance):     PASS (4/5)
[2026-09-01 02:55:24] [GATE-4-5] [INFO]   Compliance Report:       compliance_check_1788224087.json
[2026-09-01 02:55:24] [GATE-4-5] [INFO] =========================================
[2026-09-01 02:55:24] [GATE-4-5] [INFO] Gate 4-5 PASSED: Session compliance verified, ready for shutdown
[2026-09-01 02:59:36] [GATE-4-5] [INFO] === Gate 4-5 Serial Verification ===
[2026-09-01 02:59:36] [GATE-4-5] [INFO] GATE 4: AP2 Merkle ledger anchoring...
[2026-09-01 02:59:36] [GATE-4-5] [INFO]   ✓ Collected      156 work receipts for Merkle tree
[2026-09-01 02:59:36] [GATE-4-5] [INFO]   ✓ AP2 Merkle tree entry created
[2026-09-01 02:59:36] [GATE-4-5] [INFO]   ✓ AP2 ledger entry integrity verified (SHA256: 41f6de2e88756be9...)
[2026-09-01 02:59:36] [GATE-4-5] [WARN]   ⚠ Could not stage AP2 ledger for commit
[2026-09-01 02:59:36] [GATE-4-5] [INFO] GATE 5: Final compliance check...
[2026-09-01 03:00:12] [GATE-4-5] [INFO]   ✓ Git policy compliance verified
[2026-09-01 03:00:12] [GATE-4-5] [INFO]   ✓ Found 4/7 proof artifacts
[2026-09-01 03:00:12] [GATE-4-5] [INFO]   ✓ Evidence integrity verified (     165 files)
[2026-09-01 03:00:12] [GATE-4-5] [INFO]   ✓ Session validation passed (1788224412s duration)
[2026-09-01 03:00:12] [GATE-4-5] [INFO] Compliance report written to: /Users/andriileukhin/Documents/SovereignNexus/.smaos/compliance_check_1788224376.json
[2026-09-01 03:00:12] [GATE-4-5] [INFO] =========================================
[2026-09-01 03:00:12] [GATE-4-5] [INFO] Gate 4-5 Summary:
[2026-09-01 03:00:12] [GATE-4-5] [INFO]   Gate 4 (AP2 anchor):     PASS (3/4)
[2026-09-01 03:00:12] [GATE-4-5] [INFO]   Gate 5 (compliance):     PASS (4/5)
[2026-09-01 03:00:12] [GATE-4-5] [INFO]   Compliance Report:       compliance_check_1788224376.json
[2026-09-01 03:00:12] [GATE-4-5] [INFO] =========================================
[2026-09-01 03:00:12] [GATE-4-5] [INFO] Gate 4-5 PASSED: Session compliance verified, ready for shutdown
[2026-09-01 03:01:12] [GATE-4-5] [INFO] === Gate 4-5 Serial Verification ===
[2026-09-01 03:01:12] [GATE-4-5] [INFO] GATE 4: AP2 Merkle ledger anchoring...
[2026-09-01 03:01:12] [GATE-4-5] [INFO]   ✓ Collected      158 work receipts for Merkle tree
[2026-09-01 03:01:12] [GATE-4-5] [INFO]   ✓ AP2 Merkle tree entry created
[2026-09-01 03:01:12] [GATE-4-5] [INFO]   ✓ AP2 ledger entry integrity verified (SHA256: 37b79b08f6ac9975...)
[2026-09-01 03:01:12] [GATE-4-5] [INFO]   ✓ AP2 ledger staged for commit
[2026-09-01 03:01:14] [GATE-4-5] [INFO]   ✓ AP2 ledger committed to git
[2026-09-01 03:01:14] [GATE-4-5] [INFO] GATE 5: Final compliance check...
[2026-09-01 03:01:50] [GATE-4-5] [INFO]   ✓ Git policy compliance verified
[2026-09-01 03:01:50] [GATE-4-5] [INFO]   ✓ Found 4/7 proof artifacts
[2026-09-01 03:01:50] [GATE-4-5] [INFO]   ✓ Evidence integrity verified (     167 files)
[2026-09-01 03:01:50] [GATE-4-5] [INFO]   ✓ Session validation passed (1788224510s duration)
[2026-09-01 03:01:50] [GATE-4-5] [INFO] Compliance report written to: /Users/andriileukhin/Documents/SovereignNexus/.smaos/compliance_check_1788224472.json
[2026-09-01 03:01:50] [GATE-4-5] [INFO] =========================================
[2026-09-01 03:01:50] [GATE-4-5] [INFO] Gate 4-5 Summary:
[2026-09-01 03:01:50] [GATE-4-5] [INFO]   Gate 4 (AP2 anchor):     PASS (4/4)
[2026-09-01 03:01:50] [GATE-4-5] [INFO]   Gate 5 (compliance):     PASS (4/5)
[2026-09-01 03:01:50] [GATE-4-5] [INFO]   Compliance Report:       compliance_check_1788224472.json
[2026-09-01 03:01:50] [GATE-4-5] [INFO] =========================================
[2026-09-01 03:01:50] [GATE-4-5] [INFO] Gate 4-5 PASSED: Session compliance verified, ready for shutdown
[2026-09-01 03:03:43] [GATE-4-5] [INFO] === Gate 4-5 Serial Verification ===
[2026-09-01 03:03:43] [GATE-4-5] [INFO] GATE 4: AP2 Merkle ledger anchoring...
[2026-09-01 03:03:43] [GATE-4-5] [INFO]   ✓ Collected      161 work receipts for Merkle tree
[2026-09-01 03:03:43] [GATE-4-5] [INFO]   ✓ AP2 Merkle tree entry created
[2026-09-01 03:03:43] [GATE-4-5] [INFO]   ✓ AP2 ledger entry integrity verified (SHA256: 0a8c6b87720ae2ba...)
[2026-09-01 03:03:43] [GATE-4-5] [INFO]   ✓ AP2 ledger staged for commit
[2026-09-01 03:03:45] [GATE-4-5] [INFO]   ✓ AP2 ledger committed to git
[2026-09-01 03:03:45] [GATE-4-5] [INFO] GATE 5: Final compliance check...
[2026-09-01 03:04:21] [GATE-4-5] [INFO]   ✓ Git policy compliance verified
[2026-09-01 03:04:21] [GATE-4-5] [INFO]   ✓ Found 4/7 proof artifacts
[2026-09-01 03:04:21] [GATE-4-5] [INFO]   ✓ Evidence integrity verified (     170 files)
[2026-09-01 03:04:21] [GATE-4-5] [INFO]   ✓ Session validation passed (1788224661s duration)
[2026-09-01 03:04:21] [GATE-4-5] [INFO] Compliance report written to: /Users/andriileukhin/Documents/SovereignNexus/.smaos/compliance_check_1788224622.json
[2026-09-01 03:04:21] [GATE-4-5] [INFO] =========================================
[2026-09-01 03:04:21] [GATE-4-5] [INFO] Gate 4-5 Summary:
[2026-09-01 03:04:21] [GATE-4-5] [INFO]   Gate 4 (AP2 anchor):     PASS (4/4)
[2026-09-01 03:04:21] [GATE-4-5] [INFO]   Gate 5 (compliance):     PASS (4/5)
[2026-09-01 03:04:21] [GATE-4-5] [INFO]   Compliance Report:       compliance_check_1788224622.json
[2026-09-01 03:04:21] [GATE-4-5] [INFO] =========================================
[2026-09-01 03:04:21] [GATE-4-5] [INFO] Gate 4-5 PASSED: Session compliance verified, ready for shutdown
[2026-09-01 03:06:52] [GATE-4-5] [INFO] === Gate 4-5 Serial Verification ===
[2026-09-01 03:06:52] [GATE-4-5] [INFO] GATE 4: AP2 Merkle ledger anchoring...
[2026-09-01 03:06:52] [GATE-4-5] [INFO]   ✓ Collected      163 work receipts for Merkle tree
[2026-09-01 03:06:52] [GATE-4-5] [INFO]   ✓ AP2 Merkle tree entry created
[2026-09-01 03:06:52] [GATE-4-5] [INFO]   ✓ AP2 ledger entry integrity verified (SHA256: 57ba4c1c84a8ef6f...)
[2026-09-01 03:06:52] [GATE-4-5] [INFO]   ✓ AP2 ledger staged for commit
[2026-09-01 03:06:54] [GATE-4-5] [INFO]   ✓ AP2 ledger committed to git
[2026-09-01 03:06:54] [GATE-4-5] [INFO] GATE 5: Final compliance check...
[2026-09-01 03:07:30] [GATE-4-5] [INFO]   ✓ Git policy compliance verified
[2026-09-01 03:07:30] [GATE-4-5] [INFO]   ✓ Found 4/7 proof artifacts
[2026-09-01 03:07:30] [GATE-4-5] [INFO]   ✓ Evidence integrity verified (     172 files)
[2026-09-01 03:07:30] [GATE-4-5] [INFO]   ✓ Session validation passed (1788224850s duration)
[2026-09-01 03:07:30] [GATE-4-5] [INFO] Compliance report written to: /Users/andriileukhin/Documents/SovereignNexus/.smaos/compliance_check_1788224812.json
[2026-09-01 03:07:30] [GATE-4-5] [INFO] =========================================
[2026-09-01 03:07:30] [GATE-4-5] [INFO] Gate 4-5 Summary:
[2026-09-01 03:07:30] [GATE-4-5] [INFO]   Gate 4 (AP2 anchor):     PASS (4/4)
[2026-09-01 03:07:30] [GATE-4-5] [INFO]   Gate 5 (compliance):     PASS (4/5)
[2026-09-01 03:07:30] [GATE-4-5] [INFO]   Compliance Report:       compliance_check_1788224812.json
[2026-09-01 03:07:30] [GATE-4-5] [INFO] =========================================
[2026-09-01 03:07:30] [GATE-4-5] [INFO] Gate 4-5 PASSED: Session compliance verified, ready for shutdown
[2026-09-01 03:12:13] [GATE-4-5] [INFO] === Gate 4-5 Serial Verification ===
[2026-09-01 03:12:13] [GATE-4-5] [INFO] GATE 4: AP2 Merkle ledger anchoring...
[2026-09-01 03:12:13] [GATE-4-5] [INFO]   ✓ Collected      164 work receipts for Merkle tree
[2026-09-01 03:12:13] [GATE-4-5] [INFO]   ✓ AP2 Merkle tree entry created
[2026-09-01 03:12:13] [GATE-4-5] [INFO]   ✓ AP2 ledger entry integrity verified (SHA256: 046d433cad71504b...)
[2026-09-01 03:12:13] [GATE-4-5] [INFO]   ✓ AP2 ledger staged for commit
[2026-09-01 03:12:15] [GATE-4-5] [INFO]   ✓ AP2 ledger committed to git
[2026-09-01 03:12:15] [GATE-4-5] [INFO] GATE 5: Final compliance check...
[2026-09-01 03:12:51] [GATE-4-5] [INFO]   ✓ Git policy compliance verified
[2026-09-01 03:12:51] [GATE-4-5] [INFO]   ✓ Found 4/7 proof artifacts
[2026-09-01 03:12:51] [GATE-4-5] [INFO]   ✓ Evidence integrity verified (     173 files)
[2026-09-01 03:12:51] [GATE-4-5] [INFO]   ✓ Session validation passed (1788225171s duration)
[2026-09-01 03:12:51] [GATE-4-5] [INFO] Compliance report written to: /Users/andriileukhin/Documents/SovereignNexus/.smaos/compliance_check_1788225133.json
[2026-09-01 03:12:51] [GATE-4-5] [INFO] =========================================
[2026-09-01 03:12:51] [GATE-4-5] [INFO] Gate 4-5 Summary:
[2026-09-01 03:12:51] [GATE-4-5] [INFO]   Gate 4 (AP2 anchor):     PASS (4/4)
[2026-09-01 03:12:51] [GATE-4-5] [INFO]   Gate 5 (compliance):     PASS (4/5)
[2026-09-01 03:12:51] [GATE-4-5] [INFO]   Compliance Report:       compliance_check_1788225133.json
[2026-09-01 03:12:51] [GATE-4-5] [INFO] =========================================
[2026-09-01 03:12:51] [GATE-4-5] [INFO] Gate 4-5 PASSED: Session compliance verified, ready for shutdown
[2026-09-01 03:15:25] [GATE-4-5] [INFO] === Gate 4-5 Serial Verification ===
[2026-09-01 03:15:25] [GATE-4-5] [INFO] GATE 4: AP2 Merkle ledger anchoring...
[2026-09-01 03:15:25] [GATE-4-5] [INFO]   ✓ Collected      168 work receipts for Merkle tree
[2026-09-01 03:15:25] [GATE-4-5] [INFO]   ✓ AP2 Merkle tree entry created
[2026-09-01 03:15:25] [GATE-4-5] [INFO]   ✓ AP2 ledger entry integrity verified (SHA256: 5da8d1cb8a47a5ef...)
[2026-09-01 03:15:25] [GATE-4-5] [INFO]   ✓ AP2 ledger staged for commit
[2026-09-01 03:15:27] [GATE-4-5] [INFO]   ✓ AP2 ledger committed to git
[2026-09-01 03:15:27] [GATE-4-5] [INFO] GATE 5: Final compliance check...
[2026-09-01 03:16:02] [GATE-4-5] [INFO]   ✓ Git policy compliance verified
[2026-09-01 03:16:02] [GATE-4-5] [INFO]   ✓ Found 4/7 proof artifacts
[2026-09-01 03:16:02] [GATE-4-5] [INFO]   ✓ Evidence integrity verified (     177 files)
[2026-09-01 03:16:02] [GATE-4-5] [INFO]   ✓ Session validation passed (1788225362s duration)
[2026-09-01 03:16:02] [GATE-4-5] [INFO] Compliance report written to: /Users/andriileukhin/Documents/SovereignNexus/.smaos/compliance_check_1788225325.json
[2026-09-01 03:16:02] [GATE-4-5] [INFO] =========================================
[2026-09-01 03:16:02] [GATE-4-5] [INFO] Gate 4-5 Summary:
[2026-09-01 03:16:02] [GATE-4-5] [INFO]   Gate 4 (AP2 anchor):     PASS (4/4)
[2026-09-01 03:16:02] [GATE-4-5] [INFO]   Gate 5 (compliance):     PASS (4/5)
[2026-09-01 03:16:02] [GATE-4-5] [INFO]   Compliance Report:       compliance_check_1788225325.json
[2026-09-01 03:16:02] [GATE-4-5] [INFO] =========================================
[2026-09-01 03:16:02] [GATE-4-5] [INFO] Gate 4-5 PASSED: Session compliance verified, ready for shutdown
[2026-09-01 03:17:03] [GATE-4-5] [INFO] === Gate 4-5 Serial Verification ===
[2026-09-01 03:17:03] [GATE-4-5] [INFO] GATE 4: AP2 Merkle ledger anchoring...
[2026-09-01 03:17:03] [GATE-4-5] [INFO]   ✓ Collected      171 work receipts for Merkle tree
[2026-09-01 03:17:03] [GATE-4-5] [INFO]   ✓ AP2 Merkle tree entry created
[2026-09-01 03:17:03] [GATE-4-5] [INFO]   ✓ AP2 ledger entry integrity verified (SHA256: 644791cb11876067...)
[2026-09-01 03:17:03] [GATE-4-5] [INFO]   ✓ AP2 ledger staged for commit
[2026-09-01 03:17:05] [GATE-4-5] [INFO]   ✓ AP2 ledger committed to git
[2026-09-01 03:17:05] [GATE-4-5] [INFO] GATE 5: Final compliance check...
[2026-09-01 03:17:41] [GATE-4-5] [INFO]   ✓ Git policy compliance verified
[2026-09-01 03:17:41] [GATE-4-5] [INFO]   ✓ Found 4/7 proof artifacts
[2026-09-01 03:17:41] [GATE-4-5] [INFO]   ✓ Evidence integrity verified (     183 files)
[2026-09-01 03:17:41] [GATE-4-5] [INFO]   ✓ Session validation passed (1788225461s duration)
[2026-09-01 03:17:41] [GATE-4-5] [INFO] Compliance report written to: /Users/andriileukhin/Documents/SovereignNexus/.smaos/compliance_check_1788225423.json
[2026-09-01 03:17:41] [GATE-4-5] [INFO] =========================================
[2026-09-01 03:17:41] [GATE-4-5] [INFO] Gate 4-5 Summary:
[2026-09-01 03:17:41] [GATE-4-5] [INFO]   Gate 4 (AP2 anchor):     PASS (4/4)
[2026-09-01 03:17:41] [GATE-4-5] [INFO]   Gate 5 (compliance):     PASS (4/5)
[2026-09-01 03:17:41] [GATE-4-5] [INFO]   Compliance Report:       compliance_check_1788225423.json
[2026-09-01 03:17:41] [GATE-4-5] [INFO] =========================================
[2026-09-01 03:17:41] [GATE-4-5] [INFO] Gate 4-5 PASSED: Session compliance verified, ready for shutdown
[2026-09-01 03:19:11] [GATE-4-5] [INFO] === Gate 4-5 Serial Verification ===
[2026-09-01 03:19:11] [GATE-4-5] [INFO] GATE 4: AP2 Merkle ledger anchoring...
[2026-09-01 03:19:11] [GATE-4-5] [INFO]   ✓ Collected      181 work receipts for Merkle tree
[2026-09-01 03:19:11] [GATE-4-5] [INFO]   ✓ AP2 Merkle tree entry created
[2026-09-01 03:19:11] [GATE-4-5] [INFO]   ✓ AP2 ledger entry integrity verified (SHA256: 9e63e82b81d4f9bb...)
[2026-09-01 03:19:11] [GATE-4-5] [INFO]   ✓ AP2 ledger staged for commit
[2026-09-01 03:19:13] [GATE-4-5] [INFO]   ✓ AP2 ledger committed to git
[2026-09-01 03:19:13] [GATE-4-5] [INFO] GATE 5: Final compliance check...
[2026-09-01 03:19:49] [GATE-4-5] [INFO]   ✓ Git policy compliance verified
[2026-09-01 03:19:49] [GATE-4-5] [INFO]   ✓ Found 4/7 proof artifacts
[2026-09-01 03:19:49] [GATE-4-5] [INFO]   ✓ Evidence integrity verified (     191 files)
[2026-09-01 03:19:49] [GATE-4-5] [INFO]   ✓ Session validation passed (1788225589s duration)
[2026-09-01 03:19:49] [GATE-4-5] [INFO] Compliance report written to: /Users/andriileukhin/Documents/SovereignNexus/.smaos/compliance_check_1788225551.json
[2026-09-01 03:19:49] [GATE-4-5] [INFO] =========================================
[2026-09-01 03:19:49] [GATE-4-5] [INFO] Gate 4-5 Summary:
[2026-09-01 03:19:49] [GATE-4-5] [INFO]   Gate 4 (AP2 anchor):     PASS (4/4)
[2026-09-01 03:19:49] [GATE-4-5] [INFO]   Gate 5 (compliance):     PASS (4/5)
[2026-09-01 03:19:49] [GATE-4-5] [INFO]   Compliance Report:       compliance_check_1788225551.json
[2026-09-01 03:19:49] [GATE-4-5] [INFO] =========================================
[2026-09-01 03:19:49] [GATE-4-5] [INFO] Gate 4-5 PASSED: Session compliance verified, ready for shutdown
[2026-09-01 03:22:51] [GATE-4-5] [INFO] === Gate 4-5 Serial Verification ===
[2026-09-01 03:22:51] [GATE-4-5] [INFO] GATE 4: AP2 Merkle ledger anchoring...
[2026-09-01 03:22:51] [GATE-4-5] [INFO]   ✓ Collected      185 work receipts for Merkle tree
[2026-09-01 03:22:51] [GATE-4-5] [INFO]   ✓ AP2 Merkle tree entry created
[2026-09-01 03:22:51] [GATE-4-5] [INFO]   ✓ AP2 ledger entry integrity verified (SHA256: 3b2cad01e4926fdc...)
[2026-09-01 03:22:51] [GATE-4-5] [INFO]   ✓ AP2 ledger staged for commit
[2026-09-01 03:22:53] [GATE-4-5] [INFO]   ✓ AP2 ledger committed to git
[2026-09-01 03:22:53] [GATE-4-5] [INFO] GATE 5: Final compliance check...
[2026-09-01 03:23:28] [GATE-4-5] [INFO]   ✓ Git policy compliance verified
[2026-09-01 03:23:28] [GATE-4-5] [INFO]   ✓ Found 4/7 proof artifacts
[2026-09-01 03:23:28] [GATE-4-5] [INFO]   ✓ Evidence integrity verified (     194 files)
[2026-09-01 03:23:28] [GATE-4-5] [INFO]   ✓ Session validation passed (1788225808s duration)
[2026-09-01 03:23:28] [GATE-4-5] [INFO] Compliance report written to: /Users/andriileukhin/Documents/SovereignNexus/.smaos/compliance_check_1788225771.json
[2026-09-01 03:23:28] [GATE-4-5] [INFO] =========================================
[2026-09-01 03:23:28] [GATE-4-5] [INFO] Gate 4-5 Summary:
[2026-09-01 03:23:28] [GATE-4-5] [INFO]   Gate 4 (AP2 anchor):     PASS (4/4)
[2026-09-01 03:23:28] [GATE-4-5] [INFO]   Gate 5 (compliance):     PASS (4/5)
[2026-09-01 03:23:28] [GATE-4-5] [INFO]   Compliance Report:       compliance_check_1788225771.json
[2026-09-01 03:23:28] [GATE-4-5] [INFO] =========================================
[2026-09-01 03:23:28] [GATE-4-5] [INFO] Gate 4-5 PASSED: Session compliance verified, ready for shutdown
[2026-09-01 03:27:26] [GATE-4-5] [INFO] === Gate 4-5 Serial Verification ===
[2026-09-01 03:27:26] [GATE-4-5] [INFO] GATE 4: AP2 Merkle ledger anchoring...
[2026-09-01 03:27:26] [GATE-4-5] [INFO]   ✓ Collected      186 work receipts for Merkle tree
[2026-09-01 03:27:27] [GATE-4-5] [INFO]   ✓ AP2 Merkle tree entry created
[2026-09-01 03:27:27] [GATE-4-5] [INFO]   ✓ AP2 ledger entry integrity verified (SHA256: 53a654e08610181d...)
[2026-09-01 03:27:27] [GATE-4-5] [WARN]   ⚠ Could not stage AP2 ledger for commit
[2026-09-01 03:27:27] [GATE-4-5] [INFO] GATE 5: Final compliance check...
[2026-09-01 03:28:09] [GATE-4-5] [INFO]   ✓ Git policy compliance verified
[2026-09-01 03:28:09] [GATE-4-5] [INFO]   ✓ Found 4/7 proof artifacts
[2026-09-01 03:28:09] [GATE-4-5] [INFO]   ✓ Evidence integrity verified (     198 files)
[2026-09-01 03:28:09] [GATE-4-5] [INFO]   ✓ Session validation passed (1788226089s duration)
[2026-09-01 03:28:09] [GATE-4-5] [INFO] Compliance report written to: /Users/andriileukhin/Documents/SovereignNexus/.smaos/compliance_check_1788226046.json
[2026-09-01 03:28:09] [GATE-4-5] [INFO] =========================================
[2026-09-01 03:28:09] [GATE-4-5] [INFO] Gate 4-5 Summary:
[2026-09-01 03:28:09] [GATE-4-5] [INFO]   Gate 4 (AP2 anchor):     PASS (3/4)
[2026-09-01 03:28:09] [GATE-4-5] [INFO]   Gate 5 (compliance):     PASS (4/5)
[2026-09-01 03:28:09] [GATE-4-5] [INFO]   Compliance Report:       compliance_check_1788226046.json
[2026-09-01 03:28:09] [GATE-4-5] [INFO] =========================================
[2026-09-01 03:28:09] [GATE-4-5] [INFO] Gate 4-5 PASSED: Session compliance verified, ready for shutdown
[2026-09-01 03:31:02] [GATE-4-5] [INFO] === Gate 4-5 Serial Verification ===
[2026-09-01 03:31:02] [GATE-4-5] [INFO] GATE 4: AP2 Merkle ledger anchoring...
[2026-09-01 03:31:02] [GATE-4-5] [INFO]   ✓ Collected      194 work receipts for Merkle tree
[2026-09-01 03:31:02] [GATE-4-5] [INFO]   ✓ AP2 Merkle tree entry created
[2026-09-01 03:31:02] [GATE-4-5] [INFO]   ✓ AP2 ledger entry integrity verified (SHA256: 24d1d51e70793797...)
[2026-09-01 03:31:02] [GATE-4-5] [WARN]   ⚠ Could not stage AP2 ledger for commit
[2026-09-01 03:31:02] [GATE-4-5] [INFO] GATE 5: Final compliance check...
[2026-09-01 03:31:40] [GATE-4-5] [INFO]   ✓ Git policy compliance verified
[2026-09-01 03:31:40] [GATE-4-5] [INFO]   ✓ Found 4/7 proof artifacts
[2026-09-01 03:31:40] [GATE-4-5] [INFO]   ✓ Evidence integrity verified (     204 files)
[2026-09-01 03:31:40] [GATE-4-5] [INFO]   ✓ Session validation passed (1788226300s duration)
[2026-09-01 03:31:40] [GATE-4-5] [INFO] Compliance report written to: /Users/andriileukhin/Documents/SovereignNexus/.smaos/compliance_check_1788226262.json
[2026-09-01 03:31:40] [GATE-4-5] [INFO] =========================================
[2026-09-01 03:31:40] [GATE-4-5] [INFO] Gate 4-5 Summary:
[2026-09-01 03:31:40] [GATE-4-5] [INFO]   Gate 4 (AP2 anchor):     PASS (3/4)
[2026-09-01 03:31:40] [GATE-4-5] [INFO]   Gate 5 (compliance):     PASS (4/5)
[2026-09-01 03:31:40] [GATE-4-5] [INFO]   Compliance Report:       compliance_check_1788226262.json
[2026-09-01 03:31:40] [GATE-4-5] [INFO] =========================================
[2026-09-01 03:31:40] [GATE-4-5] [INFO] Gate 4-5 PASSED: Session compliance verified, ready for shutdown
[2026-09-01 03:32:43] [GATE-4-5] [INFO] === Gate 4-5 Serial Verification ===
[2026-09-01 03:32:43] [GATE-4-5] [INFO] GATE 4: AP2 Merkle ledger anchoring...
[2026-09-01 03:32:43] [GATE-4-5] [INFO]   ✓ Collected      196 work receipts for Merkle tree
[2026-09-01 03:32:43] [GATE-4-5] [INFO]   ✓ AP2 Merkle tree entry created
[2026-09-01 03:32:43] [GATE-4-5] [INFO]   ✓ AP2 ledger entry integrity verified (SHA256: 4116a23c82fb233a...)
[2026-09-01 03:32:43] [GATE-4-5] [INFO]   ✓ AP2 ledger staged for commit
[2026-09-01 03:32:45] [GATE-4-5] [INFO]   ✓ AP2 ledger committed to git
[2026-09-01 03:32:45] [GATE-4-5] [INFO] GATE 5: Final compliance check...
[2026-09-01 03:33:24] [GATE-4-5] [INFO]   ✓ Git policy compliance verified
[2026-09-01 03:33:24] [GATE-4-5] [INFO]   ✓ Found 4/7 proof artifacts
[2026-09-01 03:33:24] [GATE-4-5] [INFO]   ✓ Evidence integrity verified (     207 files)
[2026-09-01 03:33:24] [GATE-4-5] [INFO]   ✓ Session validation passed (1788226404s duration)
[2026-09-01 03:33:24] [GATE-4-5] [INFO] Compliance report written to: /Users/andriileukhin/Documents/SovereignNexus/.smaos/compliance_check_1788226363.json
[2026-09-01 03:33:24] [GATE-4-5] [INFO] =========================================
[2026-09-01 03:33:24] [GATE-4-5] [INFO] Gate 4-5 Summary:
[2026-09-01 03:33:24] [GATE-4-5] [INFO]   Gate 4 (AP2 anchor):     PASS (4/4)
[2026-09-01 03:33:24] [GATE-4-5] [INFO]   Gate 5 (compliance):     PASS (4/5)
[2026-09-01 03:33:24] [GATE-4-5] [INFO]   Compliance Report:       compliance_check_1788226363.json
[2026-09-01 03:33:24] [GATE-4-5] [INFO] =========================================
[2026-09-01 03:33:24] [GATE-4-5] [INFO] Gate 4-5 PASSED: Session compliance verified, ready for shutdown
[2026-09-01 03:34:08] [GATE-4-5] [INFO] === Gate 4-5 Serial Verification ===
[2026-09-01 03:34:08] [GATE-4-5] [INFO] GATE 4: AP2 Merkle ledger anchoring...
[2026-09-01 03:34:08] [GATE-4-5] [INFO]   ✓ Collected      199 work receipts for Merkle tree
[2026-09-01 03:34:08] [GATE-4-5] [INFO]   ✓ AP2 Merkle tree entry created
[2026-09-01 03:34:08] [GATE-4-5] [INFO]   ✓ AP2 ledger entry integrity verified (SHA256: 9f7be5997474d41e...)
[2026-09-01 03:34:08] [GATE-4-5] [INFO]   ✓ AP2 ledger staged for commit
[2026-09-01 03:34:10] [GATE-4-5] [INFO]   ✓ AP2 ledger committed to git
[2026-09-01 03:34:10] [GATE-4-5] [INFO] GATE 5: Final compliance check...
[2026-09-01 03:34:48] [GATE-4-5] [INFO]   ✓ Git policy compliance verified
[2026-09-01 03:34:48] [GATE-4-5] [INFO]   ✓ Found 4/7 proof artifacts
[2026-09-01 03:34:48] [GATE-4-5] [INFO]   ✓ Evidence integrity verified (     208 files)
[2026-09-01 03:34:48] [GATE-4-5] [INFO]   ✓ Session validation passed (1788226488s duration)
[2026-09-01 03:34:48] [GATE-4-5] [INFO] Compliance report written to: /Users/andriileukhin/Documents/SovereignNexus/.smaos/compliance_check_1788226448.json
[2026-09-01 03:34:48] [GATE-4-5] [INFO] =========================================
[2026-09-01 03:34:48] [GATE-4-5] [INFO] Gate 4-5 Summary:
[2026-09-01 03:34:48] [GATE-4-5] [INFO]   Gate 4 (AP2 anchor):     PASS (4/4)
[2026-09-01 03:34:48] [GATE-4-5] [INFO]   Gate 5 (compliance):     PASS (4/5)
[2026-09-01 03:34:48] [GATE-4-5] [INFO]   Compliance Report:       compliance_check_1788226448.json
[2026-09-01 03:34:48] [GATE-4-5] [INFO] =========================================
[2026-09-01 03:34:48] [GATE-4-5] [INFO] Gate 4-5 PASSED: Session compliance verified, ready for shutdown
[2026-09-01 03:56:56] [GATE-4-5] [INFO] === Gate 4-5 Serial Verification ===
[2026-09-01 03:56:56] [GATE-4-5] [INFO] GATE 4: AP2 Merkle ledger anchoring...
[2026-09-01 03:56:56] [GATE-4-5] [INFO]   ✓ Collected      199 work receipts for Merkle tree
[2026-09-01 03:56:56] [GATE-4-5] [INFO]   ✓ AP2 Merkle tree entry created
[2026-09-01 03:56:56] [GATE-4-5] [INFO]   ✓ AP2 ledger entry integrity verified (SHA256: f1be0ffa32217005...)
[2026-09-01 03:56:56] [GATE-4-5] [INFO]   ✓ AP2 ledger staged for commit
[2026-09-01 03:56:59] [GATE-4-5] [INFO]   ✓ AP2 ledger committed to git
[2026-09-01 03:56:59] [GATE-4-5] [INFO] GATE 5: Final compliance check...
[2026-09-01 03:57:37] [GATE-4-5] [INFO]   ✓ Git policy compliance verified
[2026-09-01 03:57:37] [GATE-4-5] [INFO]   ✓ Found 4/7 proof artifacts
[2026-09-01 03:57:37] [GATE-4-5] [INFO]   ✓ Evidence integrity verified (     212 files)
[2026-09-01 03:57:37] [GATE-4-5] [INFO]   ✓ Session validation passed (1788227857s duration)
[2026-09-01 03:57:37] [GATE-4-5] [INFO] Compliance report written to: /Users/andriileukhin/Documents/SovereignNexus/.smaos/compliance_check_1788227816.json
[2026-09-01 03:57:37] [GATE-4-5] [INFO] =========================================
[2026-09-01 03:57:37] [GATE-4-5] [INFO] Gate 4-5 Summary:
[2026-09-01 03:57:37] [GATE-4-5] [INFO]   Gate 4 (AP2 anchor):     PASS (4/4)
[2026-09-01 03:57:37] [GATE-4-5] [INFO]   Gate 5 (compliance):     PASS (4/5)
[2026-09-01 03:57:37] [GATE-4-5] [INFO]   Compliance Report:       compliance_check_1788227816.json
[2026-09-01 03:57:37] [GATE-4-5] [INFO] =========================================
[2026-09-01 03:57:37] [GATE-4-5] [INFO] Gate 4-5 PASSED: Session compliance verified, ready for shutdown
[2026-09-01 03:58:40] [GATE-4-5] [INFO] === Gate 4-5 Serial Verification ===
[2026-09-01 03:58:40] [GATE-4-5] [INFO] GATE 4: AP2 Merkle ledger anchoring...
[2026-09-01 03:58:40] [GATE-4-5] [INFO]   ✓ Collected      211 work receipts for Merkle tree
[2026-09-01 03:58:40] [GATE-4-5] [INFO]   ✓ AP2 Merkle tree entry created
[2026-09-01 03:58:40] [GATE-4-5] [INFO]   ✓ AP2 ledger entry integrity verified (SHA256: 414f38872a33a329...)
[2026-09-01 03:58:41] [GATE-4-5] [INFO]   ✓ AP2 ledger staged for commit
[2026-09-01 03:58:42] [GATE-4-5] [INFO]   ✓ AP2 ledger committed to git
[2026-09-01 03:58:42] [GATE-4-5] [INFO] GATE 5: Final compliance check...
[2026-09-01 03:59:23] [GATE-4-5] [INFO]   ✓ Git policy compliance verified
[2026-09-01 03:59:23] [GATE-4-5] [INFO]   ✓ Found 4/7 proof artifacts
[2026-09-01 03:59:23] [GATE-4-5] [INFO]   ✓ Evidence integrity verified (     233 files)
[2026-09-01 03:59:23] [GATE-4-5] [INFO]   ✓ Session validation passed (1788227963s duration)
[2026-09-01 03:59:23] [GATE-4-5] [INFO] Compliance report written to: /Users/andriileukhin/Documents/SovereignNexus/.smaos/compliance_check_1788227920.json
[2026-09-01 03:59:23] [GATE-4-5] [INFO] =========================================
[2026-09-01 03:59:23] [GATE-4-5] [INFO] Gate 4-5 Summary:
[2026-09-01 03:59:23] [GATE-4-5] [INFO]   Gate 4 (AP2 anchor):     PASS (4/4)
[2026-09-01 03:59:23] [GATE-4-5] [INFO]   Gate 5 (compliance):     PASS (4/5)
[2026-09-01 03:59:23] [GATE-4-5] [INFO]   Compliance Report:       compliance_check_1788227920.json
[2026-09-01 03:59:23] [GATE-4-5] [INFO] =========================================
[2026-09-01 03:59:23] [GATE-4-5] [INFO] Gate 4-5 PASSED: Session compliance verified, ready for shutdown
[2026-09-01 04:00:48] [GATE-4-5] [INFO] === Gate 4-5 Serial Verification ===
[2026-09-01 04:00:48] [GATE-4-5] [INFO] GATE 4: AP2 Merkle ledger anchoring...
[2026-09-01 04:00:48] [GATE-4-5] [INFO]   ✓ Collected      244 work receipts for Merkle tree
[2026-09-01 04:00:49] [GATE-4-5] [INFO]   ✓ AP2 Merkle tree entry created
[2026-09-01 04:00:49] [GATE-4-5] [INFO]   ✓ AP2 ledger entry integrity verified (SHA256: a96d46db5a445371...)
[2026-09-01 04:00:49] [GATE-4-5] [WARN]   ⚠ Could not stage AP2 ledger for commit
[2026-09-01 04:00:49] [GATE-4-5] [INFO] GATE 5: Final compliance check...
[2026-09-01 04:01:28] [GATE-4-5] [INFO]   ✓ Git policy compliance verified
[2026-09-01 04:01:28] [GATE-4-5] [INFO]   ✓ Found 4/7 proof artifacts
[2026-09-01 04:01:28] [GATE-4-5] [INFO]   ✓ Evidence integrity verified (     262 files)
[2026-09-01 04:01:28] [GATE-4-5] [INFO]   ✓ Session validation passed (1788228088s duration)
[2026-09-01 04:01:28] [GATE-4-5] [INFO] Compliance report written to: /Users/andriileukhin/Documents/SovereignNexus/.smaos/compliance_check_1788228048.json
[2026-09-01 04:01:28] [GATE-4-5] [INFO] =========================================
[2026-09-01 04:01:28] [GATE-4-5] [INFO] Gate 4-5 Summary:
[2026-09-01 04:01:28] [GATE-4-5] [INFO]   Gate 4 (AP2 anchor):     PASS (3/4)
[2026-09-01 04:01:28] [GATE-4-5] [INFO]   Gate 5 (compliance):     PASS (4/5)
[2026-09-01 04:01:28] [GATE-4-5] [INFO]   Compliance Report:       compliance_check_1788228048.json
[2026-09-01 04:01:28] [GATE-4-5] [INFO] =========================================
[2026-09-01 04:01:28] [GATE-4-5] [INFO] Gate 4-5 PASSED: Session compliance verified, ready for shutdown
[2026-09-01 04:04:48] [GATE-4-5] [INFO] === Gate 4-5 Serial Verification ===
[2026-09-01 04:04:48] [GATE-4-5] [INFO] GATE 4: AP2 Merkle ledger anchoring...
[2026-09-01 04:04:48] [GATE-4-5] [INFO]   ✓ Collected      289 work receipts for Merkle tree
[2026-09-01 04:04:48] [GATE-4-5] [INFO]   ✓ AP2 Merkle tree entry created
[2026-09-01 04:04:48] [GATE-4-5] [INFO]   ✓ AP2 ledger entry integrity verified (SHA256: 0b4aa88391bdd4fd...)
[2026-09-01 04:04:48] [GATE-4-5] [WARN]   ⚠ Could not stage AP2 ledger for commit
[2026-09-01 04:04:48] [GATE-4-5] [INFO] GATE 5: Final compliance check...
[2026-09-01 04:05:25] [GATE-4-5] [INFO]   ✓ Git policy compliance verified
[2026-09-01 04:05:25] [GATE-4-5] [INFO]   ✓ Found 4/7 proof artifacts
[2026-09-01 04:05:25] [GATE-4-5] [INFO]   ✓ Evidence integrity verified (     302 files)
[2026-09-01 04:05:25] [GATE-4-5] [INFO]   ✓ Session validation passed (1788228325s duration)
[2026-09-01 04:05:25] [GATE-4-5] [INFO] Compliance report written to: /Users/andriileukhin/Documents/SovereignNexus/.smaos/compliance_check_1788228288.json
[2026-09-01 04:05:25] [GATE-4-5] [INFO] =========================================
[2026-09-01 04:05:25] [GATE-4-5] [INFO] Gate 4-5 Summary:
[2026-09-01 04:05:25] [GATE-4-5] [INFO]   Gate 4 (AP2 anchor):     PASS (3/4)
[2026-09-01 04:05:25] [GATE-4-5] [INFO]   Gate 5 (compliance):     PASS (4/5)
[2026-09-01 04:05:25] [GATE-4-5] [INFO]   Compliance Report:       compliance_check_1788228288.json
[2026-09-01 04:05:25] [GATE-4-5] [INFO] =========================================
[2026-09-01 04:05:25] [GATE-4-5] [INFO] Gate 4-5 PASSED: Session compliance verified, ready for shutdown
[2026-09-01 04:05:46] [GATE-4-5] [INFO] === Gate 4-5 Serial Verification ===
[2026-09-01 04:05:46] [GATE-4-5] [INFO] GATE 4: AP2 Merkle ledger anchoring...
[2026-09-01 04:05:46] [GATE-4-5] [INFO]   ✓ Collected      293 work receipts for Merkle tree
[2026-09-01 04:05:46] [GATE-4-5] [INFO]   ✓ AP2 Merkle tree entry created
[2026-09-01 04:05:46] [GATE-4-5] [INFO]   ✓ AP2 ledger entry integrity verified (SHA256: 01be89dfe599675e...)
[2026-09-01 04:05:46] [GATE-4-5] [INFO]   ✓ AP2 ledger staged for commit
[2026-09-01 04:05:49] [GATE-4-5] [INFO]   ✓ AP2 ledger committed to git
[2026-09-01 04:05:49] [GATE-4-5] [INFO] GATE 5: Final compliance check...
[2026-09-01 04:06:26] [GATE-4-5] [INFO]   ✓ Git policy compliance verified
[2026-09-01 04:06:26] [GATE-4-5] [INFO]   ✓ Found 4/7 proof artifacts
[2026-09-01 04:06:26] [GATE-4-5] [INFO]   ✓ Evidence integrity verified (     302 files)
[2026-09-01 04:06:26] [GATE-4-5] [INFO]   ✓ Session validation passed (1788228386s duration)
[2026-09-01 04:06:26] [GATE-4-5] [INFO] Compliance report written to: /Users/andriileukhin/Documents/SovereignNexus/.smaos/compliance_check_1788228346.json
[2026-09-01 04:06:26] [GATE-4-5] [INFO] =========================================
[2026-09-01 04:06:26] [GATE-4-5] [INFO] Gate 4-5 Summary:
[2026-09-01 04:06:26] [GATE-4-5] [INFO]   Gate 4 (AP2 anchor):     PASS (4/4)
[2026-09-01 04:06:26] [GATE-4-5] [INFO]   Gate 5 (compliance):     PASS (4/5)
[2026-09-01 04:06:26] [GATE-4-5] [INFO]   Compliance Report:       compliance_check_1788228346.json
[2026-09-01 04:06:26] [GATE-4-5] [INFO] =========================================
[2026-09-01 04:06:26] [GATE-4-5] [INFO] Gate 4-5 PASSED: Session compliance verified, ready for shutdown
[2026-09-01 04:09:12] [GATE-4-5] [INFO] === Gate 4-5 Serial Verification ===
[2026-09-01 04:09:12] [GATE-4-5] [INFO] GATE 4: AP2 Merkle ledger anchoring...
[2026-09-01 04:09:12] [GATE-4-5] [INFO]   ✓ Collected      301 work receipts for Merkle tree
[2026-09-01 04:09:12] [GATE-4-5] [INFO]   ✓ AP2 Merkle tree entry created
[2026-09-01 04:09:12] [GATE-4-5] [INFO]   ✓ AP2 ledger entry integrity verified (SHA256: d431560feea4e527...)
[2026-09-01 04:09:12] [GATE-4-5] [INFO]   ✓ AP2 ledger staged for commit
[2026-09-01 04:09:14] [GATE-4-5] [INFO]   ✓ AP2 ledger committed to git
[2026-09-01 04:09:14] [GATE-4-5] [INFO] GATE 5: Final compliance check...
[2026-09-01 04:09:53] [GATE-4-5] [INFO]   ✓ Git policy compliance verified
[2026-09-01 04:09:53] [GATE-4-5] [INFO]   ✓ Found 4/7 proof artifacts
[2026-09-01 04:09:53] [GATE-4-5] [INFO]   ✓ Evidence integrity verified (     315 files)
[2026-09-01 04:09:53] [GATE-4-5] [INFO]   ✓ Session validation passed (1788228593s duration)
[2026-09-01 04:09:53] [GATE-4-5] [INFO] Compliance report written to: /Users/andriileukhin/Documents/SovereignNexus/.smaos/compliance_check_1788228552.json
[2026-09-01 04:09:53] [GATE-4-5] [INFO] =========================================
[2026-09-01 04:09:53] [GATE-4-5] [INFO] Gate 4-5 Summary:
[2026-09-01 04:09:53] [GATE-4-5] [INFO]   Gate 4 (AP2 anchor):     PASS (4/4)
[2026-09-01 04:09:53] [GATE-4-5] [INFO]   Gate 5 (compliance):     PASS (4/5)
[2026-09-01 04:09:53] [GATE-4-5] [INFO]   Compliance Report:       compliance_check_1788228552.json
[2026-09-01 04:09:53] [GATE-4-5] [INFO] =========================================
[2026-09-01 04:09:53] [GATE-4-5] [INFO] Gate 4-5 PASSED: Session compliance verified, ready for shutdown
[2026-09-01 04:10:36] [GATE-4-5] [INFO] === Gate 4-5 Serial Verification ===
[2026-09-01 04:10:36] [GATE-4-5] [INFO] GATE 4: AP2 Merkle ledger anchoring...
[2026-09-01 04:10:36] [GATE-4-5] [INFO]   ✓ Collected      313 work receipts for Merkle tree
[2026-09-01 04:10:36] [GATE-4-5] [INFO]   ✓ AP2 Merkle tree entry created
[2026-09-01 04:10:36] [GATE-4-5] [INFO]   ✓ AP2 ledger entry integrity verified (SHA256: 30e408992ced36ed...)
[2026-09-01 04:10:36] [GATE-4-5] [WARN]   ⚠ Could not stage AP2 ledger for commit
[2026-09-01 04:10:36] [GATE-4-5] [INFO] GATE 5: Final compliance check...
[2026-09-01 04:11:16] [GATE-4-5] [INFO]   ✓ Git policy compliance verified
[2026-09-01 04:11:16] [GATE-4-5] [INFO]   ✓ Found 4/7 proof artifacts
[2026-09-01 04:11:16] [GATE-4-5] [INFO]   ✓ Evidence integrity verified (     326 files)
[2026-09-01 04:11:16] [GATE-4-5] [INFO]   ✓ Session validation passed (1788228676s duration)
[2026-09-01 04:11:16] [GATE-4-5] [INFO] Compliance report written to: /Users/andriileukhin/Documents/SovereignNexus/.smaos/compliance_check_1788228636.json
[2026-09-01 04:11:16] [GATE-4-5] [INFO] =========================================
[2026-09-01 04:11:16] [GATE-4-5] [INFO] Gate 4-5 Summary:
[2026-09-01 04:11:16] [GATE-4-5] [INFO]   Gate 4 (AP2 anchor):     PASS (3/4)
[2026-09-01 04:11:16] [GATE-4-5] [INFO]   Gate 5 (compliance):     PASS (4/5)
[2026-09-01 04:11:16] [GATE-4-5] [INFO]   Compliance Report:       compliance_check_1788228636.json
[2026-09-01 04:11:16] [GATE-4-5] [INFO] =========================================
[2026-09-01 04:11:16] [GATE-4-5] [INFO] Gate 4-5 PASSED: Session compliance verified, ready for shutdown
[2026-09-01 04:11:48] [GATE-4-5] [INFO] === Gate 4-5 Serial Verification ===
[2026-09-01 04:11:48] [GATE-4-5] [INFO] GATE 4: AP2 Merkle ledger anchoring...
[2026-09-01 04:11:48] [GATE-4-5] [INFO]   ✓ Collected      323 work receipts for Merkle tree
[2026-09-01 04:11:48] [GATE-4-5] [INFO]   ✓ AP2 Merkle tree entry created
[2026-09-01 04:11:48] [GATE-4-5] [INFO]   ✓ AP2 ledger entry integrity verified (SHA256: 7151844b15b207ec...)
[2026-09-01 04:11:48] [GATE-4-5] [INFO]   ✓ AP2 ledger staged for commit
[2026-09-01 04:11:51] [GATE-4-5] [INFO]   ✓ AP2 ledger committed to git
[2026-09-01 04:11:51] [GATE-4-5] [INFO] GATE 5: Final compliance check...
[2026-09-01 04:12:28] [GATE-4-5] [INFO]   ✓ Git policy compliance verified
[2026-09-01 04:12:28] [GATE-4-5] [INFO]   ✓ Found 4/7 proof artifacts
[2026-09-01 04:12:28] [GATE-4-5] [INFO]   ✓ Evidence integrity verified (     333 files)
[2026-09-01 04:12:28] [GATE-4-5] [INFO]   ✓ Session validation passed (1788228748s duration)
[2026-09-01 04:12:28] [GATE-4-5] [INFO] Compliance report written to: /Users/andriileukhin/Documents/SovereignNexus/.smaos/compliance_check_1788228708.json
[2026-09-01 04:12:28] [GATE-4-5] [INFO] =========================================
[2026-09-01 04:12:28] [GATE-4-5] [INFO] Gate 4-5 Summary:
[2026-09-01 04:12:28] [GATE-4-5] [INFO]   Gate 4 (AP2 anchor):     PASS (4/4)
[2026-09-01 04:12:28] [GATE-4-5] [INFO]   Gate 5 (compliance):     PASS (4/5)
[2026-09-01 04:12:28] [GATE-4-5] [INFO]   Compliance Report:       compliance_check_1788228708.json
[2026-09-01 04:12:28] [GATE-4-5] [INFO] =========================================
[2026-09-01 04:12:28] [GATE-4-5] [INFO] Gate 4-5 PASSED: Session compliance verified, ready for shutdown
[2026-09-01 04:12:38] [GATE-4-5] [INFO] === Gate 4-5 Serial Verification ===
[2026-09-01 04:12:38] [GATE-4-5] [INFO] GATE 4: AP2 Merkle ledger anchoring...
[2026-09-01 04:12:38] [GATE-4-5] [INFO]   ✓ Collected      324 work receipts for Merkle tree
[2026-09-01 04:12:38] [GATE-4-5] [INFO]   ✓ AP2 Merkle tree entry created
[2026-09-01 04:12:38] [GATE-4-5] [INFO]   ✓ AP2 ledger entry integrity verified (SHA256: 3cd14e2c892dfa0a...)
[2026-09-01 04:12:38] [GATE-4-5] [INFO]   ✓ AP2 ledger staged for commit
[2026-09-01 04:12:41] [GATE-4-5] [INFO]   ✓ AP2 ledger committed to git
[2026-09-01 04:12:41] [GATE-4-5] [INFO] GATE 5: Final compliance check...
[2026-09-01 04:13:17] [GATE-4-5] [INFO]   ✓ Git policy compliance verified
[2026-09-01 04:13:17] [GATE-4-5] [INFO]   ✓ Found 4/7 proof artifacts
[2026-09-01 04:13:17] [GATE-4-5] [INFO]   ✓ Evidence integrity verified (     335 files)
[2026-09-01 04:13:17] [GATE-4-5] [INFO]   ✓ Session validation passed (1788228797s duration)
[2026-09-01 04:13:17] [GATE-4-5] [INFO] Compliance report written to: /Users/andriileukhin/Documents/SovereignNexus/.smaos/compliance_check_1788228758.json
[2026-09-01 04:13:17] [GATE-4-5] [INFO] =========================================
[2026-09-01 04:13:17] [GATE-4-5] [INFO] Gate 4-5 Summary:
[2026-09-01 04:13:17] [GATE-4-5] [INFO]   Gate 4 (AP2 anchor):     PASS (4/4)
[2026-09-01 04:13:17] [GATE-4-5] [INFO]   Gate 5 (compliance):     PASS (4/5)
[2026-09-01 04:13:17] [GATE-4-5] [INFO]   Compliance Report:       compliance_check_1788228758.json
[2026-09-01 04:13:17] [GATE-4-5] [INFO] =========================================
[2026-09-01 04:13:17] [GATE-4-5] [INFO] Gate 4-5 PASSED: Session compliance verified, ready for shutdown
[2026-09-01 04:14:30] [GATE-4-5] [INFO] === Gate 4-5 Serial Verification ===
[2026-09-01 04:14:30] [GATE-4-5] [INFO] GATE 4: AP2 Merkle ledger anchoring...
[2026-09-01 04:14:30] [GATE-4-5] [INFO]   ✓ Collected      329 work receipts for Merkle tree
[2026-09-01 04:14:30] [GATE-4-5] [INFO]   ✓ AP2 Merkle tree entry created
[2026-09-01 04:14:30] [GATE-4-5] [INFO]   ✓ AP2 ledger entry integrity verified (SHA256: 577a66ae35de9d3d...)
[2026-09-01 04:14:30] [GATE-4-5] [INFO]   ✓ AP2 ledger staged for commit
[2026-09-01 04:14:33] [GATE-4-5] [INFO]   ✓ AP2 ledger committed to git
[2026-09-01 04:14:33] [GATE-4-5] [INFO] GATE 5: Final compliance check...
[2026-09-01 04:15:10] [GATE-4-5] [INFO]   ✓ Git policy compliance verified
[2026-09-01 04:15:10] [GATE-4-5] [INFO]   ✓ Found 4/7 proof artifacts
[2026-09-01 04:15:10] [GATE-4-5] [INFO]   ✓ Evidence integrity verified (     338 files)
[2026-09-01 04:15:10] [GATE-4-5] [INFO]   ✓ Session validation passed (1788228910s duration)
[2026-09-01 04:15:10] [GATE-4-5] [INFO] Compliance report written to: /Users/andriileukhin/Documents/SovereignNexus/.smaos/compliance_check_1788228870.json
[2026-09-01 04:15:10] [GATE-4-5] [INFO] =========================================
[2026-09-01 04:15:10] [GATE-4-5] [INFO] Gate 4-5 Summary:
[2026-09-01 04:15:10] [GATE-4-5] [INFO]   Gate 4 (AP2 anchor):     PASS (4/4)
[2026-09-01 04:15:10] [GATE-4-5] [INFO]   Gate 5 (compliance):     PASS (4/5)
[2026-09-01 04:15:10] [GATE-4-5] [INFO]   Compliance Report:       compliance_check_1788228870.json
[2026-09-01 04:15:10] [GATE-4-5] [INFO] =========================================
[2026-09-01 04:15:10] [GATE-4-5] [INFO] Gate 4-5 PASSED: Session compliance verified, ready for shutdown
[2026-09-01 04:16:46] [GATE-4-5] [INFO] === Gate 4-5 Serial Verification ===
[2026-09-01 04:16:46] [GATE-4-5] [INFO] GATE 4: AP2 Merkle ledger anchoring...
[2026-09-01 04:16:46] [GATE-4-5] [INFO]   ✓ Collected      331 work receipts for Merkle tree
[2026-09-01 04:16:46] [GATE-4-5] [INFO]   ✓ AP2 Merkle tree entry created
[2026-09-01 04:16:46] [GATE-4-5] [INFO]   ✓ AP2 ledger entry integrity verified (SHA256: f48338977d797142...)
[2026-09-01 04:16:46] [GATE-4-5] [INFO]   ✓ AP2 ledger staged for commit
[2026-09-01 04:16:49] [GATE-4-5] [INFO]   ✓ AP2 ledger committed to git
[2026-09-01 04:16:49] [GATE-4-5] [INFO] GATE 5: Final compliance check...
[2026-09-01 04:17:24] [GATE-4-5] [INFO]   ✓ Git policy compliance verified
[2026-09-01 04:17:24] [GATE-4-5] [INFO]   ✓ Found 4/7 proof artifacts
[2026-09-01 04:17:24] [GATE-4-5] [INFO]   ✓ Evidence integrity verified (     340 files)
[2026-09-01 04:17:24] [GATE-4-5] [INFO]   ✓ Session validation passed (1788229044s duration)
[2026-09-01 04:17:24] [GATE-4-5] [INFO] Compliance report written to: /Users/andriileukhin/Documents/SovereignNexus/.smaos/compliance_check_1788229006.json
[2026-09-01 04:17:24] [GATE-4-5] [INFO] =========================================
[2026-09-01 04:17:24] [GATE-4-5] [INFO] Gate 4-5 Summary:
[2026-09-01 04:17:24] [GATE-4-5] [INFO]   Gate 4 (AP2 anchor):     PASS (4/4)
[2026-09-01 04:17:24] [GATE-4-5] [INFO]   Gate 5 (compliance):     PASS (4/5)
[2026-09-01 04:17:24] [GATE-4-5] [INFO]   Compliance Report:       compliance_check_1788229006.json
[2026-09-01 04:17:24] [GATE-4-5] [INFO] =========================================
[2026-09-01 04:17:24] [GATE-4-5] [INFO] Gate 4-5 PASSED: Session compliance verified, ready for shutdown
[2026-09-01 04:18:22] [GATE-4-5] [INFO] === Gate 4-5 Serial Verification ===
[2026-09-01 04:18:22] [GATE-4-5] [INFO] GATE 4: AP2 Merkle ledger anchoring...
[2026-09-01 04:18:22] [GATE-4-5] [INFO]   ✓ Collected      337 work receipts for Merkle tree
[2026-09-01 04:18:22] [GATE-4-5] [INFO]   ✓ AP2 Merkle tree entry created
[2026-09-01 04:18:22] [GATE-4-5] [INFO]   ✓ AP2 ledger entry integrity verified (SHA256: 0e8029038cc47cf9...)
[2026-09-01 04:18:22] [GATE-4-5] [WARN]   ⚠ Could not stage AP2 ledger for commit
[2026-09-01 04:18:22] [GATE-4-5] [INFO] GATE 5: Final compliance check...
[2026-09-01 04:18:59] [GATE-4-5] [INFO]   ✓ Git policy compliance verified
[2026-09-01 04:18:59] [GATE-4-5] [INFO]   ✓ Found 4/7 proof artifacts
[2026-09-01 04:18:59] [GATE-4-5] [INFO]   ✓ Evidence integrity verified (     352 files)
[2026-09-01 04:18:59] [GATE-4-5] [INFO]   ✓ Session validation passed (1788229139s duration)
[2026-09-01 04:18:59] [GATE-4-5] [INFO] Compliance report written to: /Users/andriileukhin/Documents/SovereignNexus/.smaos/compliance_check_1788229102.json
[2026-09-01 04:18:59] [GATE-4-5] [INFO] =========================================
[2026-09-01 04:18:59] [GATE-4-5] [INFO] Gate 4-5 Summary:
[2026-09-01 04:18:59] [GATE-4-5] [INFO]   Gate 4 (AP2 anchor):     PASS (3/4)
[2026-09-01 04:18:59] [GATE-4-5] [INFO]   Gate 5 (compliance):     PASS (4/5)
[2026-09-01 04:18:59] [GATE-4-5] [INFO]   Compliance Report:       compliance_check_1788229102.json
[2026-09-01 04:18:59] [GATE-4-5] [INFO] =========================================
[2026-09-01 04:18:59] [GATE-4-5] [INFO] Gate 4-5 PASSED: Session compliance verified, ready for shutdown
[2026-09-01 04:22:05] [GATE-4-5] [INFO] === Gate 4-5 Serial Verification ===
[2026-09-01 04:22:05] [GATE-4-5] [INFO] GATE 4: AP2 Merkle ledger anchoring...
[2026-09-01 04:22:05] [GATE-4-5] [INFO]   ✓ Collected      382 work receipts for Merkle tree
[2026-09-01 04:22:05] [GATE-4-5] [INFO]   ✓ AP2 Merkle tree entry created
[2026-09-01 04:22:05] [GATE-4-5] [INFO]   ✓ AP2 ledger entry integrity verified (SHA256: ebf6877b86430a25...)
[2026-09-01 04:22:05] [GATE-4-5] [INFO]   ✓ AP2 ledger staged for commit
[2026-09-01 04:22:08] [GATE-4-5] [INFO]   ✓ AP2 ledger committed to git
[2026-09-01 04:22:08] [GATE-4-5] [INFO] GATE 5: Final compliance check...
[2026-09-01 04:22:46] [GATE-4-5] [INFO]   ✓ Git policy compliance verified
[2026-09-01 04:22:46] [GATE-4-5] [INFO]   ✓ Found 4/7 proof artifacts
[2026-09-01 04:22:46] [GATE-4-5] [INFO]   ✓ Evidence integrity verified (     393 files)
[2026-09-01 04:22:46] [GATE-4-5] [INFO]   ✓ Session validation passed (1788229366s duration)
[2026-09-01 04:22:46] [GATE-4-5] [INFO] Compliance report written to: /Users/andriileukhin/Documents/SovereignNexus/.smaos/compliance_check_1788229325.json
[2026-09-01 04:22:46] [GATE-4-5] [INFO] =========================================
[2026-09-01 04:22:46] [GATE-4-5] [INFO] Gate 4-5 Summary:
[2026-09-01 04:22:46] [GATE-4-5] [INFO]   Gate 4 (AP2 anchor):     PASS (4/4)
[2026-09-01 04:22:46] [GATE-4-5] [INFO]   Gate 5 (compliance):     PASS (4/5)
[2026-09-01 04:22:46] [GATE-4-5] [INFO]   Compliance Report:       compliance_check_1788229325.json
[2026-09-01 04:22:46] [GATE-4-5] [INFO] =========================================
[2026-09-01 04:22:46] [GATE-4-5] [INFO] Gate 4-5 PASSED: Session compliance verified, ready for shutdown
[2026-09-01 04:22:53] [GATE-4-5] [INFO] === Gate 4-5 Serial Verification ===
[2026-09-01 04:22:53] [GATE-4-5] [INFO] GATE 4: AP2 Merkle ledger anchoring...
[2026-09-01 04:22:53] [GATE-4-5] [INFO]   ✓ Collected      385 work receipts for Merkle tree
[2026-09-01 04:22:53] [GATE-4-5] [INFO]   ✓ AP2 Merkle tree entry created
[2026-09-01 04:22:53] [GATE-4-5] [INFO]   ✓ AP2 ledger entry integrity verified (SHA256: 39df8ebe74284a76...)
[2026-09-01 04:22:53] [GATE-4-5] [INFO]   ✓ AP2 ledger staged for commit
[2026-09-01 04:22:56] [GATE-4-5] [INFO]   ✓ AP2 ledger committed to git
[2026-09-01 04:22:56] [GATE-4-5] [INFO] GATE 5: Final compliance check...
[2026-09-01 04:23:32] [GATE-4-5] [INFO]   ✓ Git policy compliance verified
[2026-09-01 04:23:32] [GATE-4-5] [INFO]   ✓ Found 4/7 proof artifacts
[2026-09-01 04:23:32] [GATE-4-5] [INFO]   ✓ Evidence integrity verified (     394 files)
[2026-09-01 04:23:32] [GATE-4-5] [INFO]   ✓ Session validation passed (1788229412s duration)
[2026-09-01 04:23:32] [GATE-4-5] [INFO] Compliance report written to: /Users/andriileukhin/Documents/SovereignNexus/.smaos/compliance_check_1788229373.json
[2026-09-01 04:23:32] [GATE-4-5] [INFO] =========================================
[2026-09-01 04:23:32] [GATE-4-5] [INFO] Gate 4-5 Summary:
[2026-09-01 04:23:32] [GATE-4-5] [INFO]   Gate 4 (AP2 anchor):     PASS (4/4)
[2026-09-01 04:23:32] [GATE-4-5] [INFO]   Gate 5 (compliance):     PASS (4/5)
[2026-09-01 04:23:32] [GATE-4-5] [INFO]   Compliance Report:       compliance_check_1788229373.json
[2026-09-01 04:23:32] [GATE-4-5] [INFO] =========================================
[2026-09-01 04:23:32] [GATE-4-5] [INFO] Gate 4-5 PASSED: Session compliance verified, ready for shutdown
[2026-09-01 04:27:24] [GATE-4-5] [INFO] === Gate 4-5 Serial Verification ===
[2026-09-01 04:27:24] [GATE-4-5] [INFO] GATE 4: AP2 Merkle ledger anchoring...
[2026-09-01 04:27:24] [GATE-4-5] [INFO]   ✓ Collected      390 work receipts for Merkle tree
[2026-09-01 04:27:25] [GATE-4-5] [INFO]   ✓ AP2 Merkle tree entry created
[2026-09-01 04:27:25] [GATE-4-5] [INFO]   ✓ AP2 ledger entry integrity verified (SHA256: f2dd64801bacf846...)
[2026-09-01 04:27:25] [GATE-4-5] [INFO]   ✓ AP2 ledger staged for commit
[2026-09-01 04:27:28] [GATE-4-5] [INFO]   ✓ AP2 ledger committed to git
[2026-09-01 04:27:28] [GATE-4-5] [INFO] GATE 5: Final compliance check...
[2026-09-01 04:28:05] [GATE-4-5] [INFO]   ✓ Git policy compliance verified
[2026-09-01 04:28:05] [GATE-4-5] [INFO]   ✓ Found 4/7 proof artifacts
[2026-09-01 04:28:05] [GATE-4-5] [INFO]   ✓ Evidence integrity verified (     399 files)
[2026-09-01 04:28:05] [GATE-4-5] [INFO]   ✓ Session validation passed (1788229685s duration)
[2026-09-01 04:28:05] [GATE-4-5] [INFO] Compliance report written to: /Users/andriileukhin/Documents/SovereignNexus/.smaos/compliance_check_1788229644.json
[2026-09-01 04:28:05] [GATE-4-5] [INFO] =========================================
[2026-09-01 04:28:05] [GATE-4-5] [INFO] Gate 4-5 Summary:
[2026-09-01 04:28:05] [GATE-4-5] [INFO]   Gate 4 (AP2 anchor):     PASS (4/4)
[2026-09-01 04:28:05] [GATE-4-5] [INFO]   Gate 5 (compliance):     PASS (4/5)
[2026-09-01 04:28:05] [GATE-4-5] [INFO]   Compliance Report:       compliance_check_1788229644.json
[2026-09-01 04:28:05] [GATE-4-5] [INFO] =========================================
[2026-09-01 04:28:05] [GATE-4-5] [INFO] Gate 4-5 PASSED: Session compliance verified, ready for shutdown
[2026-09-01 04:38:23] [GATE-4-5] [INFO] === Gate 4-5 Serial Verification ===
[2026-09-01 04:38:23] [GATE-4-5] [INFO] GATE 4: AP2 Merkle ledger anchoring...
[2026-09-01 04:38:23] [GATE-4-5] [INFO]   ✓ Collected      390 work receipts for Merkle tree
[2026-09-01 04:38:23] [GATE-4-5] [INFO]   ✓ AP2 Merkle tree entry created
[2026-09-01 04:38:23] [GATE-4-5] [INFO]   ✓ AP2 ledger entry integrity verified (SHA256: cf2ae3aac7382008...)
[2026-09-01 04:38:23] [GATE-4-5] [INFO]   ✓ AP2 ledger staged for commit
[2026-09-01 04:38:26] [GATE-4-5] [INFO]   ✓ AP2 ledger committed to git
[2026-09-01 04:38:26] [GATE-4-5] [INFO] GATE 5: Final compliance check...
[2026-09-01 04:39:01] [GATE-4-5] [INFO]   ✓ Git policy compliance verified
[2026-09-01 04:39:01] [GATE-4-5] [INFO]   ✓ Found 4/7 proof artifacts
[2026-09-01 04:39:01] [GATE-4-5] [INFO]   ✓ Evidence integrity verified (     399 files)
[2026-09-01 04:39:01] [GATE-4-5] [INFO]   ✓ Session validation passed (1788230341s duration)
[2026-09-01 04:39:01] [GATE-4-5] [INFO] Compliance report written to: /Users/andriileukhin/Documents/SovereignNexus/.smaos/compliance_check_1788230303.json
[2026-09-01 04:39:01] [GATE-4-5] [INFO] =========================================
[2026-09-01 04:39:01] [GATE-4-5] [INFO] Gate 4-5 Summary:
[2026-09-01 04:39:01] [GATE-4-5] [INFO]   Gate 4 (AP2 anchor):     PASS (4/4)
[2026-09-01 04:39:01] [GATE-4-5] [INFO]   Gate 5 (compliance):     PASS (4/5)
[2026-09-01 04:39:01] [GATE-4-5] [INFO]   Compliance Report:       compliance_check_1788230303.json
[2026-09-01 04:39:01] [GATE-4-5] [INFO] =========================================
[2026-09-01 04:39:01] [GATE-4-5] [INFO] Gate 4-5 PASSED: Session compliance verified, ready for shutdown
[2026-09-01 04:39:48] [GATE-4-5] [INFO] === Gate 4-5 Serial Verification ===
[2026-09-01 04:39:48] [GATE-4-5] [INFO] GATE 4: AP2 Merkle ledger anchoring...
[2026-09-01 04:39:48] [GATE-4-5] [INFO]   ✓ Collected      391 work receipts for Merkle tree
[2026-09-01 04:39:48] [GATE-4-5] [INFO]   ✓ AP2 Merkle tree entry created
[2026-09-01 04:39:48] [GATE-4-5] [INFO]   ✓ AP2 ledger entry integrity verified (SHA256: 0dbd25a1fd8e1641...)
[2026-09-01 04:39:48] [GATE-4-5] [INFO]   ✓ AP2 ledger staged for commit
[2026-09-01 04:39:49] [GATE-4-5] [INFO]   ✓ AP2 ledger committed to git
[2026-09-01 04:39:49] [GATE-4-5] [INFO] GATE 5: Final compliance check...
[2026-09-01 04:40:27] [GATE-4-5] [INFO]   ✓ Git policy compliance verified
[2026-09-01 04:40:27] [GATE-4-5] [INFO]   ✓ Found 4/7 proof artifacts
[2026-09-01 04:40:27] [GATE-4-5] [INFO]   ✓ Evidence integrity verified (     401 files)
[2026-09-01 04:40:27] [GATE-4-5] [INFO]   ✓ Session validation passed (1788230427s duration)
[2026-09-01 04:40:27] [GATE-4-5] [INFO] Compliance report written to: /Users/andriileukhin/Documents/SovereignNexus/.smaos/compliance_check_1788230388.json
[2026-09-01 04:40:27] [GATE-4-5] [INFO] =========================================
[2026-09-01 04:40:27] [GATE-4-5] [INFO] Gate 4-5 Summary:
[2026-09-01 04:40:27] [GATE-4-5] [INFO]   Gate 4 (AP2 anchor):     PASS (4/4)
[2026-09-01 04:40:27] [GATE-4-5] [INFO]   Gate 5 (compliance):     PASS (4/5)
[2026-09-01 04:40:27] [GATE-4-5] [INFO]   Compliance Report:       compliance_check_1788230388.json
[2026-09-01 04:40:27] [GATE-4-5] [INFO] =========================================
[2026-09-01 04:40:27] [GATE-4-5] [INFO] Gate 4-5 PASSED: Session compliance verified, ready for shutdown
[2026-09-01 04:43:06] [GATE-4-5] [INFO] === Gate 4-5 Serial Verification ===
[2026-09-01 04:43:06] [GATE-4-5] [INFO] GATE 4: AP2 Merkle ledger anchoring...
[2026-09-01 04:43:06] [GATE-4-5] [INFO]   ✓ Collected      397 work receipts for Merkle tree
[2026-09-01 04:43:06] [GATE-4-5] [INFO]   ✓ AP2 Merkle tree entry created
[2026-09-01 04:43:06] [GATE-4-5] [INFO]   ✓ AP2 ledger entry integrity verified (SHA256: 13a07ceb55afbb5b...)
[2026-09-01 04:43:06] [GATE-4-5] [INFO]   ✓ AP2 ledger staged for commit
[2026-09-01 04:43:09] [GATE-4-5] [INFO]   ✓ AP2 ledger committed to git
[2026-09-01 04:43:09] [GATE-4-5] [INFO] GATE 5: Final compliance check...
[2026-09-01 04:43:44] [GATE-4-5] [INFO]   ✓ Git policy compliance verified
[2026-09-01 04:43:44] [GATE-4-5] [INFO]   ✓ Found 4/7 proof artifacts
[2026-09-01 04:43:44] [GATE-4-5] [INFO]   ✓ Evidence integrity verified (     406 files)
[2026-09-01 04:43:44] [GATE-4-5] [INFO]   ✓ Session validation passed (1788230624s duration)
[2026-09-01 04:43:44] [GATE-4-5] [INFO] Compliance report written to: /Users/andriileukhin/Documents/SovereignNexus/.smaos/compliance_check_1788230586.json
[2026-09-01 04:43:44] [GATE-4-5] [INFO] =========================================
[2026-09-01 04:43:44] [GATE-4-5] [INFO] Gate 4-5 Summary:
[2026-09-01 04:43:44] [GATE-4-5] [INFO]   Gate 4 (AP2 anchor):     PASS (4/4)
[2026-09-01 04:43:44] [GATE-4-5] [INFO]   Gate 5 (compliance):     PASS (4/5)
[2026-09-01 04:43:44] [GATE-4-5] [INFO]   Compliance Report:       compliance_check_1788230586.json
[2026-09-01 04:43:44] [GATE-4-5] [INFO] =========================================
[2026-09-01 04:43:44] [GATE-4-5] [INFO] Gate 4-5 PASSED: Session compliance verified, ready for shutdown
[2026-09-01 04:45:01] [GATE-4-5] [INFO] === Gate 4-5 Serial Verification ===
[2026-09-01 04:45:01] [GATE-4-5] [INFO] GATE 4: AP2 Merkle ledger anchoring...
[2026-09-01 04:45:01] [GATE-4-5] [INFO]   ✓ Collected      398 work receipts for Merkle tree
[2026-09-01 04:45:01] [GATE-4-5] [INFO]   ✓ AP2 Merkle tree entry created
[2026-09-01 04:45:01] [GATE-4-5] [INFO]   ✓ AP2 ledger entry integrity verified (SHA256: f40e108d82d2ee8e...)
[2026-09-01 04:45:01] [GATE-4-5] [INFO]   ✓ AP2 ledger staged for commit
[2026-09-01 04:45:05] [GATE-4-5] [INFO]   ✓ AP2 ledger committed to git
[2026-09-01 04:45:05] [GATE-4-5] [INFO] GATE 5: Final compliance check...
[2026-09-01 04:45:41] [GATE-4-5] [INFO]   ✓ Git policy compliance verified
[2026-09-01 04:45:41] [GATE-4-5] [INFO]   ✓ Found 4/7 proof artifacts
[2026-09-01 04:45:41] [GATE-4-5] [INFO]   ✓ Evidence integrity verified (     407 files)
[2026-09-01 04:45:41] [GATE-4-5] [INFO]   ✓ Session validation passed (1788230741s duration)
[2026-09-01 04:45:41] [GATE-4-5] [INFO] Compliance report written to: /Users/andriileukhin/Documents/SovereignNexus/.smaos/compliance_check_1788230701.json
[2026-09-01 04:45:41] [GATE-4-5] [INFO] =========================================
[2026-09-01 04:45:41] [GATE-4-5] [INFO] Gate 4-5 Summary:
[2026-09-01 04:45:41] [GATE-4-5] [INFO]   Gate 4 (AP2 anchor):     PASS (4/4)
[2026-09-01 04:45:41] [GATE-4-5] [INFO]   Gate 5 (compliance):     PASS (4/5)
[2026-09-01 04:45:41] [GATE-4-5] [INFO]   Compliance Report:       compliance_check_1788230701.json
[2026-09-01 04:45:41] [GATE-4-5] [INFO] =========================================
[2026-09-01 04:45:41] [GATE-4-5] [INFO] Gate 4-5 PASSED: Session compliance verified, ready for shutdown
[2026-09-01 04:47:27] [GATE-4-5] [INFO] === Gate 4-5 Serial Verification ===
[2026-09-01 04:47:27] [GATE-4-5] [INFO] GATE 4: AP2 Merkle ledger anchoring...
[2026-09-01 04:47:27] [GATE-4-5] [INFO]   ✓ Collected      398 work receipts for Merkle tree
[2026-09-01 04:47:27] [GATE-4-5] [INFO]   ✓ AP2 Merkle tree entry created
[2026-09-01 04:47:27] [GATE-4-5] [INFO]   ✓ AP2 ledger entry integrity verified (SHA256: b666cee69caae205...)
[2026-09-01 04:47:28] [GATE-4-5] [INFO]   ✓ AP2 ledger staged for commit
[2026-09-01 04:47:29] [GATE-4-5] [INFO]   ✓ AP2 ledger committed to git
[2026-09-01 04:47:29] [GATE-4-5] [INFO] GATE 5: Final compliance check...
[2026-09-01 04:48:05] [GATE-4-5] [INFO]   ✓ Git policy compliance verified
[2026-09-01 04:48:05] [GATE-4-5] [INFO]   ✓ Found 4/7 proof artifacts
[2026-09-01 04:48:05] [GATE-4-5] [INFO]   ✓ Evidence integrity verified (     407 files)
[2026-09-01 04:48:05] [GATE-4-5] [INFO]   ✓ Session validation passed (1788230885s duration)
[2026-09-01 04:48:05] [GATE-4-5] [INFO] Compliance report written to: /Users/andriileukhin/Documents/SovereignNexus/.smaos/compliance_check_1788230847.json
[2026-09-01 04:48:05] [GATE-4-5] [INFO] =========================================
[2026-09-01 04:48:05] [GATE-4-5] [INFO] Gate 4-5 Summary:
[2026-09-01 04:48:05] [GATE-4-5] [INFO]   Gate 4 (AP2 anchor):     PASS (4/4)
[2026-09-01 04:48:05] [GATE-4-5] [INFO]   Gate 5 (compliance):     PASS (4/5)
[2026-09-01 04:48:05] [GATE-4-5] [INFO]   Compliance Report:       compliance_check_1788230847.json
[2026-09-01 04:48:05] [GATE-4-5] [INFO] =========================================
[2026-09-01 04:48:05] [GATE-4-5] [INFO] Gate 4-5 PASSED: Session compliance verified, ready for shutdown
[2026-09-01 04:50:22] [GATE-4-5] [INFO] === Gate 4-5 Serial Verification ===
[2026-09-01 04:50:22] [GATE-4-5] [INFO] GATE 4: AP2 Merkle ledger anchoring...
[2026-09-01 04:50:22] [GATE-4-5] [INFO]   ✓ Collected      399 work receipts for Merkle tree
[2026-09-01 04:50:22] [GATE-4-5] [INFO]   ✓ AP2 Merkle tree entry created
[2026-09-01 04:50:22] [GATE-4-5] [INFO]   ✓ AP2 ledger entry integrity verified (SHA256: dc01314d602b3efa...)
[2026-09-01 04:50:22] [GATE-4-5] [INFO]   ✓ AP2 ledger staged for commit
[2026-09-01 04:50:25] [GATE-4-5] [INFO]   ✓ AP2 ledger committed to git
[2026-09-01 04:50:25] [GATE-4-5] [INFO] GATE 5: Final compliance check...
[2026-09-01 04:51:01] [GATE-4-5] [INFO]   ✓ Git policy compliance verified
[2026-09-01 04:51:01] [GATE-4-5] [INFO]   ✓ Found 4/7 proof artifacts
[2026-09-01 04:51:01] [GATE-4-5] [INFO]   ✓ Evidence integrity verified (     408 files)
[2026-09-01 04:51:01] [GATE-4-5] [INFO]   ✓ Session validation passed (1788231061s duration)
[2026-09-01 04:51:01] [GATE-4-5] [INFO] Compliance report written to: /Users/andriileukhin/Documents/SovereignNexus/.smaos/compliance_check_1788231022.json
[2026-09-01 04:51:01] [GATE-4-5] [INFO] =========================================
[2026-09-01 04:51:01] [GATE-4-5] [INFO] Gate 4-5 Summary:
[2026-09-01 04:51:01] [GATE-4-5] [INFO]   Gate 4 (AP2 anchor):     PASS (4/4)
[2026-09-01 04:51:01] [GATE-4-5] [INFO]   Gate 5 (compliance):     PASS (4/5)
[2026-09-01 04:51:01] [GATE-4-5] [INFO]   Compliance Report:       compliance_check_1788231022.json
[2026-09-01 04:51:01] [GATE-4-5] [INFO] =========================================
[2026-09-01 04:51:01] [GATE-4-5] [INFO] Gate 4-5 PASSED: Session compliance verified, ready for shutdown
[2026-09-01 04:51:53] [GATE-4-5] [INFO] === Gate 4-5 Serial Verification ===
[2026-09-01 04:51:53] [GATE-4-5] [INFO] GATE 4: AP2 Merkle ledger anchoring...
[2026-09-01 04:51:53] [GATE-4-5] [INFO]   ✓ Collected      400 work receipts for Merkle tree
[2026-09-01 04:51:53] [GATE-4-5] [INFO]   ✓ AP2 Merkle tree entry created
[2026-09-01 04:51:53] [GATE-4-5] [INFO]   ✓ AP2 ledger entry integrity verified (SHA256: e6ff97a78887cf41...)
[2026-09-01 04:51:53] [GATE-4-5] [INFO]   ✓ AP2 ledger staged for commit
[2026-09-01 04:51:56] [GATE-4-5] [INFO]   ✓ AP2 ledger committed to git
[2026-09-01 04:51:56] [GATE-4-5] [INFO] GATE 5: Final compliance check...
[2026-09-01 04:52:33] [GATE-4-5] [INFO]   ✓ Git policy compliance verified
[2026-09-01 04:52:33] [GATE-4-5] [INFO]   ✓ Found 4/7 proof artifacts
[2026-09-01 04:52:33] [GATE-4-5] [INFO]   ✓ Evidence integrity verified (     409 files)
[2026-09-01 04:52:33] [GATE-4-5] [INFO]   ✓ Session validation passed (1788231153s duration)
[2026-09-01 04:52:33] [GATE-4-5] [INFO] Compliance report written to: /Users/andriileukhin/Documents/SovereignNexus/.smaos/compliance_check_1788231113.json
[2026-09-01 04:52:33] [GATE-4-5] [INFO] =========================================
[2026-09-01 04:52:33] [GATE-4-5] [INFO] Gate 4-5 Summary:
[2026-09-01 04:52:33] [GATE-4-5] [INFO]   Gate 4 (AP2 anchor):     PASS (4/4)
[2026-09-01 04:52:33] [GATE-4-5] [INFO]   Gate 5 (compliance):     PASS (4/5)
[2026-09-01 04:52:33] [GATE-4-5] [INFO]   Compliance Report:       compliance_check_1788231113.json
[2026-09-01 04:52:33] [GATE-4-5] [INFO] =========================================
[2026-09-01 04:52:33] [GATE-4-5] [INFO] Gate 4-5 PASSED: Session compliance verified, ready for shutdown
[2026-09-01 04:52:48] [GATE-4-5] [INFO] === Gate 4-5 Serial Verification ===
[2026-09-01 04:52:48] [GATE-4-5] [INFO] GATE 4: AP2 Merkle ledger anchoring...
[2026-09-01 04:52:48] [GATE-4-5] [INFO]   ✓ Collected      400 work receipts for Merkle tree
[2026-09-01 04:52:48] [GATE-4-5] [INFO]   ✓ AP2 Merkle tree entry created
[2026-09-01 04:52:48] [GATE-4-5] [INFO]   ✓ AP2 ledger entry integrity verified (SHA256: d762b7b551d76231...)
[2026-09-01 04:52:48] [GATE-4-5] [INFO]   ✓ AP2 ledger staged for commit
[2026-09-01 04:52:50] [GATE-4-5] [INFO]   ✓ AP2 ledger committed to git
[2026-09-01 04:52:50] [GATE-4-5] [INFO] GATE 5: Final compliance check...
[2026-09-01 04:53:26] [GATE-4-5] [INFO]   ✓ Git policy compliance verified
[2026-09-01 04:53:26] [GATE-4-5] [INFO]   ✓ Found 4/7 proof artifacts
[2026-09-01 04:53:26] [GATE-4-5] [INFO]   ✓ Evidence integrity verified (     409 files)
[2026-09-01 04:53:26] [GATE-4-5] [INFO]   ✓ Session validation passed (1788231206s duration)
[2026-09-01 04:53:26] [GATE-4-5] [INFO] Compliance report written to: /Users/andriileukhin/Documents/SovereignNexus/.smaos/compliance_check_1788231168.json
[2026-09-01 04:53:26] [GATE-4-5] [INFO] =========================================
[2026-09-01 04:53:26] [GATE-4-5] [INFO] Gate 4-5 Summary:
[2026-09-01 04:53:26] [GATE-4-5] [INFO]   Gate 4 (AP2 anchor):     PASS (4/4)
[2026-09-01 04:53:26] [GATE-4-5] [INFO]   Gate 5 (compliance):     PASS (4/5)
[2026-09-01 04:53:26] [GATE-4-5] [INFO]   Compliance Report:       compliance_check_1788231168.json
[2026-09-01 04:53:26] [GATE-4-5] [INFO] =========================================
[2026-09-01 04:53:26] [GATE-4-5] [INFO] Gate 4-5 PASSED: Session compliance verified, ready for shutdown
[2026-09-01 04:54:33] [GATE-4-5] [INFO] === Gate 4-5 Serial Verification ===
[2026-09-01 04:54:33] [GATE-4-5] [INFO] GATE 4: AP2 Merkle ledger anchoring...
[2026-09-01 04:54:33] [GATE-4-5] [INFO]   ✓ Collected      401 work receipts for Merkle tree
[2026-09-01 04:54:33] [GATE-4-5] [INFO]   ✓ AP2 Merkle tree entry created
[2026-09-01 04:54:33] [GATE-4-5] [INFO]   ✓ AP2 ledger entry integrity verified (SHA256: 2467c5bb5561b14a...)
[2026-09-01 04:54:33] [GATE-4-5] [INFO]   ✓ AP2 ledger staged for commit
[2026-09-01 04:54:37] [GATE-4-5] [INFO]   ✓ AP2 ledger committed to git
[2026-09-01 04:54:37] [GATE-4-5] [INFO] GATE 5: Final compliance check...
[2026-09-01 04:55:12] [GATE-4-5] [INFO]   ✓ Git policy compliance verified
[2026-09-01 04:55:12] [GATE-4-5] [INFO]   ✓ Found 4/7 proof artifacts
[2026-09-01 04:55:12] [GATE-4-5] [INFO]   ✓ Evidence integrity verified (     410 files)
[2026-09-01 04:55:12] [GATE-4-5] [INFO]   ✓ Session validation passed (1788231312s duration)
[2026-09-01 04:55:12] [GATE-4-5] [INFO] Compliance report written to: /Users/andriileukhin/Documents/SovereignNexus/.smaos/compliance_check_1788231273.json
[2026-09-01 04:55:12] [GATE-4-5] [INFO] =========================================
[2026-09-01 04:55:12] [GATE-4-5] [INFO] Gate 4-5 Summary:
[2026-09-01 04:55:12] [GATE-4-5] [INFO]   Gate 4 (AP2 anchor):     PASS (4/4)
[2026-09-01 04:55:12] [GATE-4-5] [INFO]   Gate 5 (compliance):     PASS (4/5)
[2026-09-01 04:55:12] [GATE-4-5] [INFO]   Compliance Report:       compliance_check_1788231273.json
[2026-09-01 04:55:12] [GATE-4-5] [INFO] =========================================
[2026-09-01 04:55:12] [GATE-4-5] [INFO] Gate 4-5 PASSED: Session compliance verified, ready for shutdown
[2026-09-01 04:55:54] [GATE-4-5] [INFO] === Gate 4-5 Serial Verification ===
[2026-09-01 04:55:54] [GATE-4-5] [INFO] GATE 4: AP2 Merkle ledger anchoring...
[2026-09-01 04:55:54] [GATE-4-5] [INFO]   ✓ Collected      402 work receipts for Merkle tree
[2026-09-01 04:55:54] [GATE-4-5] [INFO]   ✓ AP2 Merkle tree entry created
[2026-09-01 04:55:54] [GATE-4-5] [INFO]   ✓ AP2 ledger entry integrity verified (SHA256: d95c0d76da2e5615...)
[2026-09-01 04:55:54] [GATE-4-5] [INFO]   ✓ AP2 ledger staged for commit
[2026-09-01 04:55:55] [GATE-4-5] [INFO]   ✓ AP2 ledger committed to git
[2026-09-01 04:55:55] [GATE-4-5] [INFO] GATE 5: Final compliance check...
[2026-09-01 04:56:31] [GATE-4-5] [INFO]   ✓ Git policy compliance verified
[2026-09-01 04:56:31] [GATE-4-5] [INFO]   ✓ Found 4/7 proof artifacts
[2026-09-01 04:56:31] [GATE-4-5] [INFO]   ✓ Evidence integrity verified (     411 files)
[2026-09-01 04:56:31] [GATE-4-5] [INFO]   ✓ Session validation passed (1788231391s duration)
[2026-09-01 04:56:31] [GATE-4-5] [INFO] Compliance report written to: /Users/andriileukhin/Documents/SovereignNexus/.smaos/compliance_check_1788231354.json
[2026-09-01 04:56:31] [GATE-4-5] [INFO] =========================================
[2026-09-01 04:56:31] [GATE-4-5] [INFO] Gate 4-5 Summary:
[2026-09-01 04:56:31] [GATE-4-5] [INFO]   Gate 4 (AP2 anchor):     PASS (4/4)
[2026-09-01 04:56:31] [GATE-4-5] [INFO]   Gate 5 (compliance):     PASS (4/5)
[2026-09-01 04:56:31] [GATE-4-5] [INFO]   Compliance Report:       compliance_check_1788231354.json
[2026-09-01 04:56:31] [GATE-4-5] [INFO] =========================================
[2026-09-01 04:56:31] [GATE-4-5] [INFO] Gate 4-5 PASSED: Session compliance verified, ready for shutdown
[2026-09-01 04:56:45] [GATE-4-5] [INFO] === Gate 4-5 Serial Verification ===
[2026-09-01 04:56:45] [GATE-4-5] [INFO] GATE 4: AP2 Merkle ledger anchoring...
[2026-09-01 04:56:45] [GATE-4-5] [INFO]   ✓ Collected      402 work receipts for Merkle tree
[2026-09-01 04:56:45] [GATE-4-5] [INFO]   ✓ AP2 Merkle tree entry created
[2026-09-01 04:56:45] [GATE-4-5] [INFO]   ✓ AP2 ledger entry integrity verified (SHA256: 23a896cb765613f9...)
[2026-09-01 04:56:45] [GATE-4-5] [INFO]   ✓ AP2 ledger staged for commit
[2026-09-01 04:56:47] [GATE-4-5] [INFO]   ✓ AP2 ledger committed to git
[2026-09-01 04:56:47] [GATE-4-5] [INFO] GATE 5: Final compliance check...
[2026-09-01 04:57:23] [GATE-4-5] [INFO]   ✓ Git policy compliance verified
[2026-09-01 04:57:23] [GATE-4-5] [INFO]   ✓ Found 4/7 proof artifacts
[2026-09-01 04:57:23] [GATE-4-5] [INFO]   ✓ Evidence integrity verified (     411 files)
[2026-09-01 04:57:23] [GATE-4-5] [INFO]   ✓ Session validation passed (1788231443s duration)
[2026-09-01 04:57:23] [GATE-4-5] [INFO] Compliance report written to: /Users/andriileukhin/Documents/SovereignNexus/.smaos/compliance_check_1788231405.json
[2026-09-01 04:57:23] [GATE-4-5] [INFO] =========================================
[2026-09-01 04:57:23] [GATE-4-5] [INFO] Gate 4-5 Summary:
[2026-09-01 04:57:23] [GATE-4-5] [INFO]   Gate 4 (AP2 anchor):     PASS (4/4)
[2026-09-01 04:57:23] [GATE-4-5] [INFO]   Gate 5 (compliance):     PASS (4/5)
[2026-09-01 04:57:23] [GATE-4-5] [INFO]   Compliance Report:       compliance_check_1788231405.json
[2026-09-01 04:57:23] [GATE-4-5] [INFO] =========================================
[2026-09-01 04:57:23] [GATE-4-5] [INFO] Gate 4-5 PASSED: Session compliance verified, ready for shutdown
[2026-09-01 04:57:57] [GATE-4-5] [INFO] === Gate 4-5 Serial Verification ===
[2026-09-01 04:57:57] [GATE-4-5] [INFO] GATE 4: AP2 Merkle ledger anchoring...
[2026-09-01 04:57:57] [GATE-4-5] [INFO]   ✓ Collected      402 work receipts for Merkle tree
[2026-09-01 04:57:57] [GATE-4-5] [INFO]   ✓ AP2 Merkle tree entry created
[2026-09-01 04:57:57] [GATE-4-5] [INFO]   ✓ AP2 ledger entry integrity verified (SHA256: 3ee80106d65f7134...)
[2026-09-01 04:57:57] [GATE-4-5] [INFO]   ✓ AP2 ledger staged for commit
[2026-09-01 04:57:59] [GATE-4-5] [INFO]   ✓ AP2 ledger committed to git
[2026-09-01 04:57:59] [GATE-4-5] [INFO] GATE 5: Final compliance check...
[2026-09-01 04:58:34] [GATE-4-5] [INFO]   ✓ Git policy compliance verified
[2026-09-01 04:58:34] [GATE-4-5] [INFO]   ✓ Found 4/7 proof artifacts
[2026-09-01 04:58:34] [GATE-4-5] [INFO]   ✓ Evidence integrity verified (     411 files)
[2026-09-01 04:58:34] [GATE-4-5] [INFO]   ✓ Session validation passed (1788231514s duration)
[2026-09-01 04:58:34] [GATE-4-5] [INFO] Compliance report written to: /Users/andriileukhin/Documents/SovereignNexus/.smaos/compliance_check_1788231477.json
[2026-09-01 04:58:34] [GATE-4-5] [INFO] =========================================
[2026-09-01 04:58:34] [GATE-4-5] [INFO] Gate 4-5 Summary:
[2026-09-01 04:58:34] [GATE-4-5] [INFO]   Gate 4 (AP2 anchor):     PASS (4/4)
[2026-09-01 04:58:34] [GATE-4-5] [INFO]   Gate 5 (compliance):     PASS (4/5)
[2026-09-01 04:58:34] [GATE-4-5] [INFO]   Compliance Report:       compliance_check_1788231477.json
[2026-09-01 04:58:34] [GATE-4-5] [INFO] =========================================
[2026-09-01 04:58:34] [GATE-4-5] [INFO] Gate 4-5 PASSED: Session compliance verified, ready for shutdown
[2026-09-01 05:00:40] [GATE-4-5] [INFO] === Gate 4-5 Serial Verification ===
[2026-09-01 05:00:40] [GATE-4-5] [INFO] GATE 4: AP2 Merkle ledger anchoring...
[2026-09-01 05:00:40] [GATE-4-5] [INFO]   ✓ Collected      404 work receipts for Merkle tree
[2026-09-01 05:00:40] [GATE-4-5] [INFO]   ✓ AP2 Merkle tree entry created
[2026-09-01 05:00:40] [GATE-4-5] [INFO]   ✓ AP2 ledger entry integrity verified (SHA256: 70f3ae8ca926e076...)
[2026-09-01 05:00:40] [GATE-4-5] [INFO]   ✓ AP2 ledger staged for commit
[2026-09-01 05:00:41] [GATE-4-5] [INFO]   ✓ AP2 ledger committed to git
[2026-09-01 05:00:41] [GATE-4-5] [INFO] GATE 5: Final compliance check...
[2026-09-01 05:01:17] [GATE-4-5] [INFO]   ✓ Git policy compliance verified
[2026-09-01 05:01:17] [GATE-4-5] [INFO]   ✓ Found 4/7 proof artifacts
[2026-09-01 05:01:17] [GATE-4-5] [INFO]   ✓ Evidence integrity verified (     413 files)
[2026-09-01 05:01:17] [GATE-4-5] [INFO]   ✓ Session validation passed (1788231677s duration)
[2026-09-01 05:01:17] [GATE-4-5] [INFO] Compliance report written to: /Users/andriileukhin/Documents/SovereignNexus/.smaos/compliance_check_1788231640.json
[2026-09-01 05:01:17] [GATE-4-5] [INFO] =========================================
[2026-09-01 05:01:17] [GATE-4-5] [INFO] Gate 4-5 Summary:
[2026-09-01 05:01:17] [GATE-4-5] [INFO]   Gate 4 (AP2 anchor):     PASS (4/4)
[2026-09-01 05:01:17] [GATE-4-5] [INFO]   Gate 5 (compliance):     PASS (4/5)
[2026-09-01 05:01:17] [GATE-4-5] [INFO]   Compliance Report:       compliance_check_1788231640.json
[2026-09-01 05:01:17] [GATE-4-5] [INFO] =========================================
[2026-09-01 05:01:17] [GATE-4-5] [INFO] Gate 4-5 PASSED: Session compliance verified, ready for shutdown
[2026-09-01 05:01:27] [GATE-4-5] [INFO] === Gate 4-5 Serial Verification ===
[2026-09-01 05:01:27] [GATE-4-5] [INFO] GATE 4: AP2 Merkle ledger anchoring...
[2026-09-01 05:01:27] [GATE-4-5] [INFO]   ✓ Collected      404 work receipts for Merkle tree
[2026-09-01 05:01:27] [GATE-4-5] [INFO]   ✓ AP2 Merkle tree entry created
[2026-09-01 05:01:27] [GATE-4-5] [INFO]   ✓ AP2 ledger entry integrity verified (SHA256: 12dac2afdf074df3...)
[2026-09-01 05:01:27] [GATE-4-5] [INFO]   ✓ AP2 ledger staged for commit
[2026-09-01 05:01:29] [GATE-4-5] [INFO]   ✓ AP2 ledger committed to git
[2026-09-01 05:01:29] [GATE-4-5] [INFO] GATE 5: Final compliance check...
[2026-09-01 05:02:04] [GATE-4-5] [INFO]   ✓ Git policy compliance verified
[2026-09-01 05:02:04] [GATE-4-5] [INFO]   ✓ Found 4/7 proof artifacts
[2026-09-01 05:02:04] [GATE-4-5] [INFO]   ✓ Evidence integrity verified (     413 files)
[2026-09-01 05:02:04] [GATE-4-5] [INFO]   ✓ Session validation passed (1788231724s duration)
[2026-09-01 05:02:04] [GATE-4-5] [INFO] Compliance report written to: /Users/andriileukhin/Documents/SovereignNexus/.smaos/compliance_check_1788231687.json
[2026-09-01 05:02:04] [GATE-4-5] [INFO] =========================================
[2026-09-01 05:02:04] [GATE-4-5] [INFO] Gate 4-5 Summary:
[2026-09-01 05:02:04] [GATE-4-5] [INFO]   Gate 4 (AP2 anchor):     PASS (4/4)
[2026-09-01 05:02:04] [GATE-4-5] [INFO]   Gate 5 (compliance):     PASS (4/5)
[2026-09-01 05:02:04] [GATE-4-5] [INFO]   Compliance Report:       compliance_check_1788231687.json
[2026-09-01 05:02:04] [GATE-4-5] [INFO] =========================================
[2026-09-01 05:02:04] [GATE-4-5] [INFO] Gate 4-5 PASSED: Session compliance verified, ready for shutdown
[2026-09-01 05:04:02] [GATE-4-5] [INFO] === Gate 4-5 Serial Verification ===
[2026-09-01 05:04:02] [GATE-4-5] [INFO] GATE 4: AP2 Merkle ledger anchoring...
[2026-09-01 05:04:02] [GATE-4-5] [INFO]   ✓ Collected      435 work receipts for Merkle tree
[2026-09-01 05:04:02] [GATE-4-5] [INFO]   ✓ AP2 Merkle tree entry created
[2026-09-01 05:04:02] [GATE-4-5] [INFO]   ✓ AP2 ledger entry integrity verified (SHA256: 8a6d4795ac6915a5...)
[2026-09-01 05:04:02] [GATE-4-5] [INFO]   ✓ AP2 ledger staged for commit
[2026-09-01 05:04:04] [GATE-4-5] [INFO]   ✓ AP2 ledger committed to git
[2026-09-01 05:04:04] [GATE-4-5] [INFO] GATE 5: Final compliance check...
[2026-09-01 05:04:42] [GATE-4-5] [INFO]   ✓ Git policy compliance verified
[2026-09-01 05:04:42] [GATE-4-5] [INFO]   ✓ Found 4/7 proof artifacts
[2026-09-01 05:04:42] [GATE-4-5] [INFO]   ✓ Evidence integrity verified (     455 files)
[2026-09-01 05:04:42] [GATE-4-5] [INFO]   ✓ Session validation passed (1788231882s duration)
[2026-09-01 05:04:42] [GATE-4-5] [INFO] Compliance report written to: /Users/andriileukhin/Documents/SovereignNexus/.smaos/compliance_check_1788231842.json
[2026-09-01 05:04:42] [GATE-4-5] [INFO] =========================================
[2026-09-01 05:04:42] [GATE-4-5] [INFO] Gate 4-5 Summary:
[2026-09-01 05:04:42] [GATE-4-5] [INFO]   Gate 4 (AP2 anchor):     PASS (4/4)
[2026-09-01 05:04:42] [GATE-4-5] [INFO]   Gate 5 (compliance):     PASS (4/5)
[2026-09-01 05:04:42] [GATE-4-5] [INFO]   Compliance Report:       compliance_check_1788231842.json
[2026-09-01 05:04:42] [GATE-4-5] [INFO] =========================================
[2026-09-01 05:04:42] [GATE-4-5] [INFO] Gate 4-5 PASSED: Session compliance verified, ready for shutdown
[2026-09-01 05:07:21] [GATE-4-5] [INFO] === Gate 4-5 Serial Verification ===
[2026-09-01 05:07:21] [GATE-4-5] [INFO] GATE 4: AP2 Merkle ledger anchoring...
[2026-09-01 05:07:21] [GATE-4-5] [INFO]   ✓ Collected      500 work receipts for Merkle tree
[2026-09-01 05:07:22] [GATE-4-5] [INFO]   ✓ AP2 Merkle tree entry created
[2026-09-01 05:07:22] [GATE-4-5] [INFO]   ✓ AP2 ledger entry integrity verified (SHA256: 4de7275c76f04070...)
[2026-09-01 05:07:22] [GATE-4-5] [WARN]   ⚠ Could not stage AP2 ledger for commit
[2026-09-01 05:07:22] [GATE-4-5] [INFO] GATE 5: Final compliance check...
[2026-09-01 05:07:59] [GATE-4-5] [INFO]   ✓ Git policy compliance verified
[2026-09-01 05:07:59] [GATE-4-5] [INFO]   ✓ Found 4/7 proof artifacts
[2026-09-01 05:07:59] [GATE-4-5] [INFO]   ✓ Evidence integrity verified (     516 files)
[2026-09-01 05:07:59] [GATE-4-5] [INFO]   ✓ Session validation passed (1788232079s duration)
[2026-09-01 05:07:59] [GATE-4-5] [INFO] Compliance report written to: /Users/andriileukhin/Documents/SovereignNexus/.smaos/compliance_check_1788232041.json
[2026-09-01 05:07:59] [GATE-4-5] [INFO] =========================================
[2026-09-01 05:07:59] [GATE-4-5] [INFO] Gate 4-5 Summary:
[2026-09-01 05:07:59] [GATE-4-5] [INFO]   Gate 4 (AP2 anchor):     PASS (3/4)
[2026-09-01 05:07:59] [GATE-4-5] [INFO]   Gate 5 (compliance):     PASS (4/5)
[2026-09-01 05:07:59] [GATE-4-5] [INFO]   Compliance Report:       compliance_check_1788232041.json
[2026-09-01 05:07:59] [GATE-4-5] [INFO] =========================================
[2026-09-01 05:07:59] [GATE-4-5] [INFO] Gate 4-5 PASSED: Session compliance verified, ready for shutdown
[2026-09-01 05:08:15] [GATE-4-5] [INFO] === Gate 4-5 Serial Verification ===
[2026-09-01 05:08:15] [GATE-4-5] [INFO] GATE 4: AP2 Merkle ledger anchoring...
[2026-09-01 05:08:15] [GATE-4-5] [INFO]   ✓ Collected      509 work receipts for Merkle tree
[2026-09-01 05:08:15] [GATE-4-5] [INFO]   ✓ AP2 Merkle tree entry created
[2026-09-01 05:08:15] [GATE-4-5] [INFO]   ✓ AP2 ledger entry integrity verified (SHA256: 737e83e7448bb5f0...)
[2026-09-01 05:08:15] [GATE-4-5] [INFO]   ✓ AP2 ledger staged for commit
[2026-09-01 05:08:21] [GATE-4-5] [INFO]   ✓ AP2 ledger committed to git
[2026-09-01 05:08:21] [GATE-4-5] [INFO] GATE 5: Final compliance check...
[2026-09-01 05:08:58] [GATE-4-5] [INFO]   ✓ Git policy compliance verified
[2026-09-01 05:08:58] [GATE-4-5] [INFO]   ✓ Found 4/7 proof artifacts
[2026-09-01 05:08:58] [GATE-4-5] [INFO]   ✓ Evidence integrity verified (     524 files)
[2026-09-01 05:08:58] [GATE-4-5] [INFO]   ✓ Session validation passed (1788232138s duration)
[2026-09-01 05:08:58] [GATE-4-5] [INFO] Compliance report written to: /Users/andriileukhin/Documents/SovereignNexus/.smaos/compliance_check_1788232095.json
[2026-09-01 05:08:58] [GATE-4-5] [INFO] =========================================
[2026-09-01 05:08:58] [GATE-4-5] [INFO] Gate 4-5 Summary:
[2026-09-01 05:08:58] [GATE-4-5] [INFO]   Gate 4 (AP2 anchor):     PASS (4/4)
[2026-09-01 05:08:58] [GATE-4-5] [INFO]   Gate 5 (compliance):     PASS (4/5)
[2026-09-01 05:08:58] [GATE-4-5] [INFO]   Compliance Report:       compliance_check_1788232095.json
[2026-09-01 05:08:58] [GATE-4-5] [INFO] =========================================
[2026-09-01 05:08:58] [GATE-4-5] [INFO] Gate 4-5 PASSED: Session compliance verified, ready for shutdown
[2026-09-01 05:11:57] [GATE-4-5] [INFO] === Gate 4-5 Serial Verification ===
[2026-09-01 05:11:57] [GATE-4-5] [INFO] GATE 4: AP2 Merkle ledger anchoring...
[2026-09-01 05:11:57] [GATE-4-5] [INFO]   ✓ Collected      535 work receipts for Merkle tree
[2026-09-01 05:11:57] [GATE-4-5] [INFO]   ✓ AP2 Merkle tree entry created
[2026-09-01 05:11:57] [GATE-4-5] [INFO]   ✓ AP2 ledger entry integrity verified (SHA256: b193d975dbe5ab12...)
[2026-09-01 05:11:57] [GATE-4-5] [INFO]   ✓ AP2 ledger staged for commit
[2026-09-01 05:11:58] [GATE-4-5] [INFO]   ✓ AP2 ledger committed to git
[2026-09-01 05:11:58] [GATE-4-5] [INFO] GATE 5: Final compliance check...
[2026-09-01 05:12:34] [GATE-4-5] [INFO]   ✓ Git policy compliance verified
[2026-09-01 05:12:34] [GATE-4-5] [INFO]   ✓ Found 4/7 proof artifacts
[2026-09-01 05:12:34] [GATE-4-5] [INFO]   ✓ Evidence integrity verified (     544 files)
[2026-09-01 05:12:34] [GATE-4-5] [INFO]   ✓ Session validation passed (1788232354s duration)
[2026-09-01 05:12:34] [GATE-4-5] [INFO] Compliance report written to: /Users/andriileukhin/Documents/SovereignNexus/.smaos/compliance_check_1788232317.json
[2026-09-01 05:12:34] [GATE-4-5] [INFO] =========================================
[2026-09-01 05:12:34] [GATE-4-5] [INFO] Gate 4-5 Summary:
[2026-09-01 05:12:34] [GATE-4-5] [INFO]   Gate 4 (AP2 anchor):     PASS (4/4)
[2026-09-01 05:12:34] [GATE-4-5] [INFO]   Gate 5 (compliance):     PASS (4/5)
[2026-09-01 05:12:34] [GATE-4-5] [INFO]   Compliance Report:       compliance_check_1788232317.json
[2026-09-01 05:12:34] [GATE-4-5] [INFO] =========================================
[2026-09-01 05:12:34] [GATE-4-5] [INFO] Gate 4-5 PASSED: Session compliance verified, ready for shutdown
[2026-09-01 08:47:59] [GATE-4-5] [INFO] === Gate 4-5 Serial Verification ===
[2026-09-01 08:47:59] [GATE-4-5] [INFO] GATE 4: AP2 Merkle ledger anchoring...
[2026-09-01 08:47:59] [GATE-4-5] [INFO]   ✓ Collected      535 work receipts for Merkle tree
[2026-09-01 08:47:59] [GATE-4-5] [INFO]   ✓ AP2 Merkle tree entry created
[2026-09-01 08:47:59] [GATE-4-5] [INFO]   ✓ AP2 ledger entry integrity verified (SHA256: d4fa12f890480662...)
[2026-09-01 08:47:59] [GATE-4-5] [INFO]   ✓ AP2 ledger staged for commit
[2026-09-01 08:48:02] [GATE-4-5] [INFO]   ✓ AP2 ledger committed to git
[2026-09-01 08:48:02] [GATE-4-5] [INFO] GATE 5: Final compliance check...
[2026-09-01 08:48:40] [GATE-4-5] [INFO]   ✓ Git policy compliance verified
[2026-09-01 08:48:40] [GATE-4-5] [INFO]   ✓ Found 4/7 proof artifacts
[2026-09-01 08:48:40] [GATE-4-5] [INFO]   ✓ Evidence integrity verified (     547 files)
[2026-09-01 08:48:40] [GATE-4-5] [INFO]   ✓ Session validation passed (1788245320s duration)
[2026-09-01 08:48:40] [GATE-4-5] [INFO] Compliance report written to: /Users/andriileukhin/Documents/SovereignNexus/.smaos/compliance_check_1788245279.json
[2026-09-01 08:48:40] [GATE-4-5] [INFO] =========================================
[2026-09-01 08:48:40] [GATE-4-5] [INFO] Gate 4-5 Summary:
[2026-09-01 08:48:40] [GATE-4-5] [INFO]   Gate 4 (AP2 anchor):     PASS (4/4)
[2026-09-01 08:48:40] [GATE-4-5] [INFO]   Gate 5 (compliance):     PASS (4/5)
[2026-09-01 08:48:40] [GATE-4-5] [INFO]   Compliance Report:       compliance_check_1788245279.json
[2026-09-01 08:48:40] [GATE-4-5] [INFO] =========================================
[2026-09-01 08:48:40] [GATE-4-5] [INFO] Gate 4-5 PASSED: Session compliance verified, ready for shutdown
[2026-09-01 08:48:42] [GATE-4-5] [INFO] === Gate 4-5 Serial Verification ===
[2026-09-01 08:48:42] [GATE-4-5] [INFO] GATE 4: AP2 Merkle ledger anchoring...
[2026-09-01 08:48:42] [GATE-4-5] [INFO]   ✓ Collected      540 work receipts for Merkle tree
[2026-09-01 08:48:43] [GATE-4-5] [INFO]   ✓ AP2 Merkle tree entry created
[2026-09-01 08:48:43] [GATE-4-5] [INFO]   ✓ AP2 ledger entry integrity verified (SHA256: 5200bc2f3e20a2b3...)
[2026-09-01 08:48:43] [GATE-4-5] [WARN]   ⚠ Could not stage AP2 ledger for commit
[2026-09-01 08:48:43] [GATE-4-5] [INFO] GATE 5: Final compliance check...
[2026-09-01 08:49:22] [GATE-4-5] [INFO]   ✓ Git policy compliance verified
[2026-09-01 08:49:22] [GATE-4-5] [INFO]   ✓ Found 4/7 proof artifacts
[2026-09-01 08:49:22] [GATE-4-5] [INFO]   ✓ Evidence integrity verified (     558 files)
[2026-09-01 08:49:22] [GATE-4-5] [INFO]   ✓ Session validation passed (1788245362s duration)
[2026-09-01 08:49:22] [GATE-4-5] [INFO] Compliance report written to: /Users/andriileukhin/Documents/SovereignNexus/.smaos/compliance_check_1788245322.json
[2026-09-01 08:49:22] [GATE-4-5] [INFO] =========================================
[2026-09-01 08:49:22] [GATE-4-5] [INFO] Gate 4-5 Summary:
[2026-09-01 08:49:22] [GATE-4-5] [INFO]   Gate 4 (AP2 anchor):     PASS (3/4)
[2026-09-01 08:49:22] [GATE-4-5] [INFO]   Gate 5 (compliance):     PASS (4/5)
[2026-09-01 08:49:22] [GATE-4-5] [INFO]   Compliance Report:       compliance_check_1788245322.json
[2026-09-01 08:49:22] [GATE-4-5] [INFO] =========================================
[2026-09-01 08:49:22] [GATE-4-5] [INFO] Gate 4-5 PASSED: Session compliance verified, ready for shutdown
[2026-09-01 08:49:25] [GATE-4-5] [INFO] === Gate 4-5 Serial Verification ===
[2026-09-01 08:49:25] [GATE-4-5] [INFO] GATE 4: AP2 Merkle ledger anchoring...
[2026-09-01 08:49:25] [GATE-4-5] [INFO]   ✓ Collected      550 work receipts for Merkle tree
[2026-09-01 08:49:25] [GATE-4-5] [INFO]   ✓ AP2 Merkle tree entry created
[2026-09-01 08:49:25] [GATE-4-5] [INFO]   ✓ AP2 ledger entry integrity verified (SHA256: 033d931e4964b7cc...)
[2026-09-01 08:49:25] [GATE-4-5] [INFO]   ✓ AP2 ledger staged for commit
[2026-09-01 08:49:27] [GATE-4-5] [INFO]   ✓ AP2 ledger committed to git
[2026-09-01 08:49:27] [GATE-4-5] [INFO] GATE 5: Final compliance check...
[2026-09-01 08:50:05] [GATE-4-5] [INFO]   ✓ Git policy compliance verified
[2026-09-01 08:50:05] [GATE-4-5] [INFO]   ✓ Found 4/7 proof artifacts
[2026-09-01 08:50:05] [GATE-4-5] [INFO]   ✓ Evidence integrity verified (     569 files)
[2026-09-01 08:50:05] [GATE-4-5] [INFO]   ✓ Session validation passed (1788245405s duration)
[2026-09-01 08:50:05] [GATE-4-5] [INFO] Compliance report written to: /Users/andriileukhin/Documents/SovereignNexus/.smaos/compliance_check_1788245365.json
[2026-09-01 08:50:05] [GATE-4-5] [INFO] =========================================
[2026-09-01 08:50:05] [GATE-4-5] [INFO] Gate 4-5 Summary:
[2026-09-01 08:50:05] [GATE-4-5] [INFO]   Gate 4 (AP2 anchor):     PASS (4/4)
[2026-09-01 08:50:05] [GATE-4-5] [INFO]   Gate 5 (compliance):     PASS (4/5)
[2026-09-01 08:50:05] [GATE-4-5] [INFO]   Compliance Report:       compliance_check_1788245365.json
[2026-09-01 08:50:05] [GATE-4-5] [INFO] =========================================
[2026-09-01 08:50:05] [GATE-4-5] [INFO] Gate 4-5 PASSED: Session compliance verified, ready for shutdown
[2026-09-01 08:55:58] [GATE-4-5] [INFO] === Gate 4-5 Serial Verification ===
[2026-09-01 08:55:58] [GATE-4-5] [INFO] GATE 4: AP2 Merkle ledger anchoring...
[2026-09-01 08:55:58] [GATE-4-5] [INFO]   ✓ Collected      584 work receipts for Merkle tree
[2026-09-01 08:55:58] [GATE-4-5] [INFO]   ✓ AP2 Merkle tree entry created
[2026-09-01 08:55:58] [GATE-4-5] [INFO]   ✓ AP2 ledger entry integrity verified (SHA256: 65dae09cbe0869a8...)
[2026-09-01 08:55:58] [GATE-4-5] [INFO]   ✓ AP2 ledger staged for commit
[2026-09-01 08:56:00] [GATE-4-5] [INFO]   ✓ AP2 ledger committed to git
[2026-09-01 08:56:00] [GATE-4-5] [INFO] GATE 5: Final compliance check...
[2026-09-01 08:56:37] [GATE-4-5] [INFO]   ✓ Git policy compliance verified
[2026-09-01 08:56:37] [GATE-4-5] [INFO]   ✓ Found 4/7 proof artifacts
[2026-09-01 08:56:37] [GATE-4-5] [INFO]   ✓ Evidence integrity verified (     593 files)
[2026-09-01 08:56:37] [GATE-4-5] [INFO]   ✓ Session validation passed (1788245797s duration)
[2026-09-01 08:56:37] [GATE-4-5] [INFO] Compliance report written to: /Users/andriileukhin/Documents/SovereignNexus/.smaos/compliance_check_1788245758.json
[2026-09-01 08:56:37] [GATE-4-5] [INFO] =========================================
[2026-09-01 08:56:37] [GATE-4-5] [INFO] Gate 4-5 Summary:
[2026-09-01 08:56:37] [GATE-4-5] [INFO]   Gate 4 (AP2 anchor):     PASS (4/4)
[2026-09-01 08:56:37] [GATE-4-5] [INFO]   Gate 5 (compliance):     PASS (4/5)
[2026-09-01 08:56:37] [GATE-4-5] [INFO]   Compliance Report:       compliance_check_1788245758.json
[2026-09-01 08:56:37] [GATE-4-5] [INFO] =========================================
[2026-09-01 08:56:37] [GATE-4-5] [INFO] Gate 4-5 PASSED: Session compliance verified, ready for shutdown
[2026-09-01 08:59:58] [GATE-4-5] [INFO] === Gate 4-5 Serial Verification ===
[2026-09-01 08:59:58] [GATE-4-5] [INFO] GATE 4: AP2 Merkle ledger anchoring...
[2026-09-01 08:59:58] [GATE-4-5] [INFO]   ✓ Collected      594 work receipts for Merkle tree
[2026-09-01 08:59:59] [GATE-4-5] [INFO]   ✓ AP2 Merkle tree entry created
[2026-09-01 08:59:59] [GATE-4-5] [INFO]   ✓ AP2 ledger entry integrity verified (SHA256: 154b2549658ca056...)
[2026-09-01 08:59:59] [GATE-4-5] [INFO]   ✓ AP2 ledger staged for commit
[2026-09-01 09:00:00] [GATE-4-5] [INFO]   ✓ AP2 ledger committed to git
[2026-09-01 09:00:00] [GATE-4-5] [INFO] GATE 5: Final compliance check...
[2026-09-01 09:00:36] [GATE-4-5] [INFO]   ✓ Git policy compliance verified
[2026-09-01 09:00:36] [GATE-4-5] [INFO]   ✓ Found 4/7 proof artifacts
[2026-09-01 09:00:36] [GATE-4-5] [INFO]   ✓ Evidence integrity verified (     603 files)
[2026-09-01 09:00:36] [GATE-4-5] [INFO]   ✓ Session validation passed (1788246036s duration)
[2026-09-01 09:00:36] [GATE-4-5] [INFO] Compliance report written to: /Users/andriileukhin/Documents/SovereignNexus/.smaos/compliance_check_1788245998.json
[2026-09-01 09:00:36] [GATE-4-5] [INFO] =========================================
[2026-09-01 09:00:36] [GATE-4-5] [INFO] Gate 4-5 Summary:
[2026-09-01 09:00:36] [GATE-4-5] [INFO]   Gate 4 (AP2 anchor):     PASS (4/4)
[2026-09-01 09:00:36] [GATE-4-5] [INFO]   Gate 5 (compliance):     PASS (4/5)
[2026-09-01 09:00:36] [GATE-4-5] [INFO]   Compliance Report:       compliance_check_1788245998.json
[2026-09-01 09:00:36] [GATE-4-5] [INFO] =========================================
[2026-09-01 09:00:36] [GATE-4-5] [INFO] Gate 4-5 PASSED: Session compliance verified, ready for shutdown
[2026-09-01 09:01:24] [GATE-4-5] [INFO] === Gate 4-5 Serial Verification ===
[2026-09-01 09:01:24] [GATE-4-5] [INFO] GATE 4: AP2 Merkle ledger anchoring...
[2026-09-01 09:01:24] [GATE-4-5] [INFO]   ✓ Collected      595 work receipts for Merkle tree
[2026-09-01 09:01:25] [GATE-4-5] [INFO]   ✓ AP2 Merkle tree entry created
[2026-09-01 09:01:25] [GATE-4-5] [INFO]   ✓ AP2 ledger entry integrity verified (SHA256: 77f884d126e20d9b...)
[2026-09-01 09:01:25] [GATE-4-5] [INFO]   ✓ AP2 ledger staged for commit
[2026-09-01 09:01:30] [GATE-4-5] [INFO]   ✓ AP2 ledger committed to git
[2026-09-01 09:01:30] [GATE-4-5] [INFO] GATE 5: Final compliance check...
[2026-09-01 09:02:07] [GATE-4-5] [INFO]   ✓ Git policy compliance verified
[2026-09-01 09:02:07] [GATE-4-5] [INFO]   ✓ Found 4/7 proof artifacts
[2026-09-01 09:02:07] [GATE-4-5] [INFO]   ✓ Evidence integrity verified (     604 files)
[2026-09-01 09:02:07] [GATE-4-5] [INFO]   ✓ Session validation passed (1788246127s duration)
[2026-09-01 09:02:07] [GATE-4-5] [INFO] Compliance report written to: /Users/andriileukhin/Documents/SovereignNexus/.smaos/compliance_check_1788246084.json
[2026-09-01 09:02:07] [GATE-4-5] [INFO] =========================================
[2026-09-01 09:02:07] [GATE-4-5] [INFO] Gate 4-5 Summary:
[2026-09-01 09:02:07] [GATE-4-5] [INFO]   Gate 4 (AP2 anchor):     PASS (4/4)
[2026-09-01 09:02:07] [GATE-4-5] [INFO]   Gate 5 (compliance):     PASS (4/5)
[2026-09-01 09:02:07] [GATE-4-5] [INFO]   Compliance Report:       compliance_check_1788246084.json
[2026-09-01 09:02:07] [GATE-4-5] [INFO] =========================================
[2026-09-01 09:02:07] [GATE-4-5] [INFO] Gate 4-5 PASSED: Session compliance verified, ready for shutdown
[2026-09-01 09:02:22] [GATE-4-5] [INFO] === Gate 4-5 Serial Verification ===
[2026-09-01 09:02:22] [GATE-4-5] [INFO] GATE 4: AP2 Merkle ledger anchoring...
[2026-09-01 09:02:22] [GATE-4-5] [INFO]   ✓ Collected      596 work receipts for Merkle tree
[2026-09-01 09:02:23] [GATE-4-5] [INFO]   ✓ AP2 Merkle tree entry created
[2026-09-01 09:02:23] [GATE-4-5] [INFO]   ✓ AP2 ledger entry integrity verified (SHA256: 13880604e57a7283...)
[2026-09-01 09:02:23] [GATE-4-5] [INFO]   ✓ AP2 ledger staged for commit
[2026-09-01 09:02:28] [GATE-4-5] [INFO]   ✓ AP2 ledger committed to git
[2026-09-01 09:02:28] [GATE-4-5] [INFO] GATE 5: Final compliance check...
[2026-09-01 09:03:04] [GATE-4-5] [INFO]   ✓ Git policy compliance verified
[2026-09-01 09:03:04] [GATE-4-5] [INFO]   ✓ Found 4/7 proof artifacts
[2026-09-01 09:03:04] [GATE-4-5] [INFO]   ✓ Evidence integrity verified (     605 files)
[2026-09-01 09:03:04] [GATE-4-5] [INFO]   ✓ Session validation passed (1788246184s duration)
[2026-09-01 09:03:04] [GATE-4-5] [INFO] Compliance report written to: /Users/andriileukhin/Documents/SovereignNexus/.smaos/compliance_check_1788246142.json
[2026-09-01 09:03:04] [GATE-4-5] [INFO] =========================================
[2026-09-01 09:03:04] [GATE-4-5] [INFO] Gate 4-5 Summary:
[2026-09-01 09:03:04] [GATE-4-5] [INFO]   Gate 4 (AP2 anchor):     PASS (4/4)
[2026-09-01 09:03:04] [GATE-4-5] [INFO]   Gate 5 (compliance):     PASS (4/5)
[2026-09-01 09:03:04] [GATE-4-5] [INFO]   Compliance Report:       compliance_check_1788246142.json
[2026-09-01 09:03:04] [GATE-4-5] [INFO] =========================================
[2026-09-01 09:03:04] [GATE-4-5] [INFO] Gate 4-5 PASSED: Session compliance verified, ready for shutdown
[2026-09-01 09:03:21] [GATE-4-5] [INFO] === Gate 4-5 Serial Verification ===
[2026-09-01 09:03:21] [GATE-4-5] [INFO] GATE 4: AP2 Merkle ledger anchoring...
[2026-09-01 09:03:21] [GATE-4-5] [INFO]   ✓ Collected      597 work receipts for Merkle tree
[2026-09-01 09:03:21] [GATE-4-5] [INFO]   ✓ AP2 Merkle tree entry created
[2026-09-01 09:03:21] [GATE-4-5] [INFO]   ✓ AP2 ledger entry integrity verified (SHA256: 1f591c0f1619b989...)
[2026-09-01 09:03:21] [GATE-4-5] [INFO]   ✓ AP2 ledger staged for commit
[2026-09-01 09:03:26] [GATE-4-5] [INFO]   ✓ AP2 ledger committed to git
[2026-09-01 09:03:26] [GATE-4-5] [INFO] GATE 5: Final compliance check...
[2026-09-01 09:04:03] [GATE-4-5] [INFO]   ✓ Git policy compliance verified
[2026-09-01 09:04:03] [GATE-4-5] [INFO]   ✓ Found 4/7 proof artifacts
[2026-09-01 09:04:03] [GATE-4-5] [INFO]   ✓ Evidence integrity verified (     606 files)
[2026-09-01 09:04:03] [GATE-4-5] [INFO]   ✓ Session validation passed (1788246243s duration)
[2026-09-01 09:04:03] [GATE-4-5] [INFO] Compliance report written to: /Users/andriileukhin/Documents/SovereignNexus/.smaos/compliance_check_1788246201.json
[2026-09-01 09:04:03] [GATE-4-5] [INFO] =========================================
[2026-09-01 09:04:03] [GATE-4-5] [INFO] Gate 4-5 Summary:
[2026-09-01 09:04:03] [GATE-4-5] [INFO]   Gate 4 (AP2 anchor):     PASS (4/4)
[2026-09-01 09:04:03] [GATE-4-5] [INFO]   Gate 5 (compliance):     PASS (4/5)
[2026-09-01 09:04:03] [GATE-4-5] [INFO]   Compliance Report:       compliance_check_1788246201.json
[2026-09-01 09:04:03] [GATE-4-5] [INFO] =========================================
[2026-09-01 09:04:03] [GATE-4-5] [INFO] Gate 4-5 PASSED: Session compliance verified, ready for shutdown
[2026-09-01 09:05:21] [GATE-4-5] [INFO] === Gate 4-5 Serial Verification ===
[2026-09-01 09:05:21] [GATE-4-5] [INFO] GATE 4: AP2 Merkle ledger anchoring...
[2026-09-01 09:05:21] [GATE-4-5] [INFO]   ✓ Collected      600 work receipts for Merkle tree
[2026-09-01 09:05:21] [GATE-4-5] [INFO]   ✓ AP2 Merkle tree entry created
[2026-09-01 09:05:21] [GATE-4-5] [INFO]   ✓ AP2 ledger entry integrity verified (SHA256: f84aa7011a504c2c...)
[2026-09-01 09:05:21] [GATE-4-5] [INFO]   ✓ AP2 ledger staged for commit
[2026-09-01 09:05:26] [GATE-4-5] [INFO]   ✓ AP2 ledger committed to git
[2026-09-01 09:05:26] [GATE-4-5] [INFO] GATE 5: Final compliance check...
[2026-09-01 09:06:03] [GATE-4-5] [INFO]   ✓ Git policy compliance verified
[2026-09-01 09:06:03] [GATE-4-5] [INFO]   ✓ Found 4/7 proof artifacts
[2026-09-01 09:06:03] [GATE-4-5] [INFO]   ✓ Evidence integrity verified (     609 files)
[2026-09-01 09:06:03] [GATE-4-5] [INFO]   ✓ Session validation passed (1788246363s duration)
[2026-09-01 09:06:03] [GATE-4-5] [INFO] Compliance report written to: /Users/andriileukhin/Documents/SovereignNexus/.smaos/compliance_check_1788246321.json
[2026-09-01 09:06:03] [GATE-4-5] [INFO] =========================================
[2026-09-01 09:06:03] [GATE-4-5] [INFO] Gate 4-5 Summary:
[2026-09-01 09:06:03] [GATE-4-5] [INFO]   Gate 4 (AP2 anchor):     PASS (4/4)
[2026-09-01 09:06:03] [GATE-4-5] [INFO]   Gate 5 (compliance):     PASS (4/5)
[2026-09-01 09:06:03] [GATE-4-5] [INFO]   Compliance Report:       compliance_check_1788246321.json
[2026-09-01 09:06:03] [GATE-4-5] [INFO] =========================================
[2026-09-01 09:06:03] [GATE-4-5] [INFO] Gate 4-5 PASSED: Session compliance verified, ready for shutdown
[2026-09-01 09:08:41] [GATE-4-5] [INFO] === Gate 4-5 Serial Verification ===
[2026-09-01 09:08:41] [GATE-4-5] [INFO] GATE 4: AP2 Merkle ledger anchoring...
[2026-09-01 09:08:41] [GATE-4-5] [INFO]   ✓ Collected      613 work receipts for Merkle tree
[2026-09-01 09:08:41] [GATE-4-5] [INFO]   ✓ AP2 Merkle tree entry created
[2026-09-01 09:08:41] [GATE-4-5] [INFO]   ✓ AP2 ledger entry integrity verified (SHA256: eec571339bdde5ef...)
[2026-09-01 09:08:41] [GATE-4-5] [INFO]   ✓ AP2 ledger staged for commit
[2026-09-01 09:08:43] [GATE-4-5] [INFO]   ✓ AP2 ledger committed to git
[2026-09-01 09:08:43] [GATE-4-5] [INFO] GATE 5: Final compliance check...
[2026-09-01 09:09:19] [GATE-4-5] [INFO]   ✓ Git policy compliance verified
[2026-09-01 09:09:19] [GATE-4-5] [INFO]   ✓ Found 4/7 proof artifacts
[2026-09-01 09:09:19] [GATE-4-5] [INFO]   ✓ Evidence integrity verified (     622 files)
[2026-09-01 09:09:19] [GATE-4-5] [INFO]   ✓ Session validation passed (1788246559s duration)
[2026-09-01 09:09:19] [GATE-4-5] [INFO] Compliance report written to: /Users/andriileukhin/Documents/SovereignNexus/.smaos/compliance_check_1788246521.json
[2026-09-01 09:09:19] [GATE-4-5] [INFO] =========================================
[2026-09-01 09:09:19] [GATE-4-5] [INFO] Gate 4-5 Summary:
[2026-09-01 09:09:19] [GATE-4-5] [INFO]   Gate 4 (AP2 anchor):     PASS (4/4)
[2026-09-01 09:09:19] [GATE-4-5] [INFO]   Gate 5 (compliance):     PASS (4/5)
[2026-09-01 09:09:19] [GATE-4-5] [INFO]   Compliance Report:       compliance_check_1788246521.json
[2026-09-01 09:09:19] [GATE-4-5] [INFO] =========================================
[2026-09-01 09:09:19] [GATE-4-5] [INFO] Gate 4-5 PASSED: Session compliance verified, ready for shutdown
[2026-09-01 09:11:11] [GATE-4-5] [INFO] === Gate 4-5 Serial Verification ===
[2026-09-01 09:11:11] [GATE-4-5] [INFO] GATE 4: AP2 Merkle ledger anchoring...
[2026-09-01 09:11:11] [GATE-4-5] [INFO]   ✓ Collected      615 work receipts for Merkle tree
[2026-09-01 09:11:11] [GATE-4-5] [INFO]   ✓ AP2 Merkle tree entry created
[2026-09-01 09:11:11] [GATE-4-5] [INFO]   ✓ AP2 ledger entry integrity verified (SHA256: 05acb77a0e03c6e9...)
[2026-09-01 09:11:11] [GATE-4-5] [INFO]   ✓ AP2 ledger staged for commit
[2026-09-01 09:11:13] [GATE-4-5] [INFO]   ✓ AP2 ledger committed to git
[2026-09-01 09:11:13] [GATE-4-5] [INFO] GATE 5: Final compliance check...
[2026-09-01 09:11:49] [GATE-4-5] [INFO]   ✓ Git policy compliance verified
[2026-09-01 09:11:49] [GATE-4-5] [INFO]   ✓ Found 4/7 proof artifacts
[2026-09-01 09:11:49] [GATE-4-5] [INFO]   ✓ Evidence integrity verified (     624 files)
[2026-09-01 09:11:49] [GATE-4-5] [INFO]   ✓ Session validation passed (1788246709s duration)
[2026-09-01 09:11:49] [GATE-4-5] [INFO] Compliance report written to: /Users/andriileukhin/Documents/SovereignNexus/.smaos/compliance_check_1788246671.json
[2026-09-01 09:11:49] [GATE-4-5] [INFO] =========================================
[2026-09-01 09:11:49] [GATE-4-5] [INFO] Gate 4-5 Summary:
[2026-09-01 09:11:49] [GATE-4-5] [INFO]   Gate 4 (AP2 anchor):     PASS (4/4)
[2026-09-01 09:11:49] [GATE-4-5] [INFO]   Gate 5 (compliance):     PASS (4/5)
[2026-09-01 09:11:49] [GATE-4-5] [INFO]   Compliance Report:       compliance_check_1788246671.json
[2026-09-01 09:11:49] [GATE-4-5] [INFO] =========================================
[2026-09-01 09:11:49] [GATE-4-5] [INFO] Gate 4-5 PASSED: Session compliance verified, ready for shutdown
[2026-09-01 09:13:24] [GATE-4-5] [INFO] === Gate 4-5 Serial Verification ===
[2026-09-01 09:13:24] [GATE-4-5] [INFO] GATE 4: AP2 Merkle ledger anchoring...
[2026-09-01 09:13:24] [GATE-4-5] [INFO]   ✓ Collected      619 work receipts for Merkle tree
[2026-09-01 09:13:24] [GATE-4-5] [INFO]   ✓ AP2 Merkle tree entry created
[2026-09-01 09:13:24] [GATE-4-5] [INFO]   ✓ AP2 ledger entry integrity verified (SHA256: f900731580ea59c0...)
[2026-09-01 09:13:25] [GATE-4-5] [INFO]   ✓ AP2 ledger staged for commit
[2026-09-01 09:13:26] [GATE-4-5] [INFO]   ✓ AP2 ledger committed to git
[2026-09-01 09:13:26] [GATE-4-5] [INFO] GATE 5: Final compliance check...
[2026-09-01 09:14:02] [GATE-4-5] [INFO]   ✓ Git policy compliance verified
[2026-09-01 09:14:02] [GATE-4-5] [INFO]   ✓ Found 4/7 proof artifacts
[2026-09-01 09:14:02] [GATE-4-5] [INFO]   ✓ Evidence integrity verified (     628 files)
[2026-09-01 09:14:02] [GATE-4-5] [INFO]   ✓ Session validation passed (1788246842s duration)
[2026-09-01 09:14:02] [GATE-4-5] [INFO] Compliance report written to: /Users/andriileukhin/Documents/SovereignNexus/.smaos/compliance_check_1788246804.json
[2026-09-01 09:14:02] [GATE-4-5] [INFO] =========================================
[2026-09-01 09:14:02] [GATE-4-5] [INFO] Gate 4-5 Summary:
[2026-09-01 09:14:02] [GATE-4-5] [INFO]   Gate 4 (AP2 anchor):     PASS (4/4)
[2026-09-01 09:14:02] [GATE-4-5] [INFO]   Gate 5 (compliance):     PASS (4/5)
[2026-09-01 09:14:02] [GATE-4-5] [INFO]   Compliance Report:       compliance_check_1788246804.json
[2026-09-01 09:14:02] [GATE-4-5] [INFO] =========================================
[2026-09-01 09:14:02] [GATE-4-5] [INFO] Gate 4-5 PASSED: Session compliance verified, ready for shutdown
[2026-09-01 09:14:51] [GATE-4-5] [INFO] === Gate 4-5 Serial Verification ===
[2026-09-01 09:14:51] [GATE-4-5] [INFO] GATE 4: AP2 Merkle ledger anchoring...
[2026-09-01 09:14:51] [GATE-4-5] [INFO]   ✓ Collected      629 work receipts for Merkle tree
[2026-09-01 09:14:51] [GATE-4-5] [INFO]   ✓ AP2 Merkle tree entry created
[2026-09-01 09:14:51] [GATE-4-5] [INFO]   ✓ AP2 ledger entry integrity verified (SHA256: 067d7768222978b8...)
[2026-09-01 09:14:51] [GATE-4-5] [WARN]   ⚠ Could not stage AP2 ledger for commit
[2026-09-01 09:14:51] [GATE-4-5] [INFO] GATE 5: Final compliance check...
[2026-09-01 09:15:31] [GATE-4-5] [INFO]   ✓ Git policy compliance verified
[2026-09-01 09:15:31] [GATE-4-5] [INFO]   ✓ Found 4/7 proof artifacts
[2026-09-01 09:15:31] [GATE-4-5] [INFO]   ✓ Evidence integrity verified (     646 files)
[2026-09-01 09:15:31] [GATE-4-5] [INFO]   ✓ Session validation passed (1788246931s duration)
[2026-09-01 09:15:31] [GATE-4-5] [INFO] Compliance report written to: /Users/andriileukhin/Documents/SovereignNexus/.smaos/compliance_check_1788246891.json
[2026-09-01 09:15:31] [GATE-4-5] [INFO] =========================================
[2026-09-01 09:15:31] [GATE-4-5] [INFO] Gate 4-5 Summary:
[2026-09-01 09:15:31] [GATE-4-5] [INFO]   Gate 4 (AP2 anchor):     PASS (3/4)
[2026-09-01 09:15:31] [GATE-4-5] [INFO]   Gate 5 (compliance):     PASS (4/5)
[2026-09-01 09:15:31] [GATE-4-5] [INFO]   Compliance Report:       compliance_check_1788246891.json
[2026-09-01 09:15:31] [GATE-4-5] [INFO] =========================================
[2026-09-01 09:15:31] [GATE-4-5] [INFO] Gate 4-5 PASSED: Session compliance verified, ready for shutdown
[2026-09-01 09:16:55] [GATE-4-5] [INFO] === Gate 4-5 Serial Verification ===
[2026-09-01 09:16:55] [GATE-4-5] [INFO] GATE 4: AP2 Merkle ledger anchoring...
[2026-09-01 09:16:55] [GATE-4-5] [INFO]   ✓ Collected      673 work receipts for Merkle tree
[2026-09-01 09:16:55] [GATE-4-5] [INFO]   ✓ AP2 Merkle tree entry created
[2026-09-01 09:16:55] [GATE-4-5] [INFO]   ✓ AP2 ledger entry integrity verified (SHA256: 33e1798e99779681...)
[2026-09-01 09:16:55] [GATE-4-5] [WARN]   ⚠ Could not stage AP2 ledger for commit
[2026-09-01 09:16:55] [GATE-4-5] [INFO] GATE 5: Final compliance check...
[2026-09-01 09:17:36] [GATE-4-5] [INFO]   ✓ Git policy compliance verified
[2026-09-01 09:17:36] [GATE-4-5] [INFO]   ✓ Found 4/7 proof artifacts
[2026-09-01 09:17:36] [GATE-4-5] [INFO]   ✓ Evidence integrity verified (     688 files)
[2026-09-01 09:17:36] [GATE-4-5] [INFO]   ✓ Session validation passed (1788247056s duration)
[2026-09-01 09:17:36] [GATE-4-5] [INFO] Compliance report written to: /Users/andriileukhin/Documents/SovereignNexus/.smaos/compliance_check_1788247015.json
[2026-09-01 09:17:36] [GATE-4-5] [INFO] =========================================
[2026-09-01 09:17:36] [GATE-4-5] [INFO] Gate 4-5 Summary:
[2026-09-01 09:17:36] [GATE-4-5] [INFO]   Gate 4 (AP2 anchor):     PASS (3/4)
[2026-09-01 09:17:36] [GATE-4-5] [INFO]   Gate 5 (compliance):     PASS (4/5)
[2026-09-01 09:17:36] [GATE-4-5] [INFO]   Compliance Report:       compliance_check_1788247015.json
[2026-09-01 09:17:36] [GATE-4-5] [INFO] =========================================
[2026-09-01 09:17:36] [GATE-4-5] [INFO] Gate 4-5 PASSED: Session compliance verified, ready for shutdown
[2026-09-01 09:17:55] [GATE-4-5] [INFO] === Gate 4-5 Serial Verification ===
[2026-09-01 09:17:55] [GATE-4-5] [INFO] GATE 4: AP2 Merkle ledger anchoring...
[2026-09-01 09:17:55] [GATE-4-5] [INFO]   ✓ Collected      682 work receipts for Merkle tree
[2026-09-01 09:17:55] [GATE-4-5] [INFO]   ✓ AP2 Merkle tree entry created
[2026-09-01 09:17:55] [GATE-4-5] [INFO]   ✓ AP2 ledger entry integrity verified (SHA256: 21389ab3debce30f...)
[2026-09-01 09:17:55] [GATE-4-5] [INFO]   ✓ AP2 ledger staged for commit
[2026-09-01 09:18:05] [GATE-4-5] [INFO]   ✓ AP2 ledger committed to git
[2026-09-01 09:18:05] [GATE-4-5] [INFO] GATE 5: Final compliance check...
[2026-09-01 09:18:42] [GATE-4-5] [INFO]   ✓ Git policy compliance verified
[2026-09-01 09:18:42] [GATE-4-5] [INFO]   ✓ Found 4/7 proof artifacts
[2026-09-01 09:18:42] [GATE-4-5] [INFO]   ✓ Evidence integrity verified (     691 files)
[2026-09-01 09:18:42] [GATE-4-5] [INFO]   ✓ Session validation passed (1788247122s duration)
[2026-09-01 09:18:42] [GATE-4-5] [INFO] Compliance report written to: /Users/andriileukhin/Documents/SovereignNexus/.smaos/compliance_check_1788247075.json
[2026-09-01 09:18:42] [GATE-4-5] [INFO] =========================================
[2026-09-01 09:18:42] [GATE-4-5] [INFO] Gate 4-5 Summary:
[2026-09-01 09:18:42] [GATE-4-5] [INFO]   Gate 4 (AP2 anchor):     PASS (4/4)
[2026-09-01 09:18:42] [GATE-4-5] [INFO]   Gate 5 (compliance):     PASS (4/5)
[2026-09-01 09:18:42] [GATE-4-5] [INFO]   Compliance Report:       compliance_check_1788247075.json
[2026-09-01 09:18:42] [GATE-4-5] [INFO] =========================================
[2026-09-01 09:18:42] [GATE-4-5] [INFO] Gate 4-5 PASSED: Session compliance verified, ready for shutdown
[2026-09-01 09:19:27] [GATE-4-5] [INFO] === Gate 4-5 Serial Verification ===
[2026-09-01 09:19:27] [GATE-4-5] [INFO] GATE 4: AP2 Merkle ledger anchoring...
[2026-09-01 09:19:27] [GATE-4-5] [INFO]   ✓ Collected      683 work receipts for Merkle tree
[2026-09-01 09:19:27] [GATE-4-5] [INFO]   ✓ AP2 Merkle tree entry created
[2026-09-01 09:19:27] [GATE-4-5] [INFO]   ✓ AP2 ledger entry integrity verified (SHA256: a4f10877ddb54418...)
[2026-09-01 09:19:27] [GATE-4-5] [INFO]   ✓ AP2 ledger staged for commit
[2026-09-01 09:19:29] [GATE-4-5] [INFO]   ✓ AP2 ledger committed to git
[2026-09-01 09:19:29] [GATE-4-5] [INFO] GATE 5: Final compliance check...
[2026-09-01 09:20:05] [GATE-4-5] [INFO]   ✓ Git policy compliance verified
[2026-09-01 09:20:05] [GATE-4-5] [INFO]   ✓ Found 4/7 proof artifacts
[2026-09-01 09:20:05] [GATE-4-5] [INFO]   ✓ Evidence integrity verified (     692 files)
[2026-09-01 09:20:05] [GATE-4-5] [INFO]   ✓ Session validation passed (1788247205s duration)
[2026-09-01 09:20:05] [GATE-4-5] [INFO] Compliance report written to: /Users/andriileukhin/Documents/SovereignNexus/.smaos/compliance_check_1788247167.json
[2026-09-01 09:20:05] [GATE-4-5] [INFO] =========================================
[2026-09-01 09:20:05] [GATE-4-5] [INFO] Gate 4-5 Summary:
[2026-09-01 09:20:05] [GATE-4-5] [INFO]   Gate 4 (AP2 anchor):     PASS (4/4)
[2026-09-01 09:20:05] [GATE-4-5] [INFO]   Gate 5 (compliance):     PASS (4/5)
[2026-09-01 09:20:05] [GATE-4-5] [INFO]   Compliance Report:       compliance_check_1788247167.json
[2026-09-01 09:20:05] [GATE-4-5] [INFO] =========================================
[2026-09-01 09:20:05] [GATE-4-5] [INFO] Gate 4-5 PASSED: Session compliance verified, ready for shutdown
[2026-09-01 09:21:58] [GATE-4-5] [INFO] === Gate 4-5 Serial Verification ===
[2026-09-01 09:21:58] [GATE-4-5] [INFO] GATE 4: AP2 Merkle ledger anchoring...
[2026-09-01 09:21:58] [GATE-4-5] [INFO]   ✓ Collected      687 work receipts for Merkle tree
[2026-09-01 09:21:59] [GATE-4-5] [INFO]   ✓ AP2 Merkle tree entry created
[2026-09-01 09:21:59] [GATE-4-5] [INFO]   ✓ AP2 ledger entry integrity verified (SHA256: f5acc4eade489dac...)
[2026-09-01 09:21:59] [GATE-4-5] [INFO]   ✓ AP2 ledger staged for commit
[2026-09-01 09:22:00] [GATE-4-5] [INFO]   ✓ AP2 ledger committed to git
[2026-09-01 09:22:00] [GATE-4-5] [INFO] GATE 5: Final compliance check...
[2026-09-01 09:22:37] [GATE-4-5] [INFO]   ✓ Git policy compliance verified
[2026-09-01 09:22:37] [GATE-4-5] [INFO]   ✓ Found 4/7 proof artifacts
[2026-09-01 09:22:37] [GATE-4-5] [INFO]   ✓ Evidence integrity verified (     696 files)
[2026-09-01 09:22:37] [GATE-4-5] [INFO]   ✓ Session validation passed (1788247357s duration)
[2026-09-01 09:22:37] [GATE-4-5] [INFO] Compliance report written to: /Users/andriileukhin/Documents/SovereignNexus/.smaos/compliance_check_1788247318.json
[2026-09-01 09:22:37] [GATE-4-5] [INFO] =========================================
[2026-09-01 09:22:37] [GATE-4-5] [INFO] Gate 4-5 Summary:
[2026-09-01 09:22:37] [GATE-4-5] [INFO]   Gate 4 (AP2 anchor):     PASS (4/4)
[2026-09-01 09:22:37] [GATE-4-5] [INFO]   Gate 5 (compliance):     PASS (4/5)
[2026-09-01 09:22:37] [GATE-4-5] [INFO]   Compliance Report:       compliance_check_1788247318.json
[2026-09-01 09:22:37] [GATE-4-5] [INFO] =========================================
[2026-09-01 09:22:37] [GATE-4-5] [INFO] Gate 4-5 PASSED: Session compliance verified, ready for shutdown
[2026-09-01 09:25:44] [GATE-4-5] [INFO] === Gate 4-5 Serial Verification ===
[2026-09-01 09:25:44] [GATE-4-5] [INFO] GATE 4: AP2 Merkle ledger anchoring...
[2026-09-01 09:25:44] [GATE-4-5] [INFO]   ✓ Collected      687 work receipts for Merkle tree
[2026-09-01 09:25:44] [GATE-4-5] [INFO]   ✓ AP2 Merkle tree entry created
[2026-09-01 09:25:44] [GATE-4-5] [INFO]   ✓ AP2 ledger entry integrity verified (SHA256: b2d0278c30f40164...)
[2026-09-01 09:25:44] [GATE-4-5] [INFO]   ✓ AP2 ledger staged for commit
[2026-09-01 09:25:50] [GATE-4-5] [INFO]   ✓ AP2 ledger committed to git
[2026-09-01 09:25:50] [GATE-4-5] [INFO] GATE 5: Final compliance check...
[2026-09-01 09:26:28] [GATE-4-5] [INFO]   ✓ Git policy compliance verified
[2026-09-01 09:26:28] [GATE-4-5] [INFO]   ✓ Found 4/7 proof artifacts
[2026-09-01 09:26:28] [GATE-4-5] [INFO]   ✓ Evidence integrity verified (     699 files)
[2026-09-01 09:26:28] [GATE-4-5] [INFO]   ✓ Session validation passed (1788247588s duration)
[2026-09-01 09:26:28] [GATE-4-5] [INFO] Compliance report written to: /Users/andriileukhin/Documents/SovereignNexus/.smaos/compliance_check_1788247544.json
[2026-09-01 09:26:28] [GATE-4-5] [INFO] =========================================
[2026-09-01 09:26:28] [GATE-4-5] [INFO] Gate 4-5 Summary:
[2026-09-01 09:26:28] [GATE-4-5] [INFO]   Gate 4 (AP2 anchor):     PASS (4/4)
[2026-09-01 09:26:28] [GATE-4-5] [INFO]   Gate 5 (compliance):     PASS (4/5)
[2026-09-01 09:26:28] [GATE-4-5] [INFO]   Compliance Report:       compliance_check_1788247544.json
[2026-09-01 09:26:28] [GATE-4-5] [INFO] =========================================
[2026-09-01 09:26:28] [GATE-4-5] [INFO] Gate 4-5 PASSED: Session compliance verified, ready for shutdown
[2026-09-01 09:34:30] [GATE-4-5] [INFO] === Gate 4-5 Serial Verification ===
[2026-09-01 09:34:30] [GATE-4-5] [INFO] GATE 4: AP2 Merkle ledger anchoring...
[2026-09-01 09:34:30] [GATE-4-5] [INFO]   ✓ Collected      708 work receipts for Merkle tree
[2026-09-01 09:34:30] [GATE-4-5] [INFO]   ✓ AP2 Merkle tree entry created
[2026-09-01 09:34:30] [GATE-4-5] [INFO]   ✓ AP2 ledger entry integrity verified (SHA256: 31422f9628cf953c...)
[2026-09-01 09:34:30] [GATE-4-5] [INFO]   ✓ AP2 ledger staged for commit
[2026-09-01 09:34:36] [GATE-4-5] [INFO]   ✓ AP2 ledger committed to git
[2026-09-01 09:34:36] [GATE-4-5] [INFO] GATE 5: Final compliance check...
[2026-09-01 09:35:14] [GATE-4-5] [INFO]   ✓ Git policy compliance verified
[2026-09-01 09:35:14] [GATE-4-5] [INFO]   ✓ Found 4/7 proof artifacts
[2026-09-01 09:35:14] [GATE-4-5] [INFO]   ✓ Evidence integrity verified (     717 files)
[2026-09-01 09:35:14] [GATE-4-5] [INFO]   ✓ Session validation passed (1788248114s duration)
[2026-09-01 09:35:14] [GATE-4-5] [INFO] Compliance report written to: /Users/andriileukhin/Documents/SovereignNexus/.smaos/compliance_check_1788248070.json
[2026-09-01 09:35:14] [GATE-4-5] [INFO] =========================================
[2026-09-01 09:35:14] [GATE-4-5] [INFO] Gate 4-5 Summary:
[2026-09-01 09:35:14] [GATE-4-5] [INFO]   Gate 4 (AP2 anchor):     PASS (4/4)
[2026-09-01 09:35:14] [GATE-4-5] [INFO]   Gate 5 (compliance):     PASS (4/5)
[2026-09-01 09:35:14] [GATE-4-5] [INFO]   Compliance Report:       compliance_check_1788248070.json
[2026-09-01 09:35:14] [GATE-4-5] [INFO] =========================================
[2026-09-01 09:35:14] [GATE-4-5] [INFO] Gate 4-5 PASSED: Session compliance verified, ready for shutdown
[2026-09-01 09:44:07] [GATE-4-5] [INFO] === Gate 4-5 Serial Verification ===
[2026-09-01 09:44:07] [GATE-4-5] [INFO] GATE 4: AP2 Merkle ledger anchoring...
[2026-09-01 09:44:07] [GATE-4-5] [INFO]   ✓ Collected      708 work receipts for Merkle tree
[2026-09-01 09:44:07] [GATE-4-5] [INFO]   ✓ AP2 Merkle tree entry created
[2026-09-01 09:44:07] [GATE-4-5] [INFO]   ✓ AP2 ledger entry integrity verified (SHA256: 844617602bee2b33...)
[2026-09-01 09:44:07] [GATE-4-5] [INFO]   ✓ AP2 ledger staged for commit
[2026-09-01 09:44:12] [GATE-4-5] [INFO]   ✓ AP2 ledger committed to git
[2026-09-01 09:44:12] [GATE-4-5] [INFO] GATE 5: Final compliance check...
[2026-09-01 09:44:50] [GATE-4-5] [INFO]   ✓ Git policy compliance verified
[2026-09-01 09:44:50] [GATE-4-5] [INFO]   ✓ Found 4/7 proof artifacts
[2026-09-01 09:44:50] [GATE-4-5] [INFO]   ✓ Evidence integrity verified (     717 files)
[2026-09-01 09:44:50] [GATE-4-5] [INFO]   ✓ Session validation passed (1788248690s duration)
[2026-09-01 09:44:50] [GATE-4-5] [INFO] Compliance report written to: /Users/andriileukhin/Documents/SovereignNexus/.smaos/compliance_check_1788248647.json
[2026-09-01 09:44:50] [GATE-4-5] [INFO] =========================================
[2026-09-01 09:44:50] [GATE-4-5] [INFO] Gate 4-5 Summary:
[2026-09-01 09:44:50] [GATE-4-5] [INFO]   Gate 4 (AP2 anchor):     PASS (4/4)
[2026-09-01 09:44:50] [GATE-4-5] [INFO]   Gate 5 (compliance):     PASS (4/5)
[2026-09-01 09:44:50] [GATE-4-5] [INFO]   Compliance Report:       compliance_check_1788248647.json
[2026-09-01 09:44:50] [GATE-4-5] [INFO] =========================================
[2026-09-01 09:44:50] [GATE-4-5] [INFO] Gate 4-5 PASSED: Session compliance verified, ready for shutdown
[2026-09-01 12:43:15] [GATE-4-5] [INFO] === Gate 4-5 Serial Verification ===
[2026-09-01 12:43:15] [GATE-4-5] [INFO] GATE 4: AP2 Merkle ledger anchoring...
[2026-09-01 12:43:15] [GATE-4-5] [INFO]   ✓ Collected      708 work receipts for Merkle tree
[2026-09-01 12:43:15] [GATE-4-5] [INFO]   ✓ AP2 Merkle tree entry created
[2026-09-01 12:43:15] [GATE-4-5] [INFO]   ✓ AP2 ledger entry integrity verified (SHA256: 46e1ff076fab42bf...)
[2026-09-01 12:43:15] [GATE-4-5] [INFO]   ✓ AP2 ledger staged for commit
[2026-09-01 12:43:20] [GATE-4-5] [INFO]   ✓ AP2 ledger committed to git
[2026-09-01 12:43:20] [GATE-4-5] [INFO] GATE 5: Final compliance check...
[2026-09-01 12:43:57] [GATE-4-5] [INFO]   ✓ Git policy compliance verified
[2026-09-01 12:43:57] [GATE-4-5] [INFO]   ✓ Found 4/7 proof artifacts
[2026-09-01 12:43:57] [GATE-4-5] [INFO]   ✓ Evidence integrity verified (     717 files)
[2026-09-01 12:43:57] [GATE-4-5] [INFO]   ✓ Session validation passed (1788259437s duration)
[2026-09-01 12:43:57] [GATE-4-5] [INFO] Compliance report written to: /Users/andriileukhin/Documents/SovereignNexus/.smaos/compliance_check_1788259395.json
[2026-09-01 12:43:57] [GATE-4-5] [INFO] =========================================
[2026-09-01 12:43:57] [GATE-4-5] [INFO] Gate 4-5 Summary:
[2026-09-01 12:43:57] [GATE-4-5] [INFO]   Gate 4 (AP2 anchor):     PASS (4/4)
[2026-09-01 12:43:57] [GATE-4-5] [INFO]   Gate 5 (compliance):     PASS (4/5)
[2026-09-01 12:43:57] [GATE-4-5] [INFO]   Compliance Report:       compliance_check_1788259395.json
[2026-09-01 12:43:57] [GATE-4-5] [INFO] =========================================
[2026-09-01 12:43:57] [GATE-4-5] [INFO] Gate 4-5 PASSED: Session compliance verified, ready for shutdown
[2026-09-01 12:49:52] [GATE-4-5] [INFO] === Gate 4-5 Serial Verification ===
[2026-09-01 12:49:52] [GATE-4-5] [INFO] GATE 4: AP2 Merkle ledger anchoring...
[2026-09-01 12:49:52] [GATE-4-5] [INFO]   ✓ Collected      725 work receipts for Merkle tree
[2026-09-01 12:49:52] [GATE-4-5] [INFO]   ✓ AP2 Merkle tree entry created
[2026-09-01 12:49:52] [GATE-4-5] [INFO]   ✓ AP2 ledger entry integrity verified (SHA256: e359efdb38b8c7fb...)
[2026-09-01 12:49:52] [GATE-4-5] [INFO]   ✓ AP2 ledger staged for commit
[2026-09-01 12:49:58] [GATE-4-5] [INFO]   ✓ AP2 ledger committed to git
[2026-09-01 12:49:58] [GATE-4-5] [INFO] GATE 5: Final compliance check...
[2026-09-01 12:50:34] [GATE-4-5] [INFO]   ✓ Git policy compliance verified
[2026-09-01 12:50:34] [GATE-4-5] [INFO]   ✓ Found 4/7 proof artifacts
[2026-09-01 12:50:34] [GATE-4-5] [INFO]   ✓ Evidence integrity verified (     734 files)
[2026-09-01 12:50:34] [GATE-4-5] [INFO]   ✓ Session validation passed (1788259834s duration)
[2026-09-01 12:50:34] [GATE-4-5] [INFO] Compliance report written to: /Users/andriileukhin/Documents/SovereignNexus/.smaos/compliance_check_1788259792.json
[2026-09-01 12:50:34] [GATE-4-5] [INFO] =========================================
[2026-09-01 12:50:35] [GATE-4-5] [INFO] Gate 4-5 Summary:
[2026-09-01 12:50:35] [GATE-4-5] [INFO]   Gate 4 (AP2 anchor):     PASS (4/4)
[2026-09-01 12:50:35] [GATE-4-5] [INFO]   Gate 5 (compliance):     PASS (4/5)
[2026-09-01 12:50:35] [GATE-4-5] [INFO]   Compliance Report:       compliance_check_1788259792.json
[2026-09-01 12:50:35] [GATE-4-5] [INFO] =========================================
[2026-09-01 12:50:35] [GATE-4-5] [INFO] Gate 4-5 PASSED: Session compliance verified, ready for shutdown
[2026-09-01 12:50:48] [GATE-4-5] [INFO] === Gate 4-5 Serial Verification ===
[2026-09-01 12:50:48] [GATE-4-5] [INFO] GATE 4: AP2 Merkle ledger anchoring...
[2026-09-01 12:50:48] [GATE-4-5] [INFO]   ✓ Collected      725 work receipts for Merkle tree
[2026-09-01 12:50:48] [GATE-4-5] [INFO]   ✓ AP2 Merkle tree entry created
[2026-09-01 12:50:48] [GATE-4-5] [INFO]   ✓ AP2 ledger entry integrity verified (SHA256: 39fe36578e4e0690...)
[2026-09-01 12:50:48] [GATE-4-5] [INFO]   ✓ AP2 ledger staged for commit
[2026-09-01 12:50:51] [GATE-4-5] [INFO]   ✓ AP2 ledger committed to git
[2026-09-01 12:50:51] [GATE-4-5] [INFO] GATE 5: Final compliance check...
[2026-09-01 12:51:28] [GATE-4-5] [INFO]   ✓ Git policy compliance verified
[2026-09-01 12:51:28] [GATE-4-5] [INFO]   ✓ Found 4/7 proof artifacts
[2026-09-01 12:51:28] [GATE-4-5] [INFO]   ✓ Evidence integrity verified (     734 files)
[2026-09-01 12:51:28] [GATE-4-5] [INFO]   ✓ Session validation passed (1788259888s duration)
[2026-09-01 12:51:28] [GATE-4-5] [INFO] Compliance report written to: /Users/andriileukhin/Documents/SovereignNexus/.smaos/compliance_check_1788259848.json
[2026-09-01 12:51:28] [GATE-4-5] [INFO] =========================================
[2026-09-01 12:51:28] [GATE-4-5] [INFO] Gate 4-5 Summary:
[2026-09-01 12:51:28] [GATE-4-5] [INFO]   Gate 4 (AP2 anchor):     PASS (4/4)
[2026-09-01 12:51:28] [GATE-4-5] [INFO]   Gate 5 (compliance):     PASS (4/5)
[2026-09-01 12:51:28] [GATE-4-5] [INFO]   Compliance Report:       compliance_check_1788259848.json
[2026-09-01 12:51:28] [GATE-4-5] [INFO] =========================================
[2026-09-01 12:51:28] [GATE-4-5] [INFO] Gate 4-5 PASSED: Session compliance verified, ready for shutdown
[2026-09-01 12:53:35] [GATE-4-5] [INFO] === Gate 4-5 Serial Verification ===
[2026-09-01 12:53:35] [GATE-4-5] [INFO] GATE 4: AP2 Merkle ledger anchoring...
[2026-09-01 12:53:35] [GATE-4-5] [INFO]   ✓ Collected      727 work receipts for Merkle tree
[2026-09-01 12:53:35] [GATE-4-5] [INFO]   ✓ AP2 Merkle tree entry created
[2026-09-01 12:53:35] [GATE-4-5] [INFO]   ✓ AP2 ledger entry integrity verified (SHA256: 16c8c2ccd454d737...)
[2026-09-01 12:53:36] [GATE-4-5] [INFO]   ✓ AP2 ledger staged for commit
[2026-09-01 12:53:41] [GATE-4-5] [INFO]   ✓ AP2 ledger committed to git
[2026-09-01 12:53:41] [GATE-4-5] [INFO] GATE 5: Final compliance check...
[2026-09-01 12:54:17] [GATE-4-5] [INFO]   ✓ Git policy compliance verified
[2026-09-01 12:54:17] [GATE-4-5] [INFO]   ✓ Found 4/7 proof artifacts
[2026-09-01 12:54:17] [GATE-4-5] [INFO]   ✓ Evidence integrity verified (     736 files)
[2026-09-01 12:54:17] [GATE-4-5] [INFO]   ✓ Session validation passed (1788260057s duration)
[2026-09-01 12:54:17] [GATE-4-5] [INFO] Compliance report written to: /Users/andriileukhin/Documents/SovereignNexus/.smaos/compliance_check_1788260015.json
[2026-09-01 12:54:17] [GATE-4-5] [INFO] =========================================
[2026-09-01 12:54:17] [GATE-4-5] [INFO] Gate 4-5 Summary:
[2026-09-01 12:54:17] [GATE-4-5] [INFO]   Gate 4 (AP2 anchor):     PASS (4/4)
[2026-09-01 12:54:17] [GATE-4-5] [INFO]   Gate 5 (compliance):     PASS (4/5)
[2026-09-01 12:54:17] [GATE-4-5] [INFO]   Compliance Report:       compliance_check_1788260015.json
[2026-09-01 12:54:17] [GATE-4-5] [INFO] =========================================
[2026-09-01 12:54:17] [GATE-4-5] [INFO] Gate 4-5 PASSED: Session compliance verified, ready for shutdown
[2026-09-01 12:54:37] [GATE-4-5] [INFO] === Gate 4-5 Serial Verification ===
[2026-09-01 12:54:37] [GATE-4-5] [INFO] GATE 4: AP2 Merkle ledger anchoring...
[2026-09-01 12:54:37] [GATE-4-5] [INFO]   ✓ Collected      727 work receipts for Merkle tree
[2026-09-01 12:54:37] [GATE-4-5] [INFO]   ✓ AP2 Merkle tree entry created
[2026-09-01 12:54:37] [GATE-4-5] [INFO]   ✓ AP2 ledger entry integrity verified (SHA256: 7d9018a1520b87cb...)
[2026-09-01 12:54:37] [GATE-4-5] [INFO]   ✓ AP2 ledger staged for commit
[2026-09-01 12:54:39] [GATE-4-5] [INFO]   ✓ AP2 ledger committed to git
[2026-09-01 12:54:39] [GATE-4-5] [INFO] GATE 5: Final compliance check...
[2026-09-01 12:55:17] [GATE-4-5] [INFO]   ✓ Git policy compliance verified
[2026-09-01 12:55:17] [GATE-4-5] [INFO]   ✓ Found 4/7 proof artifacts
[2026-09-01 12:55:17] [GATE-4-5] [INFO]   ✓ Evidence integrity verified (     736 files)
[2026-09-01 12:55:17] [GATE-4-5] [INFO]   ✓ Session validation passed (1788260117s duration)
[2026-09-01 12:55:17] [GATE-4-5] [INFO] Compliance report written to: /Users/andriileukhin/Documents/SovereignNexus/.smaos/compliance_check_1788260077.json
[2026-09-01 12:55:17] [GATE-4-5] [INFO] =========================================
[2026-09-01 12:55:17] [GATE-4-5] [INFO] Gate 4-5 Summary:
[2026-09-01 12:55:17] [GATE-4-5] [INFO]   Gate 4 (AP2 anchor):     PASS (4/4)
[2026-09-01 12:55:17] [GATE-4-5] [INFO]   Gate 5 (compliance):     PASS (4/5)
[2026-09-01 12:55:17] [GATE-4-5] [INFO]   Compliance Report:       compliance_check_1788260077.json
[2026-09-01 12:55:17] [GATE-4-5] [INFO] =========================================
[2026-09-01 12:55:17] [GATE-4-5] [INFO] Gate 4-5 PASSED: Session compliance verified, ready for shutdown
[2026-09-01 13:02:09] [GATE-4-5] [INFO] === Gate 4-5 Serial Verification ===
[2026-09-01 13:02:09] [GATE-4-5] [INFO] GATE 4: AP2 Merkle ledger anchoring...
[2026-09-01 13:02:09] [GATE-4-5] [INFO]   ✓ Collected      740 work receipts for Merkle tree
[2026-09-01 13:02:09] [GATE-4-5] [INFO]   ✓ AP2 Merkle tree entry created
[2026-09-01 13:02:09] [GATE-4-5] [INFO]   ✓ AP2 ledger entry integrity verified (SHA256: a57783346b2f7fca...)
[2026-09-01 13:02:10] [GATE-4-5] [INFO]   ✓ AP2 ledger staged for commit
[2026-09-01 13:02:14] [GATE-4-5] [INFO]   ✓ AP2 ledger committed to git
[2026-09-01 13:02:14] [GATE-4-5] [INFO] GATE 5: Final compliance check...
[2026-09-01 13:02:52] [GATE-4-5] [INFO]   ✓ Git policy compliance verified
[2026-09-01 13:02:52] [GATE-4-5] [INFO]   ✓ Found 4/7 proof artifacts
[2026-09-01 13:02:52] [GATE-4-5] [INFO]   ✓ Evidence integrity verified (     749 files)
[2026-09-01 13:02:52] [GATE-4-5] [INFO]   ✓ Session validation passed (1788260572s duration)
[2026-09-01 13:02:52] [GATE-4-5] [INFO] Compliance report written to: /Users/andriileukhin/Documents/SovereignNexus/.smaos/compliance_check_1788260529.json
[2026-09-01 13:02:52] [GATE-4-5] [INFO] =========================================
[2026-09-01 13:02:52] [GATE-4-5] [INFO] Gate 4-5 Summary:
[2026-09-01 13:02:52] [GATE-4-5] [INFO]   Gate 4 (AP2 anchor):     PASS (4/4)
[2026-09-01 13:02:52] [GATE-4-5] [INFO]   Gate 5 (compliance):     PASS (4/5)
[2026-09-01 13:02:52] [GATE-4-5] [INFO]   Compliance Report:       compliance_check_1788260529.json
[2026-09-01 13:02:52] [GATE-4-5] [INFO] =========================================
[2026-09-01 13:02:52] [GATE-4-5] [INFO] Gate 4-5 PASSED: Session compliance verified, ready for shutdown
[2026-09-01 13:03:10] [GATE-4-5] [INFO] === Gate 4-5 Serial Verification ===
[2026-09-01 13:03:10] [GATE-4-5] [INFO] GATE 4: AP2 Merkle ledger anchoring...
[2026-09-01 13:03:10] [GATE-4-5] [INFO]   ✓ Collected      741 work receipts for Merkle tree
[2026-09-01 13:03:10] [GATE-4-5] [INFO]   ✓ AP2 Merkle tree entry created
[2026-09-01 13:03:10] [GATE-4-5] [INFO]   ✓ AP2 ledger entry integrity verified (SHA256: fcf6e615bb46d85f...)
[2026-09-01 13:03:10] [GATE-4-5] [INFO]   ✓ AP2 ledger staged for commit
[2026-09-01 13:03:15] [GATE-4-5] [INFO]   ✓ AP2 ledger committed to git
[2026-09-01 13:03:15] [GATE-4-5] [INFO] GATE 5: Final compliance check...
[2026-09-01 13:03:52] [GATE-4-5] [INFO]   ✓ Git policy compliance verified
[2026-09-01 13:03:52] [GATE-4-5] [INFO]   ✓ Found 4/7 proof artifacts
[2026-09-01 13:03:52] [GATE-4-5] [INFO]   ✓ Evidence integrity verified (     750 files)
[2026-09-01 13:03:52] [GATE-4-5] [INFO]   ✓ Session validation passed (1788260632s duration)
[2026-09-01 13:03:52] [GATE-4-5] [INFO] Compliance report written to: /Users/andriileukhin/Documents/SovereignNexus/.smaos/compliance_check_1788260590.json
[2026-09-01 13:03:52] [GATE-4-5] [INFO] =========================================
[2026-09-01 13:03:52] [GATE-4-5] [INFO] Gate 4-5 Summary:
[2026-09-01 13:03:52] [GATE-4-5] [INFO]   Gate 4 (AP2 anchor):     PASS (4/4)
[2026-09-01 13:03:52] [GATE-4-5] [INFO]   Gate 5 (compliance):     PASS (4/5)
[2026-09-01 13:03:52] [GATE-4-5] [INFO]   Compliance Report:       compliance_check_1788260590.json
[2026-09-01 13:03:52] [GATE-4-5] [INFO] =========================================
[2026-09-01 13:03:52] [GATE-4-5] [INFO] Gate 4-5 PASSED: Session compliance verified, ready for shutdown
[2026-09-02 21:15:02] [GATE-4-5] [INFO] === Gate 4-5 Serial Verification ===
[2026-09-02 21:15:02] [GATE-4-5] [INFO] GATE 4: AP2 Merkle ledger anchoring...
[2026-09-02 21:15:02] [GATE-4-5] [INFO]   ✓ Collected      753 work receipts for Merkle tree
[2026-09-02 21:15:02] [GATE-4-5] [INFO]   ✓ AP2 Merkle tree entry created
[2026-09-02 21:15:02] [GATE-4-5] [INFO]   ✓ AP2 ledger entry integrity verified (SHA256: 2b37fc56239a2b80...)
[2026-09-02 21:15:02] [GATE-4-5] [INFO]   ✓ AP2 ledger staged for commit
[2026-09-02 21:15:04] [GATE-4-5] [INFO]   ✓ AP2 ledger committed to git
[2026-09-02 21:15:04] [GATE-4-5] [INFO] GATE 5: Final compliance check...
[2026-09-02 21:15:42] [GATE-4-5] [INFO]   ✓ Git policy compliance verified
[2026-09-02 21:15:42] [GATE-4-5] [INFO]   ✓ Found 4/7 proof artifacts
[2026-09-02 21:15:42] [GATE-4-5] [INFO]   ✓ Evidence integrity verified (     762 files)
[2026-09-02 21:15:42] [GATE-4-5] [INFO]   ✓ Session validation passed (1788376542s duration)
[2026-09-02 21:15:42] [GATE-4-5] [INFO] Compliance report written to: /Users/andriileukhin/Documents/SovereignNexus/.smaos/compliance_check_1788376502.json
[2026-09-02 21:15:42] [GATE-4-5] [INFO] =========================================
[2026-09-02 21:15:42] [GATE-4-5] [INFO] Gate 4-5 Summary:
[2026-09-02 21:15:42] [GATE-4-5] [INFO]   Gate 4 (AP2 anchor):     PASS (4/4)
[2026-09-02 21:15:42] [GATE-4-5] [INFO]   Gate 5 (compliance):     PASS (4/5)
[2026-09-02 21:15:42] [GATE-4-5] [INFO]   Compliance Report:       compliance_check_1788376502.json
[2026-09-02 21:15:42] [GATE-4-5] [INFO] =========================================
[2026-09-02 21:15:42] [GATE-4-5] [INFO] Gate 4-5 PASSED: Session compliance verified, ready for shutdown
[2026-09-02 21:41:19] [GATE-4-5] [INFO] === Gate 4-5 Serial Verification ===
[2026-09-02 21:41:19] [GATE-4-5] [INFO] GATE 4: AP2 Merkle ledger anchoring...
[2026-09-02 21:41:19] [GATE-4-5] [INFO]   ✓ Collected      753 work receipts for Merkle tree
[2026-09-02 21:41:20] [GATE-4-5] [INFO]   ✓ AP2 Merkle tree entry created
[2026-09-02 21:41:20] [GATE-4-5] [INFO]   ✓ AP2 ledger entry integrity verified (SHA256: b7aa7a3806d0d794...)
[2026-09-02 21:41:20] [GATE-4-5] [INFO]   ✓ AP2 ledger staged for commit
[2026-09-02 21:41:22] [GATE-4-5] [INFO]   ✓ AP2 ledger committed to git
[2026-09-02 21:41:22] [GATE-4-5] [INFO] GATE 5: Final compliance check...
[2026-09-02 21:42:00] [GATE-4-5] [INFO]   ✓ Git policy compliance verified
[2026-09-02 21:42:00] [GATE-4-5] [INFO]   ✓ Found 4/7 proof artifacts
[2026-09-02 21:42:00] [GATE-4-5] [INFO]   ✓ Evidence integrity verified (     762 files)
[2026-09-02 21:42:00] [GATE-4-5] [INFO]   ✓ Session validation passed (1788378120s duration)
[2026-09-02 21:42:00] [GATE-4-5] [INFO] Compliance report written to: /Users/andriileukhin/Documents/SovereignNexus/.smaos/compliance_check_1788378079.json
[2026-09-02 21:42:00] [GATE-4-5] [INFO] =========================================
[2026-09-02 21:42:00] [GATE-4-5] [INFO] Gate 4-5 Summary:
[2026-09-02 21:42:00] [GATE-4-5] [INFO]   Gate 4 (AP2 anchor):     PASS (4/4)
[2026-09-02 21:42:00] [GATE-4-5] [INFO]   Gate 5 (compliance):     PASS (4/5)
[2026-09-02 21:42:00] [GATE-4-5] [INFO]   Compliance Report:       compliance_check_1788378079.json
[2026-09-02 21:42:00] [GATE-4-5] [INFO] =========================================
[2026-09-02 21:42:00] [GATE-4-5] [INFO] Gate 4-5 PASSED: Session compliance verified, ready for shutdown
[2026-09-02 22:26:57] [GATE-4-5] [INFO] === Gate 4-5 Serial Verification ===
[2026-09-02 22:26:57] [GATE-4-5] [INFO] GATE 4: AP2 Merkle ledger anchoring...
[2026-09-02 22:26:57] [GATE-4-5] [INFO]   ✓ Collected      753 work receipts for Merkle tree
[2026-09-02 22:26:58] [GATE-4-5] [INFO]   ✓ AP2 Merkle tree entry created
[2026-09-02 22:26:58] [GATE-4-5] [INFO]   ✓ AP2 ledger entry integrity verified (SHA256: b0d4f13939c06577...)
[2026-09-02 22:26:58] [GATE-4-5] [INFO]   ✓ AP2 ledger staged for commit
[2026-09-02 22:27:04] [GATE-4-5] [INFO]   ✓ AP2 ledger committed to git
[2026-09-02 22:27:04] [GATE-4-5] [INFO] GATE 5: Final compliance check...
[2026-09-02 22:27:41] [GATE-4-5] [INFO]   ✓ Git policy compliance verified
[2026-09-02 22:27:41] [GATE-4-5] [INFO]   ✓ Found 4/7 proof artifacts
[2026-09-02 22:27:42] [GATE-4-5] [INFO]   ✓ Evidence integrity verified (     762 files)
[2026-09-02 22:27:42] [GATE-4-5] [INFO]   ✓ Session validation passed (1788380862s duration)
[2026-09-02 22:27:42] [GATE-4-5] [INFO] Compliance report written to: /Users/andriileukhin/Documents/SovereignNexus/.smaos/compliance_check_1788380817.json
[2026-09-02 22:27:42] [GATE-4-5] [INFO] =========================================
[2026-09-02 22:27:42] [GATE-4-5] [INFO] Gate 4-5 Summary:
[2026-09-02 22:27:42] [GATE-4-5] [INFO]   Gate 4 (AP2 anchor):     PASS (4/4)
[2026-09-02 22:27:42] [GATE-4-5] [INFO]   Gate 5 (compliance):     PASS (4/5)
[2026-09-02 22:27:42] [GATE-4-5] [INFO]   Compliance Report:       compliance_check_1788380817.json
[2026-09-02 22:27:42] [GATE-4-5] [INFO] =========================================
[2026-09-02 22:27:42] [GATE-4-5] [INFO] Gate 4-5 PASSED: Session compliance verified, ready for shutdown
[2026-09-02 22:35:46] [GATE-4-5] [INFO] === Gate 4-5 Serial Verification ===
[2026-09-02 22:35:46] [GATE-4-5] [INFO] GATE 4: AP2 Merkle ledger anchoring...
[2026-09-02 22:35:46] [GATE-4-5] [INFO]   ✓ Collected      753 work receipts for Merkle tree
[2026-09-02 22:35:46] [GATE-4-5] [INFO]   ✓ AP2 Merkle tree entry created
[2026-09-02 22:35:46] [GATE-4-5] [INFO]   ✓ AP2 ledger entry integrity verified (SHA256: 3620abb094fa20d7...)
[2026-09-02 22:35:46] [GATE-4-5] [INFO]   ✓ AP2 ledger staged for commit
[2026-09-02 22:35:48] [GATE-4-5] [INFO]   ✓ AP2 ledger committed to git
[2026-09-02 22:35:48] [GATE-4-5] [INFO] GATE 5: Final compliance check...
[2026-09-02 22:36:26] [GATE-4-5] [INFO]   ✓ Git policy compliance verified
[2026-09-02 22:36:26] [GATE-4-5] [INFO]   ✓ Found 4/7 proof artifacts
[2026-09-02 22:36:26] [GATE-4-5] [INFO]   ✓ Evidence integrity verified (     762 files)
[2026-09-02 22:36:26] [GATE-4-5] [INFO]   ✓ Session validation passed (1788381386s duration)
[2026-09-02 22:36:26] [GATE-4-5] [INFO] Compliance report written to: /Users/andriileukhin/Documents/SovereignNexus/.smaos/compliance_check_1788381346.json
[2026-09-02 22:36:26] [GATE-4-5] [INFO] =========================================
[2026-09-02 22:36:26] [GATE-4-5] [INFO] Gate 4-5 Summary:
[2026-09-02 22:36:26] [GATE-4-5] [INFO]   Gate 4 (AP2 anchor):     PASS (4/4)
[2026-09-02 22:36:26] [GATE-4-5] [INFO]   Gate 5 (compliance):     PASS (4/5)
[2026-09-02 22:36:26] [GATE-4-5] [INFO]   Compliance Report:       compliance_check_1788381346.json
[2026-09-02 22:36:26] [GATE-4-5] [INFO] =========================================
[2026-09-02 22:36:26] [GATE-4-5] [INFO] Gate 4-5 PASSED: Session compliance verified, ready for shutdown
[2026-09-02 22:40:20] [GATE-4-5] [INFO] === Gate 4-5 Serial Verification ===
[2026-09-02 22:40:20] [GATE-4-5] [INFO] GATE 4: AP2 Merkle ledger anchoring...
[2026-09-02 22:40:20] [GATE-4-5] [INFO]   ✓ Collected      753 work receipts for Merkle tree
[2026-09-02 22:40:20] [GATE-4-5] [INFO]   ✓ AP2 Merkle tree entry created
[2026-09-02 22:40:20] [GATE-4-5] [INFO]   ✓ AP2 ledger entry integrity verified (SHA256: 35d37eefc04e7a47...)
[2026-09-02 22:40:20] [GATE-4-5] [INFO]   ✓ AP2 ledger staged for commit
[2026-09-02 22:40:22] [GATE-4-5] [INFO]   ✓ AP2 ledger committed to git
[2026-09-02 22:40:22] [GATE-4-5] [INFO] GATE 5: Final compliance check...
[2026-09-02 22:41:03] [GATE-4-5] [INFO]   ✓ Git policy compliance verified
[2026-09-02 22:41:03] [GATE-4-5] [INFO]   ✓ Found 4/7 proof artifacts
[2026-09-02 22:41:03] [GATE-4-5] [INFO]   ✓ Evidence integrity verified (     762 files)
[2026-09-02 22:41:03] [GATE-4-5] [INFO]   ✓ Session validation passed (1788381663s duration)
[2026-09-02 22:41:03] [GATE-4-5] [INFO] Compliance report written to: /Users/andriileukhin/Documents/SovereignNexus/.smaos/compliance_check_1788381620.json
[2026-09-02 22:41:03] [GATE-4-5] [INFO] =========================================
[2026-09-02 22:41:03] [GATE-4-5] [INFO] Gate 4-5 Summary:
[2026-09-02 22:41:03] [GATE-4-5] [INFO]   Gate 4 (AP2 anchor):     PASS (4/4)
[2026-09-02 22:41:03] [GATE-4-5] [INFO]   Gate 5 (compliance):     PASS (4/5)
[2026-09-02 22:41:03] [GATE-4-5] [INFO]   Compliance Report:       compliance_check_1788381620.json
[2026-09-02 22:41:03] [GATE-4-5] [INFO] =========================================
[2026-09-02 22:41:03] [GATE-4-5] [INFO] Gate 4-5 PASSED: Session compliance verified, ready for shutdown
[2026-09-02 22:45:48] [GATE-4-5] [INFO] === Gate 4-5 Serial Verification ===
[2026-09-02 22:45:48] [GATE-4-5] [INFO] GATE 4: AP2 Merkle ledger anchoring...
[2026-09-02 22:45:48] [GATE-4-5] [INFO]   ✓ Collected      753 work receipts for Merkle tree
[2026-09-02 22:45:48] [GATE-4-5] [INFO]   ✓ AP2 Merkle tree entry created
[2026-09-02 22:45:48] [GATE-4-5] [INFO]   ✓ AP2 ledger entry integrity verified (SHA256: a1dac392dcaa23d1...)
[2026-09-02 22:45:48] [GATE-4-5] [INFO]   ✓ AP2 ledger staged for commit
[2026-09-02 22:45:51] [GATE-4-5] [INFO]   ✓ AP2 ledger committed to git
[2026-09-02 22:45:51] [GATE-4-5] [INFO] GATE 5: Final compliance check...
[2026-09-02 22:46:32] [GATE-4-5] [INFO]   ✓ Git policy compliance verified
[2026-09-02 22:46:32] [GATE-4-5] [INFO]   ✓ Found 4/7 proof artifacts
[2026-09-02 22:46:32] [GATE-4-5] [INFO]   ✓ Evidence integrity verified (     762 files)
[2026-09-02 22:46:32] [GATE-4-5] [INFO]   ✓ Session validation passed (1788381992s duration)
[2026-09-02 22:46:32] [GATE-4-5] [INFO] Compliance report written to: /Users/andriileukhin/Documents/SovereignNexus/.smaos/compliance_check_1788381948.json
[2026-09-02 22:46:32] [GATE-4-5] [INFO] =========================================
[2026-09-02 22:46:32] [GATE-4-5] [INFO] Gate 4-5 Summary:
[2026-09-02 22:46:32] [GATE-4-5] [INFO]   Gate 4 (AP2 anchor):     PASS (4/4)
[2026-09-02 22:46:32] [GATE-4-5] [INFO]   Gate 5 (compliance):     PASS (4/5)
[2026-09-02 22:46:32] [GATE-4-5] [INFO]   Compliance Report:       compliance_check_1788381948.json
[2026-09-02 22:46:32] [GATE-4-5] [INFO] =========================================
[2026-09-02 22:46:32] [GATE-4-5] [INFO] Gate 4-5 PASSED: Session compliance verified, ready for shutdown
[2026-09-02 22:50:18] [GATE-4-5] [INFO] === Gate 4-5 Serial Verification ===
[2026-09-02 22:50:18] [GATE-4-5] [INFO] GATE 4: AP2 Merkle ledger anchoring...
[2026-09-02 22:50:18] [GATE-4-5] [INFO]   ✓ Collected      753 work receipts for Merkle tree
[2026-09-02 22:50:18] [GATE-4-5] [INFO]   ✓ AP2 Merkle tree entry created
[2026-09-02 22:50:18] [GATE-4-5] [INFO]   ✓ AP2 ledger entry integrity verified (SHA256: 8866a782281c8e11...)
[2026-09-02 22:50:18] [GATE-4-5] [INFO]   ✓ AP2 ledger staged for commit
[2026-09-02 22:50:21] [GATE-4-5] [INFO]   ✓ AP2 ledger committed to git
[2026-09-02 22:50:21] [GATE-4-5] [INFO] GATE 5: Final compliance check...
[2026-09-02 22:50:58] [GATE-4-5] [INFO]   ✓ Git policy compliance verified
[2026-09-02 22:50:58] [GATE-4-5] [INFO]   ✓ Found 4/7 proof artifacts
[2026-09-02 22:50:58] [GATE-4-5] [INFO]   ✓ Evidence integrity verified (     762 files)
[2026-09-02 22:50:58] [GATE-4-5] [INFO]   ✓ Session validation passed (1788382258s duration)
[2026-09-02 22:50:58] [GATE-4-5] [INFO] Compliance report written to: /Users/andriileukhin/Documents/SovereignNexus/.smaos/compliance_check_1788382218.json
[2026-09-02 22:50:58] [GATE-4-5] [INFO] =========================================
[2026-09-02 22:50:58] [GATE-4-5] [INFO] Gate 4-5 Summary:
[2026-09-02 22:50:58] [GATE-4-5] [INFO]   Gate 4 (AP2 anchor):     PASS (4/4)
[2026-09-02 22:50:58] [GATE-4-5] [INFO]   Gate 5 (compliance):     PASS (4/5)
[2026-09-02 22:50:58] [GATE-4-5] [INFO]   Compliance Report:       compliance_check_1788382218.json
[2026-09-02 22:50:58] [GATE-4-5] [INFO] =========================================
[2026-09-02 22:50:58] [GATE-4-5] [INFO] Gate 4-5 PASSED: Session compliance verified, ready for shutdown
[2026-09-02 22:58:54] [GATE-4-5] [INFO] === Gate 4-5 Serial Verification ===
[2026-09-02 22:58:54] [GATE-4-5] [INFO] GATE 4: AP2 Merkle ledger anchoring...
[2026-09-02 22:58:54] [GATE-4-5] [INFO]   ✓ Collected      754 work receipts for Merkle tree
[2026-09-02 22:58:54] [GATE-4-5] [INFO]   ✓ AP2 Merkle tree entry created
[2026-09-02 22:58:54] [GATE-4-5] [INFO]   ✓ AP2 ledger entry integrity verified (SHA256: ef95a40f3e0c37d9...)
[2026-09-02 22:58:54] [GATE-4-5] [INFO]   ✓ AP2 ledger staged for commit
[2026-09-02 22:58:59] [GATE-4-5] [INFO]   ✓ AP2 ledger committed to git
[2026-09-02 22:58:59] [GATE-4-5] [INFO] GATE 5: Final compliance check...
[2026-09-02 22:59:37] [GATE-4-5] [INFO]   ✓ Git policy compliance verified
[2026-09-02 22:59:37] [GATE-4-5] [INFO]   ✓ Found 4/7 proof artifacts
[2026-09-02 22:59:37] [GATE-4-5] [INFO]   ✓ Evidence integrity verified (     763 files)
[2026-09-02 22:59:37] [GATE-4-5] [INFO]   ✓ Session validation passed (1788382777s duration)
[2026-09-02 22:59:37] [GATE-4-5] [INFO] Compliance report written to: /Users/andriileukhin/Documents/SovereignNexus/.smaos/compliance_check_1788382734.json
[2026-09-02 22:59:37] [GATE-4-5] [INFO] =========================================
[2026-09-02 22:59:37] [GATE-4-5] [INFO] Gate 4-5 Summary:
[2026-09-02 22:59:37] [GATE-4-5] [INFO]   Gate 4 (AP2 anchor):     PASS (4/4)
[2026-09-02 22:59:37] [GATE-4-5] [INFO]   Gate 5 (compliance):     PASS (4/5)
[2026-09-02 22:59:37] [GATE-4-5] [INFO]   Compliance Report:       compliance_check_1788382734.json
[2026-09-02 22:59:37] [GATE-4-5] [INFO] =========================================
[2026-09-02 22:59:37] [GATE-4-5] [INFO] Gate 4-5 PASSED: Session compliance verified, ready for shutdown
[2026-09-02 23:01:30] [GATE-4-5] [INFO] === Gate 4-5 Serial Verification ===
[2026-09-02 23:01:30] [GATE-4-5] [INFO] GATE 4: AP2 Merkle ledger anchoring...
[2026-09-02 23:01:30] [GATE-4-5] [INFO]   ✓ Collected      754 work receipts for Merkle tree
[2026-09-02 23:01:30] [GATE-4-5] [INFO]   ✓ AP2 Merkle tree entry created
[2026-09-02 23:01:30] [GATE-4-5] [INFO]   ✓ AP2 ledger entry integrity verified (SHA256: f6023cdf32472d57...)
[2026-09-02 23:01:30] [GATE-4-5] [INFO]   ✓ AP2 ledger staged for commit
[2026-09-02 23:01:32] [GATE-4-5] [INFO]   ✓ AP2 ledger committed to git
[2026-09-02 23:01:32] [GATE-4-5] [INFO] GATE 5: Final compliance check...
[2026-09-02 23:02:11] [GATE-4-5] [INFO]   ✓ Git policy compliance verified
[2026-09-02 23:02:11] [GATE-4-5] [INFO]   ✓ Found 4/7 proof artifacts
[2026-09-02 23:02:11] [GATE-4-5] [INFO]   ✓ Evidence integrity verified (     763 files)
[2026-09-02 23:02:11] [GATE-4-5] [INFO]   ✓ Session validation passed (1788382931s duration)
[2026-09-02 23:02:11] [GATE-4-5] [INFO] Compliance report written to: /Users/andriileukhin/Documents/SovereignNexus/.smaos/compliance_check_1788382890.json
[2026-09-02 23:02:11] [GATE-4-5] [INFO] =========================================
[2026-09-02 23:02:11] [GATE-4-5] [INFO] Gate 4-5 Summary:
[2026-09-02 23:02:11] [GATE-4-5] [INFO]   Gate 4 (AP2 anchor):     PASS (4/4)
[2026-09-02 23:02:11] [GATE-4-5] [INFO]   Gate 5 (compliance):     PASS (4/5)
[2026-09-02 23:02:11] [GATE-4-5] [INFO]   Compliance Report:       compliance_check_1788382890.json
[2026-09-02 23:02:11] [GATE-4-5] [INFO] =========================================
[2026-09-02 23:02:11] [GATE-4-5] [INFO] Gate 4-5 PASSED: Session compliance verified, ready for shutdown
[2026-09-02 23:05:25] [GATE-4-5] [INFO] === Gate 4-5 Serial Verification ===
[2026-09-02 23:05:25] [GATE-4-5] [INFO] GATE 4: AP2 Merkle ledger anchoring...
[2026-09-02 23:05:25] [GATE-4-5] [INFO]   ✓ Collected      754 work receipts for Merkle tree
[2026-09-02 23:05:25] [GATE-4-5] [INFO]   ✓ AP2 Merkle tree entry created
[2026-09-02 23:05:25] [GATE-4-5] [INFO]   ✓ AP2 ledger entry integrity verified (SHA256: 167bfb406b271cba...)
[2026-09-02 23:05:25] [GATE-4-5] [INFO]   ✓ AP2 ledger staged for commit
[2026-09-02 23:05:27] [GATE-4-5] [INFO]   ✓ AP2 ledger committed to git
[2026-09-02 23:05:27] [GATE-4-5] [INFO] GATE 5: Final compliance check...
[2026-09-02 23:06:05] [GATE-4-5] [INFO]   ✓ Git policy compliance verified
[2026-09-02 23:06:05] [GATE-4-5] [INFO]   ✓ Found 4/7 proof artifacts
[2026-09-02 23:06:05] [GATE-4-5] [INFO]   ✓ Evidence integrity verified (     763 files)
[2026-09-02 23:06:05] [GATE-4-5] [INFO]   ✓ Session validation passed (1788383165s duration)
[2026-09-02 23:06:05] [GATE-4-5] [INFO] Compliance report written to: /Users/andriileukhin/Documents/SovereignNexus/.smaos/compliance_check_1788383125.json
[2026-09-02 23:06:05] [GATE-4-5] [INFO] =========================================
[2026-09-02 23:06:05] [GATE-4-5] [INFO] Gate 4-5 Summary:
[2026-09-02 23:06:05] [GATE-4-5] [INFO]   Gate 4 (AP2 anchor):     PASS (4/4)
[2026-09-02 23:06:05] [GATE-4-5] [INFO]   Gate 5 (compliance):     PASS (4/5)
[2026-09-02 23:06:05] [GATE-4-5] [INFO]   Compliance Report:       compliance_check_1788383125.json
[2026-09-02 23:06:05] [GATE-4-5] [INFO] =========================================
[2026-09-02 23:06:05] [GATE-4-5] [INFO] Gate 4-5 PASSED: Session compliance verified, ready for shutdown
[2026-09-02 23:06:45] [GATE-4-5] [INFO] === Gate 4-5 Serial Verification ===
[2026-09-02 23:06:45] [GATE-4-5] [INFO] GATE 4: AP2 Merkle ledger anchoring...
[2026-09-02 23:06:45] [GATE-4-5] [INFO]   ✓ Collected      754 work receipts for Merkle tree
[2026-09-02 23:06:45] [GATE-4-5] [INFO]   ✓ AP2 Merkle tree entry created
[2026-09-02 23:06:45] [GATE-4-5] [INFO]   ✓ AP2 ledger entry integrity verified (SHA256: 07fd774f5eb37e2f...)
[2026-09-02 23:06:45] [GATE-4-5] [INFO]   ✓ AP2 ledger staged for commit
[2026-09-02 23:06:47] [GATE-4-5] [INFO]   ✓ AP2 ledger committed to git
[2026-09-02 23:06:47] [GATE-4-5] [INFO] GATE 5: Final compliance check...
[2026-09-02 23:07:25] [GATE-4-5] [INFO]   ✓ Git policy compliance verified
[2026-09-02 23:07:25] [GATE-4-5] [INFO]   ✓ Found 4/7 proof artifacts
[2026-09-02 23:07:25] [GATE-4-5] [INFO]   ✓ Evidence integrity verified (     763 files)
[2026-09-02 23:07:25] [GATE-4-5] [INFO]   ✓ Session validation passed (1788383245s duration)
[2026-09-02 23:07:25] [GATE-4-5] [INFO] Compliance report written to: /Users/andriileukhin/Documents/SovereignNexus/.smaos/compliance_check_1788383205.json
[2026-09-02 23:07:25] [GATE-4-5] [INFO] =========================================
[2026-09-02 23:07:25] [GATE-4-5] [INFO] Gate 4-5 Summary:
[2026-09-02 23:07:25] [GATE-4-5] [INFO]   Gate 4 (AP2 anchor):     PASS (4/4)
[2026-09-02 23:07:25] [GATE-4-5] [INFO]   Gate 5 (compliance):     PASS (4/5)
[2026-09-02 23:07:25] [GATE-4-5] [INFO]   Compliance Report:       compliance_check_1788383205.json
[2026-09-02 23:07:25] [GATE-4-5] [INFO] =========================================
[2026-09-02 23:07:25] [GATE-4-5] [INFO] Gate 4-5 PASSED: Session compliance verified, ready for shutdown
[2026-09-02 23:08:35] [GATE-4-5] [INFO] === Gate 4-5 Serial Verification ===
[2026-09-02 23:08:35] [GATE-4-5] [INFO] GATE 4: AP2 Merkle ledger anchoring...
[2026-09-02 23:08:35] [GATE-4-5] [INFO]   ✓ Collected      754 work receipts for Merkle tree
[2026-09-02 23:08:35] [GATE-4-5] [INFO]   ✓ AP2 Merkle tree entry created
[2026-09-02 23:08:35] [GATE-4-5] [INFO]   ✓ AP2 ledger entry integrity verified (SHA256: 9e6401255a039c54...)
[2026-09-02 23:08:35] [GATE-4-5] [INFO]   ✓ AP2 ledger staged for commit
[2026-09-02 23:08:38] [GATE-4-5] [INFO]   ✓ AP2 ledger committed to git
[2026-09-02 23:08:38] [GATE-4-5] [INFO] GATE 5: Final compliance check...
[2026-09-02 23:09:16] [GATE-4-5] [INFO]   ✓ Git policy compliance verified
[2026-09-02 23:09:16] [GATE-4-5] [INFO]   ✓ Found 4/7 proof artifacts
[2026-09-02 23:09:16] [GATE-4-5] [INFO]   ✓ Evidence integrity verified (     763 files)
[2026-09-02 23:09:16] [GATE-4-5] [INFO]   ✓ Session validation passed (1788383356s duration)
[2026-09-02 23:09:16] [GATE-4-5] [INFO] Compliance report written to: /Users/andriileukhin/Documents/SovereignNexus/.smaos/compliance_check_1788383315.json
[2026-09-02 23:09:16] [GATE-4-5] [INFO] =========================================
[2026-09-02 23:09:16] [GATE-4-5] [INFO] Gate 4-5 Summary:
[2026-09-02 23:09:16] [GATE-4-5] [INFO]   Gate 4 (AP2 anchor):     PASS (4/4)
[2026-09-02 23:09:16] [GATE-4-5] [INFO]   Gate 5 (compliance):     PASS (4/5)
[2026-09-02 23:09:16] [GATE-4-5] [INFO]   Compliance Report:       compliance_check_1788383315.json
[2026-09-02 23:09:16] [GATE-4-5] [INFO] =========================================
[2026-09-02 23:09:16] [GATE-4-5] [INFO] Gate 4-5 PASSED: Session compliance verified, ready for shutdown
[2026-09-02 23:10:11] [GATE-4-5] [INFO] === Gate 4-5 Serial Verification ===
[2026-09-02 23:10:11] [GATE-4-5] [INFO] GATE 4: AP2 Merkle ledger anchoring...
[2026-09-02 23:10:11] [GATE-4-5] [INFO]   ✓ Collected      754 work receipts for Merkle tree
[2026-09-02 23:10:11] [GATE-4-5] [INFO]   ✓ AP2 Merkle tree entry created
[2026-09-02 23:10:11] [GATE-4-5] [INFO]   ✓ AP2 ledger entry integrity verified (SHA256: 5bf7b7d5b778bb41...)
[2026-09-02 23:10:12] [GATE-4-5] [INFO]   ✓ AP2 ledger staged for commit
[2026-09-02 23:10:14] [GATE-4-5] [INFO]   ✓ AP2 ledger committed to git
[2026-09-02 23:10:14] [GATE-4-5] [INFO] GATE 5: Final compliance check...
[2026-09-02 23:10:52] [GATE-4-5] [INFO]   ✓ Git policy compliance verified
[2026-09-02 23:10:52] [GATE-4-5] [INFO]   ✓ Found 4/7 proof artifacts
[2026-09-02 23:10:52] [GATE-4-5] [INFO]   ✓ Evidence integrity verified (     763 files)
[2026-09-02 23:10:52] [GATE-4-5] [INFO]   ✓ Session validation passed (1788383452s duration)
[2026-09-02 23:10:52] [GATE-4-5] [INFO] Compliance report written to: /Users/andriileukhin/Documents/SovereignNexus/.smaos/compliance_check_1788383411.json
[2026-09-02 23:10:52] [GATE-4-5] [INFO] =========================================
[2026-09-02 23:10:52] [GATE-4-5] [INFO] Gate 4-5 Summary:
[2026-09-02 23:10:52] [GATE-4-5] [INFO]   Gate 4 (AP2 anchor):     PASS (4/4)
[2026-09-02 23:10:52] [GATE-4-5] [INFO]   Gate 5 (compliance):     PASS (4/5)
[2026-09-02 23:10:52] [GATE-4-5] [INFO]   Compliance Report:       compliance_check_1788383411.json
[2026-09-02 23:10:52] [GATE-4-5] [INFO] =========================================
[2026-09-02 23:10:52] [GATE-4-5] [INFO] Gate 4-5 PASSED: Session compliance verified, ready for shutdown
[2026-09-02 23:11:21] [GATE-4-5] [INFO] === Gate 4-5 Serial Verification ===
[2026-09-02 23:11:21] [GATE-4-5] [INFO] GATE 4: AP2 Merkle ledger anchoring...
[2026-09-02 23:11:21] [GATE-4-5] [INFO]   ✓ Collected      754 work receipts for Merkle tree
[2026-09-02 23:11:21] [GATE-4-5] [INFO]   ✓ AP2 Merkle tree entry created
[2026-09-02 23:11:21] [GATE-4-5] [INFO]   ✓ AP2 ledger entry integrity verified (SHA256: 69b55c6ec01c7dcc...)
[2026-09-02 23:11:21] [GATE-4-5] [INFO]   ✓ AP2 ledger staged for commit
[2026-09-02 23:11:23] [GATE-4-5] [INFO]   ✓ AP2 ledger committed to git
[2026-09-02 23:11:23] [GATE-4-5] [INFO] GATE 5: Final compliance check...
[2026-09-02 23:12:02] [GATE-4-5] [INFO]   ✓ Git policy compliance verified
[2026-09-02 23:12:02] [GATE-4-5] [INFO]   ✓ Found 4/7 proof artifacts
[2026-09-02 23:12:02] [GATE-4-5] [INFO]   ✓ Evidence integrity verified (     763 files)
[2026-09-02 23:12:02] [GATE-4-5] [INFO]   ✓ Session validation passed (1788383522s duration)
[2026-09-02 23:12:02] [GATE-4-5] [INFO] Compliance report written to: /Users/andriileukhin/Documents/SovereignNexus/.smaos/compliance_check_1788383481.json
[2026-09-02 23:12:02] [GATE-4-5] [INFO] =========================================
[2026-09-02 23:12:02] [GATE-4-5] [INFO] Gate 4-5 Summary:
[2026-09-02 23:12:02] [GATE-4-5] [INFO]   Gate 4 (AP2 anchor):     PASS (4/4)
[2026-09-02 23:12:02] [GATE-4-5] [INFO]   Gate 5 (compliance):     PASS (4/5)
[2026-09-02 23:12:02] [GATE-4-5] [INFO]   Compliance Report:       compliance_check_1788383481.json
[2026-09-02 23:12:02] [GATE-4-5] [INFO] =========================================
[2026-09-02 23:12:02] [GATE-4-5] [INFO] Gate 4-5 PASSED: Session compliance verified, ready for shutdown
[2026-09-02 23:13:37] [GATE-4-5] [INFO] === Gate 4-5 Serial Verification ===
[2026-09-02 23:13:37] [GATE-4-5] [INFO] GATE 4: AP2 Merkle ledger anchoring...
[2026-09-02 23:13:37] [GATE-4-5] [INFO]   ✓ Collected      756 work receipts for Merkle tree
[2026-09-02 23:13:37] [GATE-4-5] [INFO]   ✓ AP2 Merkle tree entry created
[2026-09-02 23:13:37] [GATE-4-5] [INFO]   ✓ AP2 ledger entry integrity verified (SHA256: 965d39355d6d51e2...)
[2026-09-02 23:13:37] [GATE-4-5] [INFO]   ✓ AP2 ledger staged for commit
[2026-09-02 23:13:43] [GATE-4-5] [INFO]   ✓ AP2 ledger committed to git
[2026-09-02 23:13:43] [GATE-4-5] [INFO] GATE 5: Final compliance check...
[2026-09-02 23:14:21] [GATE-4-5] [INFO]   ✓ Git policy compliance verified
[2026-09-02 23:14:21] [GATE-4-5] [INFO]   ✓ Found 4/7 proof artifacts
[2026-09-02 23:14:21] [GATE-4-5] [INFO]   ✓ Evidence integrity verified (     765 files)
[2026-09-02 23:14:21] [GATE-4-5] [INFO]   ✓ Session validation passed (1788383661s duration)
[2026-09-02 23:14:21] [GATE-4-5] [INFO] Compliance report written to: /Users/andriileukhin/Documents/SovereignNexus/.smaos/compliance_check_1788383617.json
[2026-09-02 23:14:21] [GATE-4-5] [INFO] =========================================
[2026-09-02 23:14:21] [GATE-4-5] [INFO] Gate 4-5 Summary:
[2026-09-02 23:14:21] [GATE-4-5] [INFO]   Gate 4 (AP2 anchor):     PASS (4/4)
[2026-09-02 23:14:21] [GATE-4-5] [INFO]   Gate 5 (compliance):     PASS (4/5)
[2026-09-02 23:14:21] [GATE-4-5] [INFO]   Compliance Report:       compliance_check_1788383617.json
[2026-09-02 23:14:21] [GATE-4-5] [INFO] =========================================
[2026-09-02 23:14:21] [GATE-4-5] [INFO] Gate 4-5 PASSED: Session compliance verified, ready for shutdown
[2026-09-02 23:16:07] [GATE-4-5] [INFO] === Gate 4-5 Serial Verification ===
[2026-09-02 23:16:07] [GATE-4-5] [INFO] GATE 4: AP2 Merkle ledger anchoring...
[2026-09-02 23:16:07] [GATE-4-5] [INFO]   ✓ Collected      757 work receipts for Merkle tree
[2026-09-02 23:16:08] [GATE-4-5] [INFO]   ✓ AP2 Merkle tree entry created
[2026-09-02 23:16:08] [GATE-4-5] [INFO]   ✓ AP2 ledger entry integrity verified (SHA256: 9e2f3133d2c3a4e9...)
[2026-09-02 23:16:08] [GATE-4-5] [INFO]   ✓ AP2 ledger staged for commit
[2026-09-02 23:16:13] [GATE-4-5] [INFO]   ✓ AP2 ledger committed to git
[2026-09-02 23:16:13] [GATE-4-5] [INFO] GATE 5: Final compliance check...
[2026-09-02 23:16:50] [GATE-4-5] [INFO]   ✓ Git policy compliance verified
[2026-09-02 23:16:50] [GATE-4-5] [INFO]   ✓ Found 4/7 proof artifacts
[2026-09-02 23:16:50] [GATE-4-5] [INFO]   ✓ Evidence integrity verified (     766 files)
[2026-09-02 23:16:50] [GATE-4-5] [INFO]   ✓ Session validation passed (1788383810s duration)
[2026-09-02 23:16:50] [GATE-4-5] [INFO] Compliance report written to: /Users/andriileukhin/Documents/SovereignNexus/.smaos/compliance_check_1788383767.json
[2026-09-02 23:16:50] [GATE-4-5] [INFO] =========================================
[2026-09-02 23:16:50] [GATE-4-5] [INFO] Gate 4-5 Summary:
[2026-09-02 23:16:50] [GATE-4-5] [INFO]   Gate 4 (AP2 anchor):     PASS (4/4)
[2026-09-02 23:16:50] [GATE-4-5] [INFO]   Gate 5 (compliance):     PASS (4/5)
[2026-09-02 23:16:50] [GATE-4-5] [INFO]   Compliance Report:       compliance_check_1788383767.json
[2026-09-02 23:16:50] [GATE-4-5] [INFO] =========================================
[2026-09-02 23:16:50] [GATE-4-5] [INFO] Gate 4-5 PASSED: Session compliance verified, ready for shutdown
[2026-09-02 23:16:54] [GATE-4-5] [INFO] === Gate 4-5 Serial Verification ===
[2026-09-02 23:16:54] [GATE-4-5] [INFO] GATE 4: AP2 Merkle ledger anchoring...
[2026-09-02 23:16:54] [GATE-4-5] [INFO]   ✓ Collected      757 work receipts for Merkle tree
[2026-09-02 23:16:54] [GATE-4-5] [INFO]   ✓ AP2 Merkle tree entry created
[2026-09-02 23:16:54] [GATE-4-5] [INFO]   ✓ AP2 ledger entry integrity verified (SHA256: 8de89e218faa212e...)
[2026-09-02 23:16:54] [GATE-4-5] [INFO]   ✓ AP2 ledger staged for commit
[2026-09-02 23:16:56] [GATE-4-5] [INFO]   ✓ AP2 ledger committed to git
[2026-09-02 23:16:56] [GATE-4-5] [INFO] GATE 5: Final compliance check...
[2026-09-02 23:17:34] [GATE-4-5] [INFO]   ✓ Git policy compliance verified
[2026-09-02 23:17:34] [GATE-4-5] [INFO]   ✓ Found 4/7 proof artifacts
[2026-09-02 23:17:34] [GATE-4-5] [INFO]   ✓ Evidence integrity verified (     766 files)
[2026-09-02 23:17:34] [GATE-4-5] [INFO]   ✓ Session validation passed (1788383854s duration)
[2026-09-02 23:17:34] [GATE-4-5] [INFO] Compliance report written to: /Users/andriileukhin/Documents/SovereignNexus/.smaos/compliance_check_1788383814.json
[2026-09-02 23:17:34] [GATE-4-5] [INFO] =========================================
[2026-09-02 23:17:34] [GATE-4-5] [INFO] Gate 4-5 Summary:
[2026-09-02 23:17:34] [GATE-4-5] [INFO]   Gate 4 (AP2 anchor):     PASS (4/4)
[2026-09-02 23:17:34] [GATE-4-5] [INFO]   Gate 5 (compliance):     PASS (4/5)
[2026-09-02 23:17:34] [GATE-4-5] [INFO]   Compliance Report:       compliance_check_1788383814.json
[2026-09-02 23:17:34] [GATE-4-5] [INFO] =========================================
[2026-09-02 23:17:34] [GATE-4-5] [INFO] Gate 4-5 PASSED: Session compliance verified, ready for shutdown
[2026-09-02 23:17:52] [GATE-4-5] [INFO] === Gate 4-5 Serial Verification ===
[2026-09-02 23:17:52] [GATE-4-5] [INFO] GATE 4: AP2 Merkle ledger anchoring...
[2026-09-02 23:17:52] [GATE-4-5] [INFO]   ✓ Collected      757 work receipts for Merkle tree
[2026-09-02 23:17:52] [GATE-4-5] [INFO]   ✓ AP2 Merkle tree entry created
[2026-09-02 23:17:52] [GATE-4-5] [INFO]   ✓ AP2 ledger entry integrity verified (SHA256: 1dfb75d61a820011...)
[2026-09-02 23:17:52] [GATE-4-5] [INFO]   ✓ AP2 ledger staged for commit
[2026-09-02 23:17:54] [GATE-4-5] [INFO]   ✓ AP2 ledger committed to git
[2026-09-02 23:17:54] [GATE-4-5] [INFO] GATE 5: Final compliance check...
[2026-09-02 23:18:32] [GATE-4-5] [INFO]   ✓ Git policy compliance verified
[2026-09-02 23:18:32] [GATE-4-5] [INFO]   ✓ Found 4/7 proof artifacts
[2026-09-02 23:18:32] [GATE-4-5] [INFO]   ✓ Evidence integrity verified (     766 files)
[2026-09-02 23:18:32] [GATE-4-5] [INFO]   ✓ Session validation passed (1788383912s duration)
[2026-09-02 23:18:32] [GATE-4-5] [INFO] Compliance report written to: /Users/andriileukhin/Documents/SovereignNexus/.smaos/compliance_check_1788383872.json
[2026-09-02 23:18:32] [GATE-4-5] [INFO] =========================================
[2026-09-02 23:18:32] [GATE-4-5] [INFO] Gate 4-5 Summary:
[2026-09-02 23:18:32] [GATE-4-5] [INFO]   Gate 4 (AP2 anchor):     PASS (4/4)
[2026-09-02 23:18:32] [GATE-4-5] [INFO]   Gate 5 (compliance):     PASS (4/5)
[2026-09-02 23:18:32] [GATE-4-5] [INFO]   Compliance Report:       compliance_check_1788383872.json
[2026-09-02 23:18:32] [GATE-4-5] [INFO] =========================================
[2026-09-02 23:18:32] [GATE-4-5] [INFO] Gate 4-5 PASSED: Session compliance verified, ready for shutdown
[2026-09-02 23:19:28] [GATE-4-5] [INFO] === Gate 4-5 Serial Verification ===
[2026-09-02 23:19:28] [GATE-4-5] [INFO] GATE 4: AP2 Merkle ledger anchoring...
[2026-09-02 23:19:28] [GATE-4-5] [INFO]   ✓ Collected      760 work receipts for Merkle tree
[2026-09-02 23:19:28] [GATE-4-5] [INFO]   ✓ AP2 Merkle tree entry created
[2026-09-02 23:19:28] [GATE-4-5] [INFO]   ✓ AP2 ledger entry integrity verified (SHA256: 4ef5ce78f698bf00...)
[2026-09-02 23:19:28] [GATE-4-5] [INFO]   ✓ AP2 ledger staged for commit
[2026-09-02 23:19:34] [GATE-4-5] [INFO]   ✓ AP2 ledger committed to git
[2026-09-02 23:19:34] [GATE-4-5] [INFO] GATE 5: Final compliance check...
[2026-09-02 23:20:12] [GATE-4-5] [INFO]   ✓ Git policy compliance verified
[2026-09-02 23:20:12] [GATE-4-5] [INFO]   ✓ Found 4/7 proof artifacts
[2026-09-02 23:20:12] [GATE-4-5] [INFO]   ✓ Evidence integrity verified (     769 files)
[2026-09-02 23:20:12] [GATE-4-5] [INFO]   ✓ Session validation passed (1788384012s duration)
[2026-09-02 23:20:12] [GATE-4-5] [INFO] Compliance report written to: /Users/andriileukhin/Documents/SovereignNexus/.smaos/compliance_check_1788383968.json
[2026-09-02 23:20:12] [GATE-4-5] [INFO] =========================================
[2026-09-02 23:20:12] [GATE-4-5] [INFO] Gate 4-5 Summary:
[2026-09-02 23:20:12] [GATE-4-5] [INFO]   Gate 4 (AP2 anchor):     PASS (4/4)
[2026-09-02 23:20:12] [GATE-4-5] [INFO]   Gate 5 (compliance):     PASS (4/5)
[2026-09-02 23:20:12] [GATE-4-5] [INFO]   Compliance Report:       compliance_check_1788383968.json
[2026-09-02 23:20:12] [GATE-4-5] [INFO] =========================================
[2026-09-02 23:20:12] [GATE-4-5] [INFO] Gate 4-5 PASSED: Session compliance verified, ready for shutdown
[2026-09-02 23:20:26] [GATE-4-5] [INFO] === Gate 4-5 Serial Verification ===
[2026-09-02 23:20:26] [GATE-4-5] [INFO] GATE 4: AP2 Merkle ledger anchoring...
[2026-09-02 23:20:26] [GATE-4-5] [INFO]   ✓ Collected      760 work receipts for Merkle tree
[2026-09-02 23:20:26] [GATE-4-5] [INFO]   ✓ AP2 Merkle tree entry created
[2026-09-02 23:20:26] [GATE-4-5] [INFO]   ✓ AP2 ledger entry integrity verified (SHA256: 3c733ab4dc48fdaf...)
[2026-09-02 23:20:26] [GATE-4-5] [INFO]   ✓ AP2 ledger staged for commit
[2026-09-02 23:20:28] [GATE-4-5] [INFO]   ✓ AP2 ledger committed to git
[2026-09-02 23:20:28] [GATE-4-5] [INFO] GATE 5: Final compliance check...
[2026-09-02 23:21:06] [GATE-4-5] [INFO]   ✓ Git policy compliance verified
[2026-09-02 23:21:06] [GATE-4-5] [INFO]   ✓ Found 4/7 proof artifacts
[2026-09-02 23:21:06] [GATE-4-5] [INFO]   ✓ Evidence integrity verified (     769 files)
[2026-09-02 23:21:06] [GATE-4-5] [INFO]   ✓ Session validation passed (1788384066s duration)
[2026-09-02 23:21:06] [GATE-4-5] [INFO] Compliance report written to: /Users/andriileukhin/Documents/SovereignNexus/.smaos/compliance_check_1788384026.json
[2026-09-02 23:21:06] [GATE-4-5] [INFO] =========================================
[2026-09-02 23:21:06] [GATE-4-5] [INFO] Gate 4-5 Summary:
[2026-09-02 23:21:06] [GATE-4-5] [INFO]   Gate 4 (AP2 anchor):     PASS (4/4)
[2026-09-02 23:21:06] [GATE-4-5] [INFO]   Gate 5 (compliance):     PASS (4/5)
[2026-09-02 23:21:06] [GATE-4-5] [INFO]   Compliance Report:       compliance_check_1788384026.json
[2026-09-02 23:21:06] [GATE-4-5] [INFO] =========================================
[2026-09-02 23:21:06] [GATE-4-5] [INFO] Gate 4-5 PASSED: Session compliance verified, ready for shutdown
[2026-09-03 10:09:54] [GATE-4-5] [INFO] === Gate 4-5 Serial Verification ===
[2026-09-03 10:09:54] [GATE-4-5] [INFO] GATE 4: AP2 Merkle ledger anchoring...
[2026-09-03 10:09:54] [GATE-4-5] [INFO]   ✓ Collected      760 work receipts for Merkle tree
[2026-09-03 10:09:55] [GATE-4-5] [INFO]   ✓ AP2 Merkle tree entry created
[2026-09-03 10:09:55] [GATE-4-5] [INFO]   ✓ AP2 ledger entry integrity verified (SHA256: 27f1ff4e898bb807...)
[2026-09-03 10:09:55] [GATE-4-5] [INFO]   ✓ AP2 ledger staged for commit
[2026-09-03 10:10:00] [GATE-4-5] [INFO]   ✓ AP2 ledger committed to git
[2026-09-03 10:10:00] [GATE-4-5] [INFO] GATE 5: Final compliance check...
[2026-09-03 10:10:37] [GATE-4-5] [INFO]   ✓ Git policy compliance verified
[2026-09-03 10:10:37] [GATE-4-5] [INFO]   ✓ Found 4/7 proof artifacts
[2026-09-03 10:10:37] [GATE-4-5] [INFO]   ✓ Evidence integrity verified (     769 files)
[2026-09-03 10:10:37] [GATE-4-5] [INFO]   ✓ Session validation passed (1788423037s duration)
[2026-09-03 10:10:37] [GATE-4-5] [INFO] Compliance report written to: /Users/andriileukhin/Documents/SovereignNexus/.smaos/compliance_check_1788422994.json
[2026-09-03 10:10:37] [GATE-4-5] [INFO] =========================================
[2026-09-03 10:10:37] [GATE-4-5] [INFO] Gate 4-5 Summary:
[2026-09-03 10:10:37] [GATE-4-5] [INFO]   Gate 4 (AP2 anchor):     PASS (4/4)
[2026-09-03 10:10:37] [GATE-4-5] [INFO]   Gate 5 (compliance):     PASS (4/5)
[2026-09-03 10:10:37] [GATE-4-5] [INFO]   Compliance Report:       compliance_check_1788422994.json
[2026-09-03 10:10:37] [GATE-4-5] [INFO] =========================================
[2026-09-03 10:10:37] [GATE-4-5] [INFO] Gate 4-5 PASSED: Session compliance verified, ready for shutdown
[2026-09-03 10:23:11] [GATE-4-5] [INFO] === Gate 4-5 Serial Verification ===
[2026-09-03 10:23:11] [GATE-4-5] [INFO] GATE 4: AP2 Merkle ledger anchoring...
[2026-09-03 10:23:11] [GATE-4-5] [INFO]   ✓ Collected      760 work receipts for Merkle tree
[2026-09-03 10:23:11] [GATE-4-5] [INFO]   ✓ AP2 Merkle tree entry created
[2026-09-03 10:23:11] [GATE-4-5] [INFO]   ✓ AP2 ledger entry integrity verified (SHA256: 4ebdc08d9dd6b7fc...)
[2026-09-03 10:23:11] [GATE-4-5] [INFO]   ✓ AP2 ledger staged for commit
[2026-09-03 10:23:16] [GATE-4-5] [INFO]   ✓ AP2 ledger committed to git
[2026-09-03 10:23:16] [GATE-4-5] [INFO] GATE 5: Final compliance check...
[2026-09-03 10:23:54] [GATE-4-5] [INFO]   ✓ Git policy compliance verified
[2026-09-03 10:23:54] [GATE-4-5] [INFO]   ✓ Found 4/7 proof artifacts
[2026-09-03 10:23:54] [GATE-4-5] [INFO]   ✓ Evidence integrity verified (     769 files)
[2026-09-03 10:23:54] [GATE-4-5] [INFO]   ✓ Session validation passed (1788423834s duration)
[2026-09-03 10:23:54] [GATE-4-5] [INFO] Compliance report written to: /Users/andriileukhin/Documents/SovereignNexus/.smaos/compliance_check_1788423791.json
[2026-09-03 10:23:54] [GATE-4-5] [INFO] =========================================
[2026-09-03 10:23:54] [GATE-4-5] [INFO] Gate 4-5 Summary:
[2026-09-03 10:23:54] [GATE-4-5] [INFO]   Gate 4 (AP2 anchor):     PASS (4/4)
[2026-09-03 10:23:54] [GATE-4-5] [INFO]   Gate 5 (compliance):     PASS (4/5)
[2026-09-03 10:23:54] [GATE-4-5] [INFO]   Compliance Report:       compliance_check_1788423791.json
[2026-09-03 10:23:54] [GATE-4-5] [INFO] =========================================
[2026-09-03 10:23:54] [GATE-4-5] [INFO] Gate 4-5 PASSED: Session compliance verified, ready for shutdown
[2026-09-04 20:03:56] [GATE-4-5] [INFO] === Gate 4-5 Serial Verification ===
[2026-09-04 20:03:56] [GATE-4-5] [INFO] GATE 4: AP2 Merkle ledger anchoring...
[2026-09-04 20:03:56] [GATE-4-5] [INFO]   ✓ Collected      760 work receipts for Merkle tree
[2026-09-04 20:03:56] [GATE-4-5] [INFO]   ✓ AP2 Merkle tree entry created
[2026-09-04 20:03:56] [GATE-4-5] [INFO]   ✓ AP2 ledger entry integrity verified (SHA256: b11a80adf111f885...)
[2026-09-04 20:03:56] [GATE-4-5] [INFO]   ✓ AP2 ledger staged for commit
[2026-09-04 20:03:59] [GATE-4-5] [INFO]   ✓ AP2 ledger committed to git
[2026-09-04 20:03:59] [GATE-4-5] [INFO] GATE 5: Final compliance check...
[2026-09-04 20:04:37] [GATE-4-5] [INFO]   ✓ Git policy compliance verified
[2026-09-04 20:04:37] [GATE-4-5] [INFO]   ✓ Found 4/7 proof artifacts
[2026-09-04 20:04:37] [GATE-4-5] [INFO]   ✓ Evidence integrity verified (     769 files)
[2026-09-04 20:04:37] [GATE-4-5] [INFO]   ✓ Session validation passed (1788545077s duration)
[2026-09-04 20:04:37] [GATE-4-5] [INFO] Compliance report written to: /Users/andriileukhin/Documents/SovereignNexus/.smaos/compliance_check_1788545036.json
[2026-09-04 20:04:37] [GATE-4-5] [INFO] =========================================
[2026-09-04 20:04:37] [GATE-4-5] [INFO] Gate 4-5 Summary:
[2026-09-04 20:04:37] [GATE-4-5] [INFO]   Gate 4 (AP2 anchor):     PASS (4/4)
[2026-09-04 20:04:37] [GATE-4-5] [INFO]   Gate 5 (compliance):     PASS (4/5)
[2026-09-04 20:04:37] [GATE-4-5] [INFO]   Compliance Report:       compliance_check_1788545036.json
[2026-09-04 20:04:37] [GATE-4-5] [INFO] =========================================
[2026-09-04 20:04:37] [GATE-4-5] [INFO] Gate 4-5 PASSED: Session compliance verified, ready for shutdown
[2026-09-04 20:05:57] [GATE-4-5] [INFO] === Gate 4-5 Serial Verification ===
[2026-09-04 20:05:57] [GATE-4-5] [INFO] GATE 4: AP2 Merkle ledger anchoring...
[2026-09-04 20:05:57] [GATE-4-5] [INFO]   ✓ Collected      760 work receipts for Merkle tree
[2026-09-04 20:05:57] [GATE-4-5] [INFO]   ✓ AP2 Merkle tree entry created
[2026-09-04 20:05:57] [GATE-4-5] [INFO]   ✓ AP2 ledger entry integrity verified (SHA256: 05b5ab6993a1d1e6...)
[2026-09-04 20:05:57] [GATE-4-5] [INFO]   ✓ AP2 ledger staged for commit
[2026-09-04 20:06:00] [GATE-4-5] [INFO]   ✓ AP2 ledger committed to git
[2026-09-04 20:06:00] [GATE-4-5] [INFO] GATE 5: Final compliance check...
[2026-09-04 20:06:38] [GATE-4-5] [INFO]   ✓ Git policy compliance verified
[2026-09-04 20:06:38] [GATE-4-5] [INFO]   ✓ Found 4/7 proof artifacts
[2026-09-04 20:06:38] [GATE-4-5] [INFO]   ✓ Evidence integrity verified (     769 files)
[2026-09-04 20:06:38] [GATE-4-5] [INFO]   ✓ Session validation passed (1788545198s duration)
[2026-09-04 20:06:38] [GATE-4-5] [INFO] Compliance report written to: /Users/andriileukhin/Documents/SovereignNexus/.smaos/compliance_check_1788545157.json
[2026-09-04 20:06:38] [GATE-4-5] [INFO] =========================================
[2026-09-04 20:06:38] [GATE-4-5] [INFO] Gate 4-5 Summary:
[2026-09-04 20:06:38] [GATE-4-5] [INFO]   Gate 4 (AP2 anchor):     PASS (4/4)
[2026-09-04 20:06:38] [GATE-4-5] [INFO]   Gate 5 (compliance):     PASS (4/5)
[2026-09-04 20:06:38] [GATE-4-5] [INFO]   Compliance Report:       compliance_check_1788545157.json
[2026-09-04 20:06:38] [GATE-4-5] [INFO] =========================================
[2026-09-04 20:06:38] [GATE-4-5] [INFO] Gate 4-5 PASSED: Session compliance verified, ready for shutdown
[2026-09-04 20:08:45] [GATE-4-5] [INFO] === Gate 4-5 Serial Verification ===
[2026-09-04 20:08:45] [GATE-4-5] [INFO] GATE 4: AP2 Merkle ledger anchoring...
[2026-09-04 20:08:45] [GATE-4-5] [INFO]   ✓ Collected      760 work receipts for Merkle tree
[2026-09-04 20:08:45] [GATE-4-5] [INFO]   ✓ AP2 Merkle tree entry created
[2026-09-04 20:08:45] [GATE-4-5] [INFO]   ✓ AP2 ledger entry integrity verified (SHA256: e751fa61a66b7461...)
[2026-09-04 20:08:45] [GATE-4-5] [INFO]   ✓ AP2 ledger staged for commit
[2026-09-04 20:08:47] [GATE-4-5] [INFO]   ✓ AP2 ledger committed to git
[2026-09-04 20:08:47] [GATE-4-5] [INFO] GATE 5: Final compliance check...
[2026-09-04 20:09:25] [GATE-4-5] [INFO]   ✓ Git policy compliance verified
[2026-09-04 20:09:25] [GATE-4-5] [INFO]   ✓ Found 4/7 proof artifacts
[2026-09-04 20:09:25] [GATE-4-5] [INFO]   ✓ Evidence integrity verified (     769 files)
[2026-09-04 20:09:25] [GATE-4-5] [INFO]   ✓ Session validation passed (1788545365s duration)
[2026-09-04 20:09:25] [GATE-4-5] [INFO] Compliance report written to: /Users/andriileukhin/Documents/SovereignNexus/.smaos/compliance_check_1788545325.json
[2026-09-04 20:09:25] [GATE-4-5] [INFO] =========================================
[2026-09-04 20:09:25] [GATE-4-5] [INFO] Gate 4-5 Summary:
[2026-09-04 20:09:25] [GATE-4-5] [INFO]   Gate 4 (AP2 anchor):     PASS (4/4)
[2026-09-04 20:09:25] [GATE-4-5] [INFO]   Gate 5 (compliance):     PASS (4/5)
[2026-09-04 20:09:25] [GATE-4-5] [INFO]   Compliance Report:       compliance_check_1788545325.json
[2026-09-04 20:09:25] [GATE-4-5] [INFO] =========================================
[2026-09-04 20:09:25] [GATE-4-5] [INFO] Gate 4-5 PASSED: Session compliance verified, ready for shutdown
[2026-09-04 20:11:11] [GATE-4-5] [INFO] === Gate 4-5 Serial Verification ===
[2026-09-04 20:11:11] [GATE-4-5] [INFO] GATE 4: AP2 Merkle ledger anchoring...
[2026-09-04 20:11:11] [GATE-4-5] [INFO]   ✓ Collected      760 work receipts for Merkle tree
[2026-09-04 20:11:11] [GATE-4-5] [INFO]   ✓ AP2 Merkle tree entry created
[2026-09-04 20:11:11] [GATE-4-5] [INFO]   ✓ AP2 ledger entry integrity verified (SHA256: ac90410a153583f7...)
[2026-09-04 20:11:11] [GATE-4-5] [INFO]   ✓ AP2 ledger staged for commit
[2026-09-04 20:11:13] [GATE-4-5] [INFO]   ✓ AP2 ledger committed to git
[2026-09-04 20:11:13] [GATE-4-5] [INFO] GATE 5: Final compliance check...
[2026-09-04 20:11:51] [GATE-4-5] [INFO]   ✓ Git policy compliance verified
[2026-09-04 20:11:51] [GATE-4-5] [INFO]   ✓ Found 4/7 proof artifacts
[2026-09-04 20:11:51] [GATE-4-5] [INFO]   ✓ Evidence integrity verified (     769 files)
[2026-09-04 20:11:51] [GATE-4-5] [INFO]   ✓ Session validation passed (1788545511s duration)
[2026-09-04 20:11:51] [GATE-4-5] [INFO] Compliance report written to: /Users/andriileukhin/Documents/SovereignNexus/.smaos/compliance_check_1788545471.json
[2026-09-04 20:11:51] [GATE-4-5] [INFO] =========================================
[2026-09-04 20:11:51] [GATE-4-5] [INFO] Gate 4-5 Summary:
[2026-09-04 20:11:51] [GATE-4-5] [INFO]   Gate 4 (AP2 anchor):     PASS (4/4)
[2026-09-04 20:11:51] [GATE-4-5] [INFO]   Gate 5 (compliance):     PASS (4/5)
[2026-09-04 20:11:51] [GATE-4-5] [INFO]   Compliance Report:       compliance_check_1788545471.json
[2026-09-04 20:11:51] [GATE-4-5] [INFO] =========================================
[2026-09-04 20:11:51] [GATE-4-5] [INFO] Gate 4-5 PASSED: Session compliance verified, ready for shutdown
[2026-09-04 20:19:22] [GATE-4-5] [INFO] === Gate 4-5 Serial Verification ===
[2026-09-04 20:19:22] [GATE-4-5] [INFO] GATE 4: AP2 Merkle ledger anchoring...
[2026-09-04 20:19:22] [GATE-4-5] [INFO]   ✓ Collected      760 work receipts for Merkle tree
[2026-09-04 20:19:23] [GATE-4-5] [INFO]   ✓ AP2 Merkle tree entry created
[2026-09-04 20:19:23] [GATE-4-5] [INFO]   ✓ AP2 ledger entry integrity verified (SHA256: 1af04dd332bd422f...)
[2026-09-04 20:19:23] [GATE-4-5] [INFO]   ✓ AP2 ledger staged for commit
[2026-09-04 20:19:25] [GATE-4-5] [INFO]   ✓ AP2 ledger committed to git
[2026-09-04 20:19:25] [GATE-4-5] [INFO] GATE 5: Final compliance check...
[2026-09-04 20:20:03] [GATE-4-5] [INFO]   ✓ Git policy compliance verified
[2026-09-04 20:20:03] [GATE-4-5] [INFO]   ✓ Found 4/7 proof artifacts
[2026-09-04 20:20:03] [GATE-4-5] [INFO]   ✓ Evidence integrity verified (     769 files)
[2026-09-04 20:20:03] [GATE-4-5] [INFO]   ✓ Session validation passed (1788546003s duration)
[2026-09-04 20:20:03] [GATE-4-5] [INFO] Compliance report written to: /Users/andriileukhin/Documents/SovereignNexus/.smaos/compliance_check_1788545962.json
[2026-09-04 20:20:03] [GATE-4-5] [INFO] =========================================
[2026-09-04 20:20:03] [GATE-4-5] [INFO] Gate 4-5 Summary:
[2026-09-04 20:20:03] [GATE-4-5] [INFO]   Gate 4 (AP2 anchor):     PASS (4/4)
[2026-09-04 20:20:03] [GATE-4-5] [INFO]   Gate 5 (compliance):     PASS (4/5)
[2026-09-04 20:20:03] [GATE-4-5] [INFO]   Compliance Report:       compliance_check_1788545962.json
[2026-09-04 20:20:03] [GATE-4-5] [INFO] =========================================
[2026-09-04 20:20:03] [GATE-4-5] [INFO] Gate 4-5 PASSED: Session compliance verified, ready for shutdown
[2026-09-04 20:28:41] [GATE-4-5] [INFO] === Gate 4-5 Serial Verification ===
[2026-09-04 20:28:41] [GATE-4-5] [INFO] GATE 4: AP2 Merkle ledger anchoring...
[2026-09-04 20:28:41] [GATE-4-5] [INFO]   ✓ Collected      760 work receipts for Merkle tree
[2026-09-04 20:28:41] [GATE-4-5] [INFO]   ✓ AP2 Merkle tree entry created
[2026-09-04 20:28:41] [GATE-4-5] [INFO]   ✓ AP2 ledger entry integrity verified (SHA256: 9ad84a473d8210e0...)
[2026-09-04 20:28:41] [GATE-4-5] [INFO]   ✓ AP2 ledger staged for commit
[2026-09-04 20:28:44] [GATE-4-5] [INFO]   ✓ AP2 ledger committed to git
[2026-09-04 20:28:44] [GATE-4-5] [INFO] GATE 5: Final compliance check...
[2026-09-04 20:29:21] [GATE-4-5] [INFO]   ✓ Git policy compliance verified
[2026-09-04 20:29:21] [GATE-4-5] [INFO]   ✓ Found 4/7 proof artifacts
[2026-09-04 20:29:21] [GATE-4-5] [INFO]   ✓ Evidence integrity verified (     769 files)
[2026-09-04 20:29:21] [GATE-4-5] [INFO]   ✓ Session validation passed (1788546561s duration)
[2026-09-04 20:29:21] [GATE-4-5] [INFO] Compliance report written to: /Users/andriileukhin/Documents/SovereignNexus/.smaos/compliance_check_1788546521.json
[2026-09-04 20:29:21] [GATE-4-5] [INFO] =========================================
[2026-09-04 20:29:21] [GATE-4-5] [INFO] Gate 4-5 Summary:
[2026-09-04 20:29:21] [GATE-4-5] [INFO]   Gate 4 (AP2 anchor):     PASS (4/4)
[2026-09-04 20:29:21] [GATE-4-5] [INFO]   Gate 5 (compliance):     PASS (4/5)
[2026-09-04 20:29:21] [GATE-4-5] [INFO]   Compliance Report:       compliance_check_1788546521.json
[2026-09-04 20:29:21] [GATE-4-5] [INFO] =========================================
[2026-09-04 20:29:21] [GATE-4-5] [INFO] Gate 4-5 PASSED: Session compliance verified, ready for shutdown
[2026-09-04 20:31:50] [GATE-4-5] [INFO] === Gate 4-5 Serial Verification ===
[2026-09-04 20:31:50] [GATE-4-5] [INFO] GATE 4: AP2 Merkle ledger anchoring...
[2026-09-04 20:31:50] [GATE-4-5] [INFO]   ✓ Collected      766 work receipts for Merkle tree
[2026-09-04 20:31:51] [GATE-4-5] [INFO]   ✓ AP2 Merkle tree entry created
[2026-09-04 20:31:51] [GATE-4-5] [INFO]   ✓ AP2 ledger entry integrity verified (SHA256: 0dcac33c5a3b8afd...)
[2026-09-04 20:31:51] [GATE-4-5] [INFO]   ✓ AP2 ledger staged for commit
[2026-09-04 20:31:56] [GATE-4-5] [INFO]   ✓ AP2 ledger committed to git
[2026-09-04 20:31:56] [GATE-4-5] [INFO] GATE 5: Final compliance check...
[2026-09-04 20:32:34] [GATE-4-5] [INFO]   ✓ Git policy compliance verified
[2026-09-04 20:32:34] [GATE-4-5] [INFO]   ✓ Found 4/7 proof artifacts
[2026-09-04 20:32:34] [GATE-4-5] [INFO]   ✓ Evidence integrity verified (     775 files)
[2026-09-04 20:32:34] [GATE-4-5] [INFO]   ✓ Session validation passed (1788546754s duration)
[2026-09-04 20:32:34] [GATE-4-5] [INFO] Compliance report written to: /Users/andriileukhin/Documents/SovereignNexus/.smaos/compliance_check_1788546710.json
[2026-09-04 20:32:34] [GATE-4-5] [INFO] =========================================
[2026-09-04 20:32:34] [GATE-4-5] [INFO] Gate 4-5 Summary:
[2026-09-04 20:32:34] [GATE-4-5] [INFO]   Gate 4 (AP2 anchor):     PASS (4/4)
[2026-09-04 20:32:34] [GATE-4-5] [INFO]   Gate 5 (compliance):     PASS (4/5)
[2026-09-04 20:32:34] [GATE-4-5] [INFO]   Compliance Report:       compliance_check_1788546710.json
[2026-09-04 20:32:34] [GATE-4-5] [INFO] =========================================
[2026-09-04 20:32:34] [GATE-4-5] [INFO] Gate 4-5 PASSED: Session compliance verified, ready for shutdown
[2026-09-04 20:32:52] [GATE-4-5] [INFO] === Gate 4-5 Serial Verification ===
[2026-09-04 20:32:52] [GATE-4-5] [INFO] GATE 4: AP2 Merkle ledger anchoring...
[2026-09-04 20:32:52] [GATE-4-5] [INFO]   ✓ Collected      767 work receipts for Merkle tree
[2026-09-04 20:32:52] [GATE-4-5] [INFO]   ✓ AP2 Merkle tree entry created
[2026-09-04 20:32:52] [GATE-4-5] [INFO]   ✓ AP2 ledger entry integrity verified (SHA256: 84e87046984eb356...)
[2026-09-04 20:32:52] [GATE-4-5] [INFO]   ✓ AP2 ledger staged for commit
[2026-09-04 20:32:58] [GATE-4-5] [INFO]   ✓ AP2 ledger committed to git
[2026-09-04 20:32:58] [GATE-4-5] [INFO] GATE 5: Final compliance check...
[2026-09-04 20:33:35] [GATE-4-5] [INFO]   ✓ Git policy compliance verified
[2026-09-04 20:33:35] [GATE-4-5] [INFO]   ✓ Found 4/7 proof artifacts
[2026-09-04 20:33:35] [GATE-4-5] [INFO]   ✓ Evidence integrity verified (     776 files)
[2026-09-04 20:33:35] [GATE-4-5] [INFO]   ✓ Session validation passed (1788546815s duration)
[2026-09-04 20:33:35] [GATE-4-5] [INFO] Compliance report written to: /Users/andriileukhin/Documents/SovereignNexus/.smaos/compliance_check_1788546772.json
[2026-09-04 20:33:35] [GATE-4-5] [INFO] =========================================
[2026-09-04 20:33:35] [GATE-4-5] [INFO] Gate 4-5 Summary:
[2026-09-04 20:33:35] [GATE-4-5] [INFO]   Gate 4 (AP2 anchor):     PASS (4/4)
[2026-09-04 20:33:35] [GATE-4-5] [INFO]   Gate 5 (compliance):     PASS (4/5)
[2026-09-04 20:33:35] [GATE-4-5] [INFO]   Compliance Report:       compliance_check_1788546772.json
[2026-09-04 20:33:35] [GATE-4-5] [INFO] =========================================
[2026-09-04 20:33:35] [GATE-4-5] [INFO] Gate 4-5 PASSED: Session compliance verified, ready for shutdown
[2026-09-04 20:34:43] [GATE-4-5] [INFO] === Gate 4-5 Serial Verification ===
[2026-09-04 20:34:43] [GATE-4-5] [INFO] GATE 4: AP2 Merkle ledger anchoring...
[2026-09-04 20:34:43] [GATE-4-5] [INFO]   ✓ Collected      771 work receipts for Merkle tree
[2026-09-04 20:34:43] [GATE-4-5] [INFO]   ✓ AP2 Merkle tree entry created
[2026-09-04 20:34:43] [GATE-4-5] [INFO]   ✓ AP2 ledger entry integrity verified (SHA256: 0063b16a91946483...)
[2026-09-04 20:34:43] [GATE-4-5] [INFO]   ✓ AP2 ledger staged for commit
[2026-09-04 20:34:49] [GATE-4-5] [INFO]   ✓ AP2 ledger committed to git
[2026-09-04 20:34:49] [GATE-4-5] [INFO] GATE 5: Final compliance check...
[2026-09-04 20:35:26] [GATE-4-5] [INFO]   ✓ Git policy compliance verified
[2026-09-04 20:35:26] [GATE-4-5] [INFO]   ✓ Found 4/7 proof artifacts
[2026-09-04 20:35:26] [GATE-4-5] [INFO]   ✓ Evidence integrity verified (     780 files)
[2026-09-04 20:35:26] [GATE-4-5] [INFO]   ✓ Session validation passed (1788546926s duration)
[2026-09-04 20:35:26] [GATE-4-5] [INFO] Compliance report written to: /Users/andriileukhin/Documents/SovereignNexus/.smaos/compliance_check_1788546883.json
[2026-09-04 20:35:26] [GATE-4-5] [INFO] =========================================
[2026-09-04 20:35:26] [GATE-4-5] [INFO] Gate 4-5 Summary:
[2026-09-04 20:35:26] [GATE-4-5] [INFO]   Gate 4 (AP2 anchor):     PASS (4/4)
[2026-09-04 20:35:26] [GATE-4-5] [INFO]   Gate 5 (compliance):     PASS (4/5)
[2026-09-04 20:35:26] [GATE-4-5] [INFO]   Compliance Report:       compliance_check_1788546883.json
[2026-09-04 20:35:26] [GATE-4-5] [INFO] =========================================
[2026-09-04 20:35:26] [GATE-4-5] [INFO] Gate 4-5 PASSED: Session compliance verified, ready for shutdown
[2026-09-04 20:36:19] [GATE-4-5] [INFO] === Gate 4-5 Serial Verification ===
[2026-09-04 20:36:19] [GATE-4-5] [INFO] GATE 4: AP2 Merkle ledger anchoring...
[2026-09-04 20:36:19] [GATE-4-5] [INFO]   ✓ Collected      772 work receipts for Merkle tree
[2026-09-04 20:36:19] [GATE-4-5] [INFO]   ✓ AP2 Merkle tree entry created
[2026-09-04 20:36:19] [GATE-4-5] [INFO]   ✓ AP2 ledger entry integrity verified (SHA256: 0e9bec160250958d...)
[2026-09-04 20:36:19] [GATE-4-5] [INFO]   ✓ AP2 ledger staged for commit
[2026-09-04 20:36:25] [GATE-4-5] [INFO]   ✓ AP2 ledger committed to git
[2026-09-04 20:36:25] [GATE-4-5] [INFO] GATE 5: Final compliance check...
[2026-09-04 20:37:03] [GATE-4-5] [INFO]   ✓ Git policy compliance verified
[2026-09-04 20:37:03] [GATE-4-5] [INFO]   ✓ Found 4/7 proof artifacts
[2026-09-04 20:37:03] [GATE-4-5] [INFO]   ✓ Evidence integrity verified (     781 files)
[2026-09-04 20:37:03] [GATE-4-5] [INFO]   ✓ Session validation passed (1788547023s duration)
[2026-09-04 20:37:03] [GATE-4-5] [INFO] Compliance report written to: /Users/andriileukhin/Documents/SovereignNexus/.smaos/compliance_check_1788546979.json
[2026-09-04 20:37:03] [GATE-4-5] [INFO] =========================================
[2026-09-04 20:37:03] [GATE-4-5] [INFO] Gate 4-5 Summary:
[2026-09-04 20:37:03] [GATE-4-5] [INFO]   Gate 4 (AP2 anchor):     PASS (4/4)
[2026-09-04 20:37:03] [GATE-4-5] [INFO]   Gate 5 (compliance):     PASS (4/5)
[2026-09-04 20:37:03] [GATE-4-5] [INFO]   Compliance Report:       compliance_check_1788546979.json
[2026-09-04 20:37:03] [GATE-4-5] [INFO] =========================================
[2026-09-04 20:37:03] [GATE-4-5] [INFO] Gate 4-5 PASSED: Session compliance verified, ready for shutdown
[2026-09-04 20:37:42] [GATE-4-5] [INFO] === Gate 4-5 Serial Verification ===
[2026-09-04 20:37:42] [GATE-4-5] [INFO] GATE 4: AP2 Merkle ledger anchoring...
[2026-09-04 20:37:42] [GATE-4-5] [INFO]   ✓ Collected      772 work receipts for Merkle tree
[2026-09-04 20:37:42] [GATE-4-5] [INFO]   ✓ AP2 Merkle tree entry created
[2026-09-04 20:37:42] [GATE-4-5] [INFO]   ✓ AP2 ledger entry integrity verified (SHA256: 37832e143c5019c2...)
[2026-09-04 20:37:42] [GATE-4-5] [INFO]   ✓ AP2 ledger staged for commit
[2026-09-04 20:37:45] [GATE-4-5] [INFO]   ✓ AP2 ledger committed to git
[2026-09-04 20:37:45] [GATE-4-5] [INFO] GATE 5: Final compliance check...
[2026-09-04 20:38:22] [GATE-4-5] [INFO]   ✓ Git policy compliance verified
[2026-09-04 20:38:22] [GATE-4-5] [INFO]   ✓ Found 4/7 proof artifacts
[2026-09-04 20:38:22] [GATE-4-5] [INFO]   ✓ Evidence integrity verified (     781 files)
[2026-09-04 20:38:22] [GATE-4-5] [INFO]   ✓ Session validation passed (1788547102s duration)
[2026-09-04 20:38:22] [GATE-4-5] [INFO] Compliance report written to: /Users/andriileukhin/Documents/SovereignNexus/.smaos/compliance_check_1788547062.json
[2026-09-04 20:38:22] [GATE-4-5] [INFO] =========================================
[2026-09-04 20:38:22] [GATE-4-5] [INFO] Gate 4-5 Summary:
[2026-09-04 20:38:22] [GATE-4-5] [INFO]   Gate 4 (AP2 anchor):     PASS (4/4)
[2026-09-04 20:38:22] [GATE-4-5] [INFO]   Gate 5 (compliance):     PASS (4/5)
[2026-09-04 20:38:22] [GATE-4-5] [INFO]   Compliance Report:       compliance_check_1788547062.json
[2026-09-04 20:38:22] [GATE-4-5] [INFO] =========================================
[2026-09-04 20:38:22] [GATE-4-5] [INFO] Gate 4-5 PASSED: Session compliance verified, ready for shutdown
[2026-09-04 20:47:12] [GATE-4-5] [INFO] === Gate 4-5 Serial Verification ===
[2026-09-04 20:47:12] [GATE-4-5] [INFO] GATE 4: AP2 Merkle ledger anchoring...
[2026-09-04 20:47:12] [GATE-4-5] [INFO]   ✓ Collected      772 work receipts for Merkle tree
[2026-09-04 20:47:12] [GATE-4-5] [INFO]   ✓ AP2 Merkle tree entry created
[2026-09-04 20:47:12] [GATE-4-5] [INFO]   ✓ AP2 ledger entry integrity verified (SHA256: 9d91df1a87cee39a...)
[2026-09-04 20:47:13] [GATE-4-5] [INFO]   ✓ AP2 ledger staged for commit
[2026-09-04 20:47:15] [GATE-4-5] [INFO]   ✓ AP2 ledger committed to git
[2026-09-04 20:47:15] [GATE-4-5] [INFO] GATE 5: Final compliance check...
[2026-09-04 20:47:52] [GATE-4-5] [INFO]   ✓ Git policy compliance verified
[2026-09-04 20:47:52] [GATE-4-5] [INFO]   ✓ Found 4/7 proof artifacts
[2026-09-04 20:47:52] [GATE-4-5] [INFO]   ✓ Evidence integrity verified (     781 files)
[2026-09-04 20:47:52] [GATE-4-5] [INFO]   ✓ Session validation passed (1788547672s duration)
[2026-09-04 20:47:52] [GATE-4-5] [INFO] Compliance report written to: /Users/andriileukhin/Documents/SovereignNexus/.smaos/compliance_check_1788547632.json
[2026-09-04 20:47:52] [GATE-4-5] [INFO] =========================================
[2026-09-04 20:47:52] [GATE-4-5] [INFO] Gate 4-5 Summary:
[2026-09-04 20:47:52] [GATE-4-5] [INFO]   Gate 4 (AP2 anchor):     PASS (4/4)
[2026-09-04 20:47:52] [GATE-4-5] [INFO]   Gate 5 (compliance):     PASS (4/5)
[2026-09-04 20:47:52] [GATE-4-5] [INFO]   Compliance Report:       compliance_check_1788547632.json
[2026-09-04 20:47:52] [GATE-4-5] [INFO] =========================================
[2026-09-04 20:47:52] [GATE-4-5] [INFO] Gate 4-5 PASSED: Session compliance verified, ready for shutdown
[2026-09-04 20:50:47] [GATE-4-5] [INFO] === Gate 4-5 Serial Verification ===
[2026-09-04 20:50:47] [GATE-4-5] [INFO] GATE 4: AP2 Merkle ledger anchoring...
[2026-09-04 20:50:47] [GATE-4-5] [INFO]   ✓ Collected      777 work receipts for Merkle tree
[2026-09-04 20:50:47] [GATE-4-5] [INFO]   ✓ AP2 Merkle tree entry created
[2026-09-04 20:50:47] [GATE-4-5] [INFO]   ✓ AP2 ledger entry integrity verified (SHA256: 971818e8bb115b63...)
[2026-09-04 20:50:47] [GATE-4-5] [INFO]   ✓ AP2 ledger staged for commit
[2026-09-04 20:50:53] [GATE-4-5] [INFO]   ✓ AP2 ledger committed to git
[2026-09-04 20:50:53] [GATE-4-5] [INFO] GATE 5: Final compliance check...
[2026-09-04 20:51:30] [GATE-4-5] [INFO]   ✓ Git policy compliance verified
[2026-09-04 20:51:30] [GATE-4-5] [INFO]   ✓ Found 4/7 proof artifacts
[2026-09-04 20:51:30] [GATE-4-5] [INFO]   ✓ Evidence integrity verified (     786 files)
[2026-09-04 20:51:30] [GATE-4-5] [INFO]   ✓ Session validation passed (1788547890s duration)
[2026-09-04 20:51:30] [GATE-4-5] [INFO] Compliance report written to: /Users/andriileukhin/Documents/SovereignNexus/.smaos/compliance_check_1788547847.json
[2026-09-04 20:51:30] [GATE-4-5] [INFO] =========================================
[2026-09-04 20:51:30] [GATE-4-5] [INFO] Gate 4-5 Summary:
[2026-09-04 20:51:30] [GATE-4-5] [INFO]   Gate 4 (AP2 anchor):     PASS (4/4)
[2026-09-04 20:51:30] [GATE-4-5] [INFO]   Gate 5 (compliance):     PASS (4/5)
[2026-09-04 20:51:30] [GATE-4-5] [INFO]   Compliance Report:       compliance_check_1788547847.json
[2026-09-04 20:51:30] [GATE-4-5] [INFO] =========================================
[2026-09-04 20:51:30] [GATE-4-5] [INFO] Gate 4-5 PASSED: Session compliance verified, ready for shutdown
[2026-09-04 20:54:47] [GATE-4-5] [INFO] === Gate 4-5 Serial Verification ===
[2026-09-04 20:54:47] [GATE-4-5] [INFO] GATE 4: AP2 Merkle ledger anchoring...
[2026-09-04 20:54:47] [GATE-4-5] [INFO]   ✓ Collected      777 work receipts for Merkle tree
[2026-09-04 20:54:47] [GATE-4-5] [INFO]   ✓ AP2 Merkle tree entry created
[2026-09-04 20:54:47] [GATE-4-5] [INFO]   ✓ AP2 ledger entry integrity verified (SHA256: 4c29b4521850553c...)
[2026-09-04 20:54:47] [GATE-4-5] [INFO]   ✓ AP2 ledger staged for commit
[2026-09-04 20:54:49] [GATE-4-5] [INFO]   ✓ AP2 ledger committed to git
[2026-09-04 20:54:49] [GATE-4-5] [INFO] GATE 5: Final compliance check...
[2026-09-04 20:55:26] [GATE-4-5] [INFO]   ✓ Git policy compliance verified
[2026-09-04 20:55:26] [GATE-4-5] [INFO]   ✓ Found 4/7 proof artifacts
[2026-09-04 20:55:26] [GATE-4-5] [INFO]   ✓ Evidence integrity verified (     786 files)
[2026-09-04 20:55:26] [GATE-4-5] [INFO]   ✓ Session validation passed (1788548126s duration)
[2026-09-04 20:55:26] [GATE-4-5] [INFO] Compliance report written to: /Users/andriileukhin/Documents/SovereignNexus/.smaos/compliance_check_1788548087.json
[2026-09-04 20:55:26] [GATE-4-5] [INFO] =========================================
[2026-09-04 20:55:26] [GATE-4-5] [INFO] Gate 4-5 Summary:
[2026-09-04 20:55:26] [GATE-4-5] [INFO]   Gate 4 (AP2 anchor):     PASS (4/4)
[2026-09-04 20:55:26] [GATE-4-5] [INFO]   Gate 5 (compliance):     PASS (4/5)
[2026-09-04 20:55:26] [GATE-4-5] [INFO]   Compliance Report:       compliance_check_1788548087.json
[2026-09-04 20:55:26] [GATE-4-5] [INFO] =========================================
[2026-09-04 20:55:26] [GATE-4-5] [INFO] Gate 4-5 PASSED: Session compliance verified, ready for shutdown
[2026-09-04 20:56:18] [GATE-4-5] [INFO] === Gate 4-5 Serial Verification ===
[2026-09-04 20:56:18] [GATE-4-5] [INFO] GATE 4: AP2 Merkle ledger anchoring...
[2026-09-04 20:56:18] [GATE-4-5] [INFO]   ✓ Collected      778 work receipts for Merkle tree
[2026-09-04 20:56:18] [GATE-4-5] [INFO]   ✓ AP2 Merkle tree entry created
[2026-09-04 20:56:18] [GATE-4-5] [INFO]   ✓ AP2 ledger entry integrity verified (SHA256: 2c0f7968d0ad14e1...)
[2026-09-04 20:56:19] [GATE-4-5] [INFO]   ✓ AP2 ledger staged for commit
[2026-09-04 20:56:24] [GATE-4-5] [INFO]   ✓ AP2 ledger committed to git
[2026-09-04 20:56:24] [GATE-4-5] [INFO] GATE 5: Final compliance check...
[2026-09-04 20:57:02] [GATE-4-5] [INFO]   ✓ Git policy compliance verified
[2026-09-04 20:57:02] [GATE-4-5] [INFO]   ✓ Found 4/7 proof artifacts
[2026-09-04 20:57:02] [GATE-4-5] [INFO]   ✓ Evidence integrity verified (     787 files)
[2026-09-04 20:57:02] [GATE-4-5] [INFO]   ✓ Session validation passed (1788548222s duration)
[2026-09-04 20:57:02] [GATE-4-5] [INFO] Compliance report written to: /Users/andriileukhin/Documents/SovereignNexus/.smaos/compliance_check_1788548178.json
[2026-09-04 20:57:02] [GATE-4-5] [INFO] =========================================
[2026-09-04 20:57:02] [GATE-4-5] [INFO] Gate 4-5 Summary:
[2026-09-04 20:57:02] [GATE-4-5] [INFO]   Gate 4 (AP2 anchor):     PASS (4/4)
[2026-09-04 20:57:02] [GATE-4-5] [INFO]   Gate 5 (compliance):     PASS (4/5)
[2026-09-04 20:57:02] [GATE-4-5] [INFO]   Compliance Report:       compliance_check_1788548178.json
[2026-09-04 20:57:02] [GATE-4-5] [INFO] =========================================
[2026-09-04 20:57:02] [GATE-4-5] [INFO] Gate 4-5 PASSED: Session compliance verified, ready for shutdown
[2026-09-04 21:00:41] [GATE-4-5] [INFO] === Gate 4-5 Serial Verification ===
[2026-09-04 21:00:41] [GATE-4-5] [INFO] GATE 4: AP2 Merkle ledger anchoring...
[2026-09-04 21:00:41] [GATE-4-5] [INFO]   ✓ Collected      786 work receipts for Merkle tree
[2026-09-04 21:00:41] [GATE-4-5] [INFO]   ✓ AP2 Merkle tree entry created
[2026-09-04 21:00:41] [GATE-4-5] [INFO]   ✓ AP2 ledger entry integrity verified (SHA256: bff226e759f5eea9...)
[2026-09-04 21:00:41] [GATE-4-5] [INFO]   ✓ AP2 ledger staged for commit
[2026-09-04 21:00:46] [GATE-4-5] [INFO]   ✓ AP2 ledger committed to git
[2026-09-04 21:00:46] [GATE-4-5] [INFO] GATE 5: Final compliance check...
[2026-09-04 21:01:24] [GATE-4-5] [INFO]   ✓ Git policy compliance verified
[2026-09-04 21:01:24] [GATE-4-5] [INFO]   ✓ Found 4/7 proof artifacts
[2026-09-04 21:01:24] [GATE-4-5] [INFO]   ✓ Evidence integrity verified (     795 files)
[2026-09-04 21:01:24] [GATE-4-5] [INFO]   ✓ Session validation passed (1788548484s duration)
[2026-09-04 21:01:24] [GATE-4-5] [INFO] Compliance report written to: /Users/andriileukhin/Documents/SovereignNexus/.smaos/compliance_check_1788548441.json
[2026-09-04 21:01:24] [GATE-4-5] [INFO] =========================================
[2026-09-04 21:01:24] [GATE-4-5] [INFO] Gate 4-5 Summary:
[2026-09-04 21:01:24] [GATE-4-5] [INFO]   Gate 4 (AP2 anchor):     PASS (4/4)
[2026-09-04 21:01:24] [GATE-4-5] [INFO]   Gate 5 (compliance):     PASS (4/5)
[2026-09-04 21:01:24] [GATE-4-5] [INFO]   Compliance Report:       compliance_check_1788548441.json
[2026-09-04 21:01:24] [GATE-4-5] [INFO] =========================================
[2026-09-04 21:01:24] [GATE-4-5] [INFO] Gate 4-5 PASSED: Session compliance verified, ready for shutdown
[2026-09-04 21:02:24] [GATE-4-5] [INFO] === Gate 4-5 Serial Verification ===
[2026-09-04 21:02:24] [GATE-4-5] [INFO] GATE 4: AP2 Merkle ledger anchoring...
[2026-09-04 21:02:24] [GATE-4-5] [INFO]   ✓ Collected      787 work receipts for Merkle tree
[2026-09-04 21:02:24] [GATE-4-5] [INFO]   ✓ AP2 Merkle tree entry created
[2026-09-04 21:02:24] [GATE-4-5] [INFO]   ✓ AP2 ledger entry integrity verified (SHA256: 5bac9d043c515cac...)
[2026-09-04 21:02:24] [GATE-4-5] [INFO]   ✓ AP2 ledger staged for commit
[2026-09-04 21:02:29] [GATE-4-5] [INFO]   ✓ AP2 ledger committed to git
[2026-09-04 21:02:29] [GATE-4-5] [INFO] GATE 5: Final compliance check...
[2026-09-04 21:03:07] [GATE-4-5] [INFO]   ✓ Git policy compliance verified
[2026-09-04 21:03:07] [GATE-4-5] [INFO]   ✓ Found 4/7 proof artifacts
[2026-09-04 21:03:07] [GATE-4-5] [INFO]   ✓ Evidence integrity verified (     796 files)
[2026-09-04 21:03:07] [GATE-4-5] [INFO]   ✓ Session validation passed (1788548587s duration)
[2026-09-04 21:03:07] [GATE-4-5] [INFO] Compliance report written to: /Users/andriileukhin/Documents/SovereignNexus/.smaos/compliance_check_1788548544.json
[2026-09-04 21:03:07] [GATE-4-5] [INFO] =========================================
[2026-09-04 21:03:07] [GATE-4-5] [INFO] Gate 4-5 Summary:
[2026-09-04 21:03:07] [GATE-4-5] [INFO]   Gate 4 (AP2 anchor):     PASS (4/4)
[2026-09-04 21:03:07] [GATE-4-5] [INFO]   Gate 5 (compliance):     PASS (4/5)
[2026-09-04 21:03:07] [GATE-4-5] [INFO]   Compliance Report:       compliance_check_1788548544.json
[2026-09-04 21:03:07] [GATE-4-5] [INFO] =========================================
[2026-09-04 21:03:07] [GATE-4-5] [INFO] Gate 4-5 PASSED: Session compliance verified, ready for shutdown
[2026-09-04 21:05:46] [GATE-4-5] [INFO] === Gate 4-5 Serial Verification ===
[2026-09-04 21:05:46] [GATE-4-5] [INFO] GATE 4: AP2 Merkle ledger anchoring...
[2026-09-04 21:05:46] [GATE-4-5] [INFO]   ✓ Collected      795 work receipts for Merkle tree
[2026-09-04 21:05:47] [GATE-4-5] [INFO]   ✓ AP2 Merkle tree entry created
[2026-09-04 21:05:47] [GATE-4-5] [INFO]   ✓ AP2 ledger entry integrity verified (SHA256: 101d291dd016fa49...)
[2026-09-04 21:05:47] [GATE-4-5] [INFO]   ✓ AP2 ledger staged for commit
[2026-09-04 21:05:51] [GATE-4-5] [INFO]   ✓ AP2 ledger committed to git
[2026-09-04 21:05:51] [GATE-4-5] [INFO] GATE 5: Final compliance check...
[2026-09-04 21:06:28] [GATE-4-5] [INFO]   ✓ Git policy compliance verified
[2026-09-04 21:06:28] [GATE-4-5] [INFO]   ✓ Found 4/7 proof artifacts
[2026-09-04 21:06:28] [GATE-4-5] [INFO]   ✓ Evidence integrity verified (     804 files)
[2026-09-04 21:06:28] [GATE-4-5] [INFO]   ✓ Session validation passed (1788548788s duration)
[2026-09-04 21:06:28] [GATE-4-5] [INFO] Compliance report written to: /Users/andriileukhin/Documents/SovereignNexus/.smaos/compliance_check_1788548746.json
[2026-09-04 21:06:28] [GATE-4-5] [INFO] =========================================
[2026-09-04 21:06:28] [GATE-4-5] [INFO] Gate 4-5 Summary:
[2026-09-04 21:06:28] [GATE-4-5] [INFO]   Gate 4 (AP2 anchor):     PASS (4/4)
[2026-09-04 21:06:28] [GATE-4-5] [INFO]   Gate 5 (compliance):     PASS (4/5)
[2026-09-04 21:06:28] [GATE-4-5] [INFO]   Compliance Report:       compliance_check_1788548746.json
[2026-09-04 21:06:28] [GATE-4-5] [INFO] =========================================
[2026-09-04 21:06:29] [GATE-4-5] [INFO] Gate 4-5 PASSED: Session compliance verified, ready for shutdown
[2026-09-04 21:54:52] [GATE-4-5] [INFO] === Gate 4-5 Serial Verification ===
[2026-09-04 21:54:52] [GATE-4-5] [INFO] GATE 4: AP2 Merkle ledger anchoring...
[2026-09-04 21:54:52] [GATE-4-5] [INFO]   ✓ Collected      799 work receipts for Merkle tree
[2026-09-04 21:54:52] [GATE-4-5] [INFO]   ✓ AP2 Merkle tree entry created
[2026-09-04 21:54:52] [GATE-4-5] [INFO]   ✓ AP2 ledger entry integrity verified (SHA256: fb79623cbdf45629...)
[2026-09-04 21:54:52] [GATE-4-5] [INFO]   ✓ AP2 ledger staged for commit
[2026-09-04 21:54:57] [GATE-4-5] [INFO]   ✓ AP2 ledger committed to git
[2026-09-04 21:54:57] [GATE-4-5] [INFO] GATE 5: Final compliance check...
[2026-09-04 21:55:35] [GATE-4-5] [INFO]   ✓ Git policy compliance verified
[2026-09-04 21:55:35] [GATE-4-5] [INFO]   ✓ Found 4/7 proof artifacts
[2026-09-04 21:55:35] [GATE-4-5] [INFO]   ✓ Evidence integrity verified (     808 files)
[2026-09-04 21:55:35] [GATE-4-5] [INFO]   ✓ Session validation passed (1788551735s duration)
[2026-09-04 21:55:35] [GATE-4-5] [INFO] Compliance report written to: /Users/andriileukhin/Documents/SovereignNexus/.smaos/compliance_check_1788551692.json
[2026-09-04 21:55:35] [GATE-4-5] [INFO] =========================================
[2026-09-04 21:55:35] [GATE-4-5] [INFO] Gate 4-5 Summary:
[2026-09-04 21:55:35] [GATE-4-5] [INFO]   Gate 4 (AP2 anchor):     PASS (4/4)
[2026-09-04 21:55:35] [GATE-4-5] [INFO]   Gate 5 (compliance):     PASS (4/5)
[2026-09-04 21:55:35] [GATE-4-5] [INFO]   Compliance Report:       compliance_check_1788551692.json
[2026-09-04 21:55:35] [GATE-4-5] [INFO] =========================================
[2026-09-04 21:55:35] [GATE-4-5] [INFO] Gate 4-5 PASSED: Session compliance verified, ready for shutdown
[2026-09-04 23:06:25] [GATE-4-5] [INFO] === Gate 4-5 Serial Verification ===
[2026-09-04 23:06:25] [GATE-4-5] [INFO] GATE 4: AP2 Merkle ledger anchoring...
[2026-09-04 23:06:25] [GATE-4-5] [INFO]   ✓ Collected      799 work receipts for Merkle tree
[2026-09-04 23:06:26] [GATE-4-5] [INFO]   ✓ AP2 Merkle tree entry created
[2026-09-04 23:06:26] [GATE-4-5] [INFO]   ✓ AP2 ledger entry integrity verified (SHA256: 5ecf82ea0fb1a8de...)
[2026-09-04 23:06:26] [GATE-4-5] [INFO]   ✓ AP2 ledger staged for commit
[2026-09-04 23:06:31] [GATE-4-5] [INFO]   ✓ AP2 ledger committed to git
[2026-09-04 23:06:31] [GATE-4-5] [INFO] GATE 5: Final compliance check...
[2026-09-04 23:07:09] [GATE-4-5] [INFO]   ✓ Git policy compliance verified
[2026-09-04 23:07:09] [GATE-4-5] [INFO]   ✓ Found 4/7 proof artifacts
[2026-09-04 23:07:09] [GATE-4-5] [INFO]   ✓ Evidence integrity verified (     808 files)
[2026-09-04 23:07:09] [GATE-4-5] [INFO]   ✓ Session validation passed (1788556029s duration)
[2026-09-04 23:07:09] [GATE-4-5] [INFO] Compliance report written to: /Users/andriileukhin/Documents/SovereignNexus/.smaos/compliance_check_1788555985.json
[2026-09-04 23:07:09] [GATE-4-5] [INFO] =========================================
[2026-09-04 23:07:09] [GATE-4-5] [INFO] Gate 4-5 Summary:
[2026-09-04 23:07:09] [GATE-4-5] [INFO]   Gate 4 (AP2 anchor):     PASS (4/4)
[2026-09-04 23:07:09] [GATE-4-5] [INFO]   Gate 5 (compliance):     PASS (4/5)
[2026-09-04 23:07:09] [GATE-4-5] [INFO]   Compliance Report:       compliance_check_1788555985.json
[2026-09-04 23:07:09] [GATE-4-5] [INFO] =========================================
[2026-09-04 23:07:09] [GATE-4-5] [INFO] Gate 4-5 PASSED: Session compliance verified, ready for shutdown
[2026-09-04 23:09:29] [GATE-4-5] [INFO] === Gate 4-5 Serial Verification ===
[2026-09-04 23:09:29] [GATE-4-5] [INFO] GATE 4: AP2 Merkle ledger anchoring...
[2026-09-04 23:09:29] [GATE-4-5] [INFO]   ✓ Collected      799 work receipts for Merkle tree
[2026-09-04 23:09:29] [GATE-4-5] [INFO]   ✓ AP2 Merkle tree entry created
[2026-09-04 23:09:29] [GATE-4-5] [INFO]   ✓ AP2 ledger entry integrity verified (SHA256: 25e2fe7d5133a8d4...)
[2026-09-04 23:09:29] [GATE-4-5] [INFO]   ✓ AP2 ledger staged for commit
[2026-09-04 23:09:32] [GATE-4-5] [INFO]   ✓ AP2 ledger committed to git
[2026-09-04 23:09:32] [GATE-4-5] [INFO] GATE 5: Final compliance check...
[2026-09-04 23:10:09] [GATE-4-5] [INFO]   ✓ Git policy compliance verified
[2026-09-04 23:10:09] [GATE-4-5] [INFO]   ✓ Found 4/7 proof artifacts
[2026-09-04 23:10:09] [GATE-4-5] [INFO]   ✓ Evidence integrity verified (     808 files)
[2026-09-04 23:10:09] [GATE-4-5] [INFO]   ✓ Session validation passed (1788556209s duration)
[2026-09-04 23:10:09] [GATE-4-5] [INFO] Compliance report written to: /Users/andriileukhin/Documents/SovereignNexus/.smaos/compliance_check_1788556169.json
[2026-09-04 23:10:09] [GATE-4-5] [INFO] =========================================
[2026-09-04 23:10:09] [GATE-4-5] [INFO] Gate 4-5 Summary:
[2026-09-04 23:10:09] [GATE-4-5] [INFO]   Gate 4 (AP2 anchor):     PASS (4/4)
[2026-09-04 23:10:09] [GATE-4-5] [INFO]   Gate 5 (compliance):     PASS (4/5)
[2026-09-04 23:10:09] [GATE-4-5] [INFO]   Compliance Report:       compliance_check_1788556169.json
[2026-09-04 23:10:09] [GATE-4-5] [INFO] =========================================
[2026-09-04 23:10:09] [GATE-4-5] [INFO] Gate 4-5 PASSED: Session compliance verified, ready for shutdown
[2026-09-04 23:12:16] [GATE-4-5] [INFO] === Gate 4-5 Serial Verification ===
[2026-09-04 23:12:16] [GATE-4-5] [INFO] GATE 4: AP2 Merkle ledger anchoring...
[2026-09-04 23:12:16] [GATE-4-5] [INFO]   ✓ Collected      799 work receipts for Merkle tree
[2026-09-04 23:12:16] [GATE-4-5] [INFO]   ✓ AP2 Merkle tree entry created
[2026-09-04 23:12:16] [GATE-4-5] [INFO]   ✓ AP2 ledger entry integrity verified (SHA256: 3e09fe47c0b9c7e8...)
[2026-09-04 23:12:16] [GATE-4-5] [INFO]   ✓ AP2 ledger staged for commit
[2026-09-04 23:12:22] [GATE-4-5] [INFO]   ✓ AP2 ledger committed to git
[2026-09-04 23:12:22] [GATE-4-5] [INFO] GATE 5: Final compliance check...
[2026-09-04 23:13:01] [GATE-4-5] [INFO]   ✓ Git policy compliance verified
[2026-09-04 23:13:01] [GATE-4-5] [INFO]   ✓ Found 4/7 proof artifacts
[2026-09-04 23:13:01] [GATE-4-5] [INFO]   ✓ Evidence integrity verified (     808 files)
[2026-09-04 23:13:01] [GATE-4-5] [INFO]   ✓ Session validation passed (1788556381s duration)
[2026-09-04 23:13:01] [GATE-4-5] [INFO] Compliance report written to: /Users/andriileukhin/Documents/SovereignNexus/.smaos/compliance_check_1788556336.json
[2026-09-04 23:13:01] [GATE-4-5] [INFO] =========================================
[2026-09-04 23:13:01] [GATE-4-5] [INFO] Gate 4-5 Summary:
[2026-09-04 23:13:01] [GATE-4-5] [INFO]   Gate 4 (AP2 anchor):     PASS (4/4)
[2026-09-04 23:13:01] [GATE-4-5] [INFO]   Gate 5 (compliance):     PASS (4/5)
[2026-09-04 23:13:01] [GATE-4-5] [INFO]   Compliance Report:       compliance_check_1788556336.json
[2026-09-04 23:13:01] [GATE-4-5] [INFO] =========================================
[2026-09-04 23:13:01] [GATE-4-5] [INFO] Gate 4-5 PASSED: Session compliance verified, ready for shutdown
[2026-09-04 23:15:59] [GATE-4-5] [INFO] === Gate 4-5 Serial Verification ===
[2026-09-04 23:15:59] [GATE-4-5] [INFO] GATE 4: AP2 Merkle ledger anchoring...
[2026-09-04 23:15:59] [GATE-4-5] [INFO]   ✓ Collected      805 work receipts for Merkle tree
[2026-09-04 23:15:59] [GATE-4-5] [INFO]   ✓ AP2 Merkle tree entry created
[2026-09-04 23:15:59] [GATE-4-5] [INFO]   ✓ AP2 ledger entry integrity verified (SHA256: d1b69ad3bbf6f481...)
[2026-09-04 23:15:59] [GATE-4-5] [WARN]   ⚠ Could not stage AP2 ledger for commit
[2026-09-04 23:15:59] [GATE-4-5] [INFO] GATE 5: Final compliance check...
[2026-09-04 23:16:50] [GATE-4-5] [INFO]   ✓ Git policy compliance verified
[2026-09-04 23:16:50] [GATE-4-5] [INFO]   ✓ Found 4/7 proof artifacts
[2026-09-04 23:16:50] [GATE-4-5] [INFO]   ✓ Evidence integrity verified (     831 files)
[2026-09-04 23:16:50] [GATE-4-5] [INFO]   ✓ Session validation passed (1788556610s duration)
[2026-09-04 23:16:50] [GATE-4-5] [INFO] Compliance report written to: /Users/andriileukhin/Documents/SovereignNexus/.smaos/compliance_check_1788556559.json
[2026-09-04 23:16:50] [GATE-4-5] [INFO] =========================================
[2026-09-04 23:16:50] [GATE-4-5] [INFO] Gate 4-5 Summary:
[2026-09-04 23:16:50] [GATE-4-5] [INFO]   Gate 4 (AP2 anchor):     PASS (3/4)
[2026-09-04 23:16:50] [GATE-4-5] [INFO]   Gate 5 (compliance):     PASS (4/5)
[2026-09-04 23:16:50] [GATE-4-5] [INFO]   Compliance Report:       compliance_check_1788556559.json
[2026-09-04 23:16:50] [GATE-4-5] [INFO] =========================================
[2026-09-04 23:16:50] [GATE-4-5] [INFO] Gate 4-5 PASSED: Session compliance verified, ready for shutdown
[2026-09-04 23:17:27] [GATE-4-5] [INFO] === Gate 4-5 Serial Verification ===
[2026-09-04 23:17:27] [GATE-4-5] [INFO] GATE 4: AP2 Merkle ledger anchoring...
[2026-09-04 23:17:27] [GATE-4-5] [INFO]   ✓ Collected      833 work receipts for Merkle tree
[2026-09-04 23:17:27] [GATE-4-5] [INFO]   ✓ AP2 Merkle tree entry created
[2026-09-04 23:17:27] [GATE-4-5] [INFO]   ✓ AP2 ledger entry integrity verified (SHA256: 2189e6bd1f861813...)
[2026-09-04 23:17:27] [GATE-4-5] [WARN]   ⚠ Could not stage AP2 ledger for commit
[2026-09-04 23:17:27] [GATE-4-5] [INFO] GATE 5: Final compliance check...
[2026-09-04 23:18:10] [GATE-4-5] [INFO]   ✓ Git policy compliance verified
[2026-09-04 23:18:10] [GATE-4-5] [INFO]   ✓ Found 4/7 proof artifacts
[2026-09-04 23:18:10] [GATE-4-5] [INFO]   ✓ Evidence integrity verified (     857 files)
[2026-09-04 23:18:10] [GATE-4-5] [INFO]   ✓ Session validation passed (1788556690s duration)
[2026-09-04 23:18:10] [GATE-4-5] [INFO] Compliance report written to: /Users/andriileukhin/Documents/SovereignNexus/.smaos/compliance_check_1788556647.json
[2026-09-04 23:18:10] [GATE-4-5] [INFO] =========================================
[2026-09-04 23:18:10] [GATE-4-5] [INFO] Gate 4-5 Summary:
[2026-09-04 23:18:10] [GATE-4-5] [INFO]   Gate 4 (AP2 anchor):     PASS (3/4)
[2026-09-04 23:18:10] [GATE-4-5] [INFO]   Gate 5 (compliance):     PASS (4/5)
[2026-09-04 23:18:10] [GATE-4-5] [INFO]   Compliance Report:       compliance_check_1788556647.json
[2026-09-04 23:18:10] [GATE-4-5] [INFO] =========================================
[2026-09-04 23:18:10] [GATE-4-5] [INFO] Gate 4-5 PASSED: Session compliance verified, ready for shutdown
[2026-09-04 23:19:14] [GATE-4-5] [INFO] === Gate 4-5 Serial Verification ===
[2026-09-04 23:19:14] [GATE-4-5] [INFO] GATE 4: AP2 Merkle ledger anchoring...
[2026-09-04 23:19:14] [GATE-4-5] [INFO]   ✓ Collected      870 work receipts for Merkle tree
[2026-09-04 23:19:14] [GATE-4-5] [INFO]   ✓ AP2 Merkle tree entry created
[2026-09-04 23:19:14] [GATE-4-5] [INFO]   ✓ AP2 ledger entry integrity verified (SHA256: 6481f51d3d4e706c...)
[2026-09-04 23:19:14] [GATE-4-5] [INFO]   ✓ AP2 ledger staged for commit
[2026-09-04 23:19:20] [GATE-4-5] [INFO]   ✓ AP2 ledger committed to git
[2026-09-04 23:19:20] [GATE-4-5] [INFO] GATE 5: Final compliance check...
[2026-09-04 23:20:00] [GATE-4-5] [INFO]   ✓ Git policy compliance verified
[2026-09-04 23:20:00] [GATE-4-5] [INFO]   ✓ Found 4/7 proof artifacts
[2026-09-04 23:20:00] [GATE-4-5] [INFO]   ✓ Evidence integrity verified (     883 files)
[2026-09-04 23:20:00] [GATE-4-5] [INFO]   ✓ Session validation passed (1788556800s duration)
[2026-09-04 23:20:00] [GATE-4-5] [INFO] Compliance report written to: /Users/andriileukhin/Documents/SovereignNexus/.smaos/compliance_check_1788556754.json
[2026-09-04 23:20:00] [GATE-4-5] [INFO] =========================================
[2026-09-04 23:20:00] [GATE-4-5] [INFO] Gate 4-5 Summary:
[2026-09-04 23:20:00] [GATE-4-5] [INFO]   Gate 4 (AP2 anchor):     PASS (4/4)
[2026-09-04 23:20:00] [GATE-4-5] [INFO]   Gate 5 (compliance):     PASS (4/5)
[2026-09-04 23:20:00] [GATE-4-5] [INFO]   Compliance Report:       compliance_check_1788556754.json
[2026-09-04 23:20:00] [GATE-4-5] [INFO] =========================================
[2026-09-04 23:20:00] [GATE-4-5] [INFO] Gate 4-5 PASSED: Session compliance verified, ready for shutdown
[2026-09-04 23:20:20] [GATE-4-5] [INFO] === Gate 4-5 Serial Verification ===
[2026-09-04 23:20:20] [GATE-4-5] [INFO] GATE 4: AP2 Merkle ledger anchoring...
[2026-09-04 23:20:20] [GATE-4-5] [INFO]   ✓ Collected      879 work receipts for Merkle tree
[2026-09-04 23:20:20] [GATE-4-5] [INFO]   ✓ AP2 Merkle tree entry created
[2026-09-04 23:20:20] [GATE-4-5] [INFO]   ✓ AP2 ledger entry integrity verified (SHA256: 4b4ff6f634f86f27...)
[2026-09-04 23:20:20] [GATE-4-5] [INFO]   ✓ AP2 ledger staged for commit
[2026-09-04 23:20:26] [GATE-4-5] [INFO]   ✓ AP2 ledger committed to git
[2026-09-04 23:20:26] [GATE-4-5] [INFO] GATE 5: Final compliance check...
[2026-09-04 23:21:05] [GATE-4-5] [INFO]   ✓ Git policy compliance verified
[2026-09-04 23:21:05] [GATE-4-5] [INFO]   ✓ Found 4/7 proof artifacts
[2026-09-04 23:21:05] [GATE-4-5] [INFO]   ✓ Evidence integrity verified (     891 files)
[2026-09-04 23:21:05] [GATE-4-5] [INFO]   ✓ Session validation passed (1788556865s duration)
[2026-09-04 23:21:05] [GATE-4-5] [INFO] Compliance report written to: /Users/andriileukhin/Documents/SovereignNexus/.smaos/compliance_check_1788556820.json
[2026-09-04 23:21:05] [GATE-4-5] [INFO] =========================================
[2026-09-04 23:21:05] [GATE-4-5] [INFO] Gate 4-5 Summary:
[2026-09-04 23:21:05] [GATE-4-5] [INFO]   Gate 4 (AP2 anchor):     PASS (4/4)
[2026-09-04 23:21:05] [GATE-4-5] [INFO]   Gate 5 (compliance):     PASS (4/5)
[2026-09-04 23:21:05] [GATE-4-5] [INFO]   Compliance Report:       compliance_check_1788556820.json
[2026-09-04 23:21:05] [GATE-4-5] [INFO] =========================================
[2026-09-04 23:21:05] [GATE-4-5] [INFO] Gate 4-5 PASSED: Session compliance verified, ready for shutdown
[2026-09-04 23:21:23] [GATE-4-5] [INFO] === Gate 4-5 Serial Verification ===
[2026-09-04 23:21:23] [GATE-4-5] [INFO] GATE 4: AP2 Merkle ledger anchoring...
[2026-09-04 23:21:23] [GATE-4-5] [INFO]   ✓ Collected      886 work receipts for Merkle tree
[2026-09-04 23:21:23] [GATE-4-5] [INFO]   ✓ AP2 Merkle tree entry created
[2026-09-04 23:21:23] [GATE-4-5] [INFO]   ✓ AP2 ledger entry integrity verified (SHA256: 20998b41e2a73377...)
[2026-09-04 23:21:23] [GATE-4-5] [WARN]   ⚠ Could not stage AP2 ledger for commit
[2026-09-04 23:21:23] [GATE-4-5] [INFO] GATE 5: Final compliance check...
[2026-09-04 23:22:06] [GATE-4-5] [INFO]   ✓ Git policy compliance verified
[2026-09-04 23:22:06] [GATE-4-5] [INFO]   ✓ Found 4/7 proof artifacts
[2026-09-04 23:22:06] [GATE-4-5] [INFO]   ✓ Evidence integrity verified (     901 files)
[2026-09-04 23:22:06] [GATE-4-5] [INFO]   ✓ Session validation passed (1788556926s duration)
[2026-09-04 23:22:06] [GATE-4-5] [INFO] Compliance report written to: /Users/andriileukhin/Documents/SovereignNexus/.smaos/compliance_check_1788556883.json
[2026-09-04 23:22:06] [GATE-4-5] [INFO] =========================================
[2026-09-04 23:22:06] [GATE-4-5] [INFO] Gate 4-5 Summary:
[2026-09-04 23:22:06] [GATE-4-5] [INFO]   Gate 4 (AP2 anchor):     PASS (3/4)
[2026-09-04 23:22:06] [GATE-4-5] [INFO]   Gate 5 (compliance):     PASS (4/5)
[2026-09-04 23:22:06] [GATE-4-5] [INFO]   Compliance Report:       compliance_check_1788556883.json
[2026-09-04 23:22:06] [GATE-4-5] [INFO] =========================================
[2026-09-04 23:22:06] [GATE-4-5] [INFO] Gate 4-5 PASSED: Session compliance verified, ready for shutdown
[2026-09-04 23:22:21] [GATE-4-5] [INFO] === Gate 4-5 Serial Verification ===
[2026-09-04 23:22:21] [GATE-4-5] [INFO] GATE 4: AP2 Merkle ledger anchoring...
[2026-09-04 23:22:21] [GATE-4-5] [INFO]   ✓ Collected      897 work receipts for Merkle tree
[2026-09-04 23:22:21] [GATE-4-5] [INFO]   ✓ AP2 Merkle tree entry created
[2026-09-04 23:22:21] [GATE-4-5] [INFO]   ✓ AP2 ledger entry integrity verified (SHA256: b5ae5abc21812d22...)
[2026-09-04 23:22:21] [GATE-4-5] [INFO]   ✓ AP2 ledger staged for commit
[2026-09-04 23:22:25] [GATE-4-5] [INFO]   ✓ AP2 ledger committed to git
[2026-09-04 23:22:25] [GATE-4-5] [INFO] GATE 5: Final compliance check...
[2026-09-04 23:23:03] [GATE-4-5] [INFO]   ✓ Git policy compliance verified
[2026-09-04 23:23:03] [GATE-4-5] [INFO]   ✓ Found 4/7 proof artifacts
[2026-09-04 23:23:03] [GATE-4-5] [INFO]   ✓ Evidence integrity verified (     907 files)
[2026-09-04 23:23:03] [GATE-4-5] [INFO]   ✓ Session validation passed (1788556983s duration)
[2026-09-04 23:23:03] [GATE-4-5] [INFO] Compliance report written to: /Users/andriileukhin/Documents/SovereignNexus/.smaos/compliance_check_1788556941.json
[2026-09-04 23:23:03] [GATE-4-5] [INFO] =========================================
[2026-09-04 23:23:03] [GATE-4-5] [INFO] Gate 4-5 Summary:
[2026-09-04 23:23:03] [GATE-4-5] [INFO]   Gate 4 (AP2 anchor):     PASS (4/4)
[2026-09-04 23:23:03] [GATE-4-5] [INFO]   Gate 5 (compliance):     PASS (4/5)
[2026-09-04 23:23:03] [GATE-4-5] [INFO]   Compliance Report:       compliance_check_1788556941.json
[2026-09-04 23:23:03] [GATE-4-5] [INFO] =========================================
[2026-09-04 23:23:03] [GATE-4-5] [INFO] Gate 4-5 PASSED: Session compliance verified, ready for shutdown
[2026-09-04 23:23:28] [GATE-4-5] [INFO] === Gate 4-5 Serial Verification ===
[2026-09-04 23:23:28] [GATE-4-5] [INFO] GATE 4: AP2 Merkle ledger anchoring...
[2026-09-04 23:23:28] [GATE-4-5] [INFO]   ✓ Collected      898 work receipts for Merkle tree
[2026-09-04 23:23:28] [GATE-4-5] [INFO]   ✓ AP2 Merkle tree entry created
[2026-09-04 23:23:28] [GATE-4-5] [INFO]   ✓ AP2 ledger entry integrity verified (SHA256: 587235907580c329...)
[2026-09-04 23:23:28] [GATE-4-5] [INFO]   ✓ AP2 ledger staged for commit
[2026-09-04 23:23:33] [GATE-4-5] [INFO]   ✓ AP2 ledger committed to git
[2026-09-04 23:23:33] [GATE-4-5] [INFO] GATE 5: Final compliance check...
[2026-09-04 23:24:11] [GATE-4-5] [INFO]   ✓ Git policy compliance verified
[2026-09-04 23:24:11] [GATE-4-5] [INFO]   ✓ Found 4/7 proof artifacts
[2026-09-04 23:24:11] [GATE-4-5] [INFO]   ✓ Evidence integrity verified (     907 files)
[2026-09-04 23:24:11] [GATE-4-5] [INFO]   ✓ Session validation passed (1788557051s duration)
[2026-09-04 23:24:11] [GATE-4-5] [INFO] Compliance report written to: /Users/andriileukhin/Documents/SovereignNexus/.smaos/compliance_check_1788557008.json
[2026-09-04 23:24:11] [GATE-4-5] [INFO] =========================================
[2026-09-04 23:24:11] [GATE-4-5] [INFO] Gate 4-5 Summary:
[2026-09-04 23:24:11] [GATE-4-5] [INFO]   Gate 4 (AP2 anchor):     PASS (4/4)
[2026-09-04 23:24:11] [GATE-4-5] [INFO]   Gate 5 (compliance):     PASS (4/5)
[2026-09-04 23:24:11] [GATE-4-5] [INFO]   Compliance Report:       compliance_check_1788557008.json
[2026-09-04 23:24:11] [GATE-4-5] [INFO] =========================================
[2026-09-04 23:24:11] [GATE-4-5] [INFO] Gate 4-5 PASSED: Session compliance verified, ready for shutdown
[2026-09-04 23:26:50] [GATE-4-5] [INFO] === Gate 4-5 Serial Verification ===
[2026-09-04 23:26:50] [GATE-4-5] [INFO] GATE 4: AP2 Merkle ledger anchoring...
[2026-09-04 23:26:50] [GATE-4-5] [INFO]   ✓ Collected      907 work receipts for Merkle tree
[2026-09-04 23:26:51] [GATE-4-5] [INFO]   ✓ AP2 Merkle tree entry created
[2026-09-04 23:26:51] [GATE-4-5] [INFO]   ✓ AP2 ledger entry integrity verified (SHA256: cb32e2d5fc7419b2...)
[2026-09-04 23:26:51] [GATE-4-5] [INFO]   ✓ AP2 ledger staged for commit
[2026-09-04 23:26:57] [GATE-4-5] [INFO]   ✓ AP2 ledger committed to git
[2026-09-04 23:26:57] [GATE-4-5] [INFO] GATE 5: Final compliance check...
[2026-09-04 23:27:34] [GATE-4-5] [INFO]   ✓ Git policy compliance verified
[2026-09-04 23:27:34] [GATE-4-5] [INFO]   ✓ Found 4/7 proof artifacts
[2026-09-04 23:27:34] [GATE-4-5] [INFO]   ✓ Evidence integrity verified (     916 files)
[2026-09-04 23:27:34] [GATE-4-5] [INFO]   ✓ Session validation passed (1788557254s duration)
[2026-09-04 23:27:34] [GATE-4-5] [INFO] Compliance report written to: /Users/andriileukhin/Documents/SovereignNexus/.smaos/compliance_check_1788557210.json
[2026-09-04 23:27:34] [GATE-4-5] [INFO] =========================================
[2026-09-04 23:27:34] [GATE-4-5] [INFO] Gate 4-5 Summary:
[2026-09-04 23:27:34] [GATE-4-5] [INFO]   Gate 4 (AP2 anchor):     PASS (4/4)
[2026-09-04 23:27:34] [GATE-4-5] [INFO]   Gate 5 (compliance):     PASS (4/5)
[2026-09-04 23:27:34] [GATE-4-5] [INFO]   Compliance Report:       compliance_check_1788557210.json
[2026-09-04 23:27:34] [GATE-4-5] [INFO] =========================================
[2026-09-04 23:27:34] [GATE-4-5] [INFO] Gate 4-5 PASSED: Session compliance verified, ready for shutdown
[2026-09-04 23:32:21] [GATE-4-5] [INFO] === Gate 4-5 Serial Verification ===
[2026-09-04 23:32:21] [GATE-4-5] [INFO] GATE 4: AP2 Merkle ledger anchoring...
[2026-09-04 23:32:21] [GATE-4-5] [INFO]   ✓ Collected      907 work receipts for Merkle tree
[2026-09-04 23:32:21] [GATE-4-5] [INFO]   ✓ AP2 Merkle tree entry created
[2026-09-04 23:32:21] [GATE-4-5] [INFO]   ✓ AP2 ledger entry integrity verified (SHA256: 19bef761363eab5d...)
[2026-09-04 23:32:21] [GATE-4-5] [INFO]   ✓ AP2 ledger staged for commit
[2026-09-04 23:32:23] [GATE-4-5] [INFO]   ✓ AP2 ledger committed to git
[2026-09-04 23:32:23] [GATE-4-5] [INFO] GATE 5: Final compliance check...
[2026-09-04 23:33:02] [GATE-4-5] [INFO]   ✓ Git policy compliance verified
[2026-09-04 23:33:02] [GATE-4-5] [INFO]   ✓ Found 4/7 proof artifacts
[2026-09-04 23:33:02] [GATE-4-5] [INFO]   ✓ Evidence integrity verified (     916 files)
[2026-09-04 23:33:02] [GATE-4-5] [INFO]   ✓ Session validation passed (1788557582s duration)
[2026-09-04 23:33:02] [GATE-4-5] [INFO] Compliance report written to: /Users/andriileukhin/Documents/SovereignNexus/.smaos/compliance_check_1788557541.json
[2026-09-04 23:33:02] [GATE-4-5] [INFO] =========================================
[2026-09-04 23:33:02] [GATE-4-5] [INFO] Gate 4-5 Summary:
[2026-09-04 23:33:02] [GATE-4-5] [INFO]   Gate 4 (AP2 anchor):     PASS (4/4)
[2026-09-04 23:33:02] [GATE-4-5] [INFO]   Gate 5 (compliance):     PASS (4/5)
[2026-09-04 23:33:02] [GATE-4-5] [INFO]   Compliance Report:       compliance_check_1788557541.json
[2026-09-04 23:33:02] [GATE-4-5] [INFO] =========================================
[2026-09-04 23:33:02] [GATE-4-5] [INFO] Gate 4-5 PASSED: Session compliance verified, ready for shutdown
[2026-09-04 23:33:18] [GATE-4-5] [INFO] === Gate 4-5 Serial Verification ===
[2026-09-04 23:33:18] [GATE-4-5] [INFO] GATE 4: AP2 Merkle ledger anchoring...
[2026-09-04 23:33:18] [GATE-4-5] [INFO]   ✓ Collected      907 work receipts for Merkle tree
[2026-09-04 23:33:18] [GATE-4-5] [INFO]   ✓ AP2 Merkle tree entry created
[2026-09-04 23:33:18] [GATE-4-5] [INFO]   ✓ AP2 ledger entry integrity verified (SHA256: f2ef856473774a32...)
[2026-09-04 23:33:18] [GATE-4-5] [INFO]   ✓ AP2 ledger staged for commit
[2026-09-04 23:33:24] [GATE-4-5] [INFO]   ✓ AP2 ledger committed to git
[2026-09-04 23:33:24] [GATE-4-5] [INFO] GATE 5: Final compliance check...
[2026-09-04 23:34:02] [GATE-4-5] [INFO]   ✓ Git policy compliance verified
[2026-09-04 23:34:02] [GATE-4-5] [INFO]   ✓ Found 4/7 proof artifacts
[2026-09-04 23:34:02] [GATE-4-5] [INFO]   ✓ Evidence integrity verified (     916 files)
[2026-09-04 23:34:02] [GATE-4-5] [INFO]   ✓ Session validation passed (1788557642s duration)
[2026-09-04 23:34:02] [GATE-4-5] [INFO] Compliance report written to: /Users/andriileukhin/Documents/SovereignNexus/.smaos/compliance_check_1788557598.json
[2026-09-04 23:34:02] [GATE-4-5] [INFO] =========================================
[2026-09-04 23:34:02] [GATE-4-5] [INFO] Gate 4-5 Summary:
[2026-09-04 23:34:02] [GATE-4-5] [INFO]   Gate 4 (AP2 anchor):     PASS (4/4)
[2026-09-04 23:34:02] [GATE-4-5] [INFO]   Gate 5 (compliance):     PASS (4/5)
[2026-09-04 23:34:02] [GATE-4-5] [INFO]   Compliance Report:       compliance_check_1788557598.json
[2026-09-04 23:34:02] [GATE-4-5] [INFO] =========================================
[2026-09-04 23:34:02] [GATE-4-5] [INFO] Gate 4-5 PASSED: Session compliance verified, ready for shutdown
[2026-09-04 23:39:36] [GATE-4-5] [INFO] === Gate 4-5 Serial Verification ===
[2026-09-04 23:39:36] [GATE-4-5] [INFO] GATE 4: AP2 Merkle ledger anchoring...
[2026-09-04 23:39:36] [GATE-4-5] [INFO]   ✓ Collected      915 work receipts for Merkle tree
[2026-09-04 23:39:36] [GATE-4-5] [INFO]   ✓ AP2 Merkle tree entry created
[2026-09-04 23:39:36] [GATE-4-5] [INFO]   ✓ AP2 ledger entry integrity verified (SHA256: d20b5c942c3692b4...)
[2026-09-04 23:39:36] [GATE-4-5] [INFO]   ✓ AP2 ledger staged for commit
[2026-09-04 23:39:42] [GATE-4-5] [INFO]   ✓ AP2 ledger committed to git
[2026-09-04 23:39:42] [GATE-4-5] [INFO] GATE 5: Final compliance check...
[2026-09-05 00:55:34] [GATE-4-5] [INFO] === Gate 4-5 Serial Verification ===
[2026-09-05 00:55:34] [GATE-4-5] [INFO] GATE 4: AP2 Merkle ledger anchoring...
[2026-09-05 00:55:34] [GATE-4-5] [INFO]   ✓ Collected      915 work receipts for Merkle tree
[2026-09-05 00:55:34] [GATE-4-5] [INFO]   ✓ AP2 Merkle tree entry created
[2026-09-05 00:55:34] [GATE-4-5] [INFO]   ✓ AP2 ledger entry integrity verified (SHA256: 1e0c708b943ee53b...)
[2026-09-05 00:55:34] [GATE-4-5] [INFO]   ✓ AP2 ledger staged for commit
[2026-09-05 00:55:40] [GATE-4-5] [INFO]   ✓ AP2 ledger committed to git
[2026-09-05 00:55:40] [GATE-4-5] [INFO] GATE 5: Final compliance check...
[2026-09-05 00:56:16] [GATE-4-5] [INFO]   ✓ Git policy compliance verified
[2026-09-05 00:56:16] [GATE-4-5] [INFO]   ✓ Found 4/7 proof artifacts
[2026-09-05 00:56:16] [GATE-4-5] [INFO]   ✓ Evidence integrity verified (     924 files)
[2026-09-05 00:56:16] [GATE-4-5] [INFO]   ✓ Session validation passed (1788562576s duration)
[2026-09-05 00:56:16] [GATE-4-5] [INFO] Compliance report written to: /Users/andriileukhin/Documents/SovereignNexus/.smaos/compliance_check_1788562534.json
[2026-09-05 00:56:16] [GATE-4-5] [INFO] =========================================
[2026-09-05 00:56:16] [GATE-4-5] [INFO] Gate 4-5 Summary:
[2026-09-05 00:56:16] [GATE-4-5] [INFO]   Gate 4 (AP2 anchor):     PASS (4/4)
[2026-09-05 00:56:16] [GATE-4-5] [INFO]   Gate 5 (compliance):     PASS (4/5)
[2026-09-05 00:56:16] [GATE-4-5] [INFO]   Compliance Report:       compliance_check_1788562534.json
[2026-09-05 00:56:16] [GATE-4-5] [INFO] =========================================
[2026-09-05 00:56:16] [GATE-4-5] [INFO] Gate 4-5 PASSED: Session compliance verified, ready for shutdown
[2026-09-05 00:57:26] [GATE-4-5] [INFO] === Gate 4-5 Serial Verification ===
[2026-09-05 00:57:26] [GATE-4-5] [INFO] GATE 4: AP2 Merkle ledger anchoring...
[2026-09-05 00:57:26] [GATE-4-5] [INFO]   ✓ Collected      919 work receipts for Merkle tree
[2026-09-05 00:57:26] [GATE-4-5] [INFO]   ✓ AP2 Merkle tree entry created
[2026-09-05 00:57:26] [GATE-4-5] [INFO]   ✓ AP2 ledger entry integrity verified (SHA256: ca99e5dc2c0ce775...)
[2026-09-05 00:57:26] [GATE-4-5] [WARN]   ⚠ Could not stage AP2 ledger for commit
[2026-09-05 00:57:26] [GATE-4-5] [INFO] GATE 5: Final compliance check...
[2026-09-05 00:58:04] [GATE-4-5] [INFO]   ✓ Git policy compliance verified
[2026-09-05 00:58:04] [GATE-4-5] [INFO]   ✓ Found 4/7 proof artifacts
[2026-09-05 00:58:04] [GATE-4-5] [INFO]   ✓ Evidence integrity verified (     932 files)
[2026-09-05 00:58:04] [GATE-4-5] [INFO]   ✓ Session validation passed (1788562684s duration)
[2026-09-05 00:58:04] [GATE-4-5] [INFO] Compliance report written to: /Users/andriileukhin/Documents/SovereignNexus/.smaos/compliance_check_1788562646.json
[2026-09-05 00:58:04] [GATE-4-5] [INFO] =========================================
[2026-09-05 00:58:04] [GATE-4-5] [INFO] Gate 4-5 Summary:
[2026-09-05 00:58:04] [GATE-4-5] [INFO]   Gate 4 (AP2 anchor):     PASS (3/4)
[2026-09-05 00:58:04] [GATE-4-5] [INFO]   Gate 5 (compliance):     PASS (4/5)
[2026-09-05 00:58:04] [GATE-4-5] [INFO]   Compliance Report:       compliance_check_1788562646.json
[2026-09-05 00:58:04] [GATE-4-5] [INFO] =========================================
[2026-09-05 00:58:04] [GATE-4-5] [INFO] Gate 4-5 PASSED: Session compliance verified, ready for shutdown
[2026-09-05 00:58:14] [GATE-4-5] [INFO] === Gate 4-5 Serial Verification ===
[2026-09-05 00:58:14] [GATE-4-5] [INFO] GATE 4: AP2 Merkle ledger anchoring...
[2026-09-05 00:58:14] [GATE-4-5] [INFO]   ✓ Collected      923 work receipts for Merkle tree
[2026-09-05 00:58:14] [GATE-4-5] [INFO]   ✓ AP2 Merkle tree entry created
[2026-09-05 00:58:14] [GATE-4-5] [INFO]   ✓ AP2 ledger entry integrity verified (SHA256: ab3b920343e88a59...)
[2026-09-05 00:58:14] [GATE-4-5] [INFO]   ✓ AP2 ledger staged for commit
[2026-09-05 00:58:21] [GATE-4-5] [INFO]   ✓ AP2 ledger committed to git
[2026-09-05 00:58:21] [GATE-4-5] [INFO] GATE 5: Final compliance check...
[2026-09-05 00:58:58] [GATE-4-5] [INFO]   ✓ Git policy compliance verified
[2026-09-05 00:58:58] [GATE-4-5] [INFO]   ✓ Found 4/7 proof artifacts
[2026-09-05 00:58:58] [GATE-4-5] [INFO]   ✓ Evidence integrity verified (     934 files)
[2026-09-05 00:58:58] [GATE-4-5] [INFO]   ✓ Session validation passed (1788562738s duration)
[2026-09-05 00:58:58] [GATE-4-5] [INFO] Compliance report written to: /Users/andriileukhin/Documents/SovereignNexus/.smaos/compliance_check_1788562694.json
[2026-09-05 00:58:58] [GATE-4-5] [INFO] =========================================
[2026-09-05 00:58:58] [GATE-4-5] [INFO] Gate 4-5 Summary:
[2026-09-05 00:58:58] [GATE-4-5] [INFO]   Gate 4 (AP2 anchor):     PASS (4/4)
[2026-09-05 00:58:58] [GATE-4-5] [INFO]   Gate 5 (compliance):     PASS (4/5)
[2026-09-05 00:58:58] [GATE-4-5] [INFO]   Compliance Report:       compliance_check_1788562694.json
[2026-09-05 00:58:58] [GATE-4-5] [INFO] =========================================
[2026-09-05 00:58:58] [GATE-4-5] [INFO] Gate 4-5 PASSED: Session compliance verified, ready for shutdown
[2026-09-05 00:59:20] [GATE-4-5] [INFO] === Gate 4-5 Serial Verification ===
[2026-09-05 00:59:20] [GATE-4-5] [INFO] GATE 4: AP2 Merkle ledger anchoring...
[2026-09-05 00:59:20] [GATE-4-5] [INFO]   ✓ Collected      926 work receipts for Merkle tree
[2026-09-05 00:59:21] [GATE-4-5] [INFO]   ✓ AP2 Merkle tree entry created
[2026-09-05 00:59:21] [GATE-4-5] [INFO]   ✓ AP2 ledger entry integrity verified (SHA256: 5b36bb6b9926df04...)
[2026-09-05 00:59:21] [GATE-4-5] [INFO]   ✓ AP2 ledger staged for commit
[2026-09-05 00:59:27] [GATE-4-5] [INFO]   ✓ AP2 ledger committed to git
[2026-09-05 00:59:27] [GATE-4-5] [INFO] GATE 5: Final compliance check...
[2026-09-05 01:00:06] [GATE-4-5] [INFO]   ✓ Git policy compliance verified
[2026-09-05 01:00:06] [GATE-4-5] [INFO]   ✓ Found 4/7 proof artifacts
[2026-09-05 01:00:06] [GATE-4-5] [INFO]   ✓ Evidence integrity verified (     937 files)
[2026-09-05 01:00:06] [GATE-4-5] [INFO]   ✓ Session validation passed (1788562806s duration)
[2026-09-05 01:00:06] [GATE-4-5] [INFO] Compliance report written to: /Users/andriileukhin/Documents/SovereignNexus/.smaos/compliance_check_1788562760.json
[2026-09-05 01:00:06] [GATE-4-5] [INFO] =========================================
[2026-09-05 01:00:06] [GATE-4-5] [INFO] Gate 4-5 Summary:
[2026-09-05 01:00:06] [GATE-4-5] [INFO]   Gate 4 (AP2 anchor):     PASS (4/4)
[2026-09-05 01:00:06] [GATE-4-5] [INFO]   Gate 5 (compliance):     PASS (4/5)
[2026-09-05 01:00:06] [GATE-4-5] [INFO]   Compliance Report:       compliance_check_1788562760.json
[2026-09-05 01:00:06] [GATE-4-5] [INFO] =========================================
[2026-09-05 01:00:06] [GATE-4-5] [INFO] Gate 4-5 PASSED: Session compliance verified, ready for shutdown
[2026-09-05 01:00:24] [GATE-4-5] [INFO] === Gate 4-5 Serial Verification ===
[2026-09-05 01:00:24] [GATE-4-5] [INFO] GATE 4: AP2 Merkle ledger anchoring...
[2026-09-05 01:00:24] [GATE-4-5] [INFO]   ✓ Collected      929 work receipts for Merkle tree
[2026-09-05 01:00:24] [GATE-4-5] [INFO]   ✓ AP2 Merkle tree entry created
[2026-09-05 01:00:24] [GATE-4-5] [INFO]   ✓ AP2 ledger entry integrity verified (SHA256: 3aad4638b35acd6c...)
[2026-09-05 01:00:24] [GATE-4-5] [INFO]   ✓ AP2 ledger staged for commit
[2026-09-05 01:00:30] [GATE-4-5] [INFO]   ✓ AP2 ledger committed to git
[2026-09-05 01:00:30] [GATE-4-5] [INFO] GATE 5: Final compliance check...
[2026-09-05 01:01:07] [GATE-4-5] [INFO]   ✓ Git policy compliance verified
[2026-09-05 01:01:07] [GATE-4-5] [INFO]   ✓ Found 4/7 proof artifacts
[2026-09-05 01:01:07] [GATE-4-5] [INFO]   ✓ Evidence integrity verified (     938 files)
[2026-09-05 01:01:07] [GATE-4-5] [INFO]   ✓ Session validation passed (1788562867s duration)
[2026-09-05 01:01:07] [GATE-4-5] [INFO] Compliance report written to: /Users/andriileukhin/Documents/SovereignNexus/.smaos/compliance_check_1788562824.json
[2026-09-05 01:01:07] [GATE-4-5] [INFO] =========================================
[2026-09-05 01:01:07] [GATE-4-5] [INFO] Gate 4-5 Summary:
[2026-09-05 01:01:07] [GATE-4-5] [INFO]   Gate 4 (AP2 anchor):     PASS (4/4)
[2026-09-05 01:01:07] [GATE-4-5] [INFO]   Gate 5 (compliance):     PASS (4/5)
[2026-09-05 01:01:07] [GATE-4-5] [INFO]   Compliance Report:       compliance_check_1788562824.json
[2026-09-05 01:01:07] [GATE-4-5] [INFO] =========================================
[2026-09-05 01:01:07] [GATE-4-5] [INFO] Gate 4-5 PASSED: Session compliance verified, ready for shutdown
[2026-09-05 01:01:59] [GATE-4-5] [INFO] === Gate 4-5 Serial Verification ===
[2026-09-05 01:01:59] [GATE-4-5] [INFO] GATE 4: AP2 Merkle ledger anchoring...
[2026-09-05 01:01:59] [GATE-4-5] [INFO]   ✓ Collected      935 work receipts for Merkle tree
[2026-09-05 01:01:59] [GATE-4-5] [INFO]   ✓ AP2 Merkle tree entry created
[2026-09-05 01:01:59] [GATE-4-5] [INFO]   ✓ AP2 ledger entry integrity verified (SHA256: 66deb75672321c43...)
[2026-09-05 01:01:59] [GATE-4-5] [INFO]   ✓ AP2 ledger staged for commit
[2026-09-05 01:02:05] [GATE-4-5] [INFO]   ✓ AP2 ledger committed to git
[2026-09-05 01:02:05] [GATE-4-5] [INFO] GATE 5: Final compliance check...
[2026-09-05 01:02:42] [GATE-4-5] [INFO]   ✓ Git policy compliance verified
[2026-09-05 01:02:42] [GATE-4-5] [INFO]   ✓ Found 4/7 proof artifacts
[2026-09-05 01:02:42] [GATE-4-5] [INFO]   ✓ Evidence integrity verified (     945 files)
[2026-09-05 01:02:42] [GATE-4-5] [INFO]   ✓ Session validation passed (1788562962s duration)
[2026-09-05 01:02:42] [GATE-4-5] [INFO] Compliance report written to: /Users/andriileukhin/Documents/SovereignNexus/.smaos/compliance_check_1788562919.json
[2026-09-05 01:02:42] [GATE-4-5] [INFO] =========================================
[2026-09-05 01:02:42] [GATE-4-5] [INFO] Gate 4-5 Summary:
[2026-09-05 01:02:42] [GATE-4-5] [INFO]   Gate 4 (AP2 anchor):     PASS (4/4)
[2026-09-05 01:02:42] [GATE-4-5] [INFO]   Gate 5 (compliance):     PASS (4/5)
[2026-09-05 01:02:42] [GATE-4-5] [INFO]   Compliance Report:       compliance_check_1788562919.json
[2026-09-05 01:02:42] [GATE-4-5] [INFO] =========================================
[2026-09-05 01:02:42] [GATE-4-5] [INFO] Gate 4-5 PASSED: Session compliance verified, ready for shutdown
[2026-09-05 01:03:58] [GATE-4-5] [INFO] === Gate 4-5 Serial Verification ===
[2026-09-05 01:03:58] [GATE-4-5] [INFO] GATE 4: AP2 Merkle ledger anchoring...
[2026-09-05 01:03:58] [GATE-4-5] [INFO]   ✓ Collected      940 work receipts for Merkle tree
[2026-09-05 01:03:59] [GATE-4-5] [INFO]   ✓ AP2 Merkle tree entry created
[2026-09-05 01:03:59] [GATE-4-5] [INFO]   ✓ AP2 ledger entry integrity verified (SHA256: 5372bc2a7cf723b2...)
[2026-09-05 01:03:59] [GATE-4-5] [INFO]   ✓ AP2 ledger staged for commit
[2026-09-05 01:04:05] [GATE-4-5] [INFO]   ✓ AP2 ledger committed to git
[2026-09-05 01:04:05] [GATE-4-5] [INFO] GATE 5: Final compliance check...
[2026-09-05 01:04:41] [GATE-4-5] [INFO]   ✓ Git policy compliance verified
[2026-09-05 01:04:41] [GATE-4-5] [INFO]   ✓ Found 4/7 proof artifacts
[2026-09-05 01:04:41] [GATE-4-5] [INFO]   ✓ Evidence integrity verified (     949 files)
[2026-09-05 01:04:41] [GATE-4-5] [INFO]   ✓ Session validation passed (1788563081s duration)
[2026-09-05 01:04:41] [GATE-4-5] [INFO] Compliance report written to: /Users/andriileukhin/Documents/SovereignNexus/.smaos/compliance_check_1788563038.json
[2026-09-05 01:04:41] [GATE-4-5] [INFO] =========================================
[2026-09-05 01:04:41] [GATE-4-5] [INFO] Gate 4-5 Summary:
[2026-09-05 01:04:41] [GATE-4-5] [INFO]   Gate 4 (AP2 anchor):     PASS (4/4)
[2026-09-05 01:04:42] [GATE-4-5] [INFO]   Gate 5 (compliance):     PASS (4/5)
[2026-09-05 01:04:42] [GATE-4-5] [INFO]   Compliance Report:       compliance_check_1788563038.json
[2026-09-05 01:04:42] [GATE-4-5] [INFO] =========================================
[2026-09-05 01:04:42] [GATE-4-5] [INFO] Gate 4-5 PASSED: Session compliance verified, ready for shutdown
[2026-09-05 01:07:29] [GATE-4-5] [INFO] === Gate 4-5 Serial Verification ===
[2026-09-05 01:07:29] [GATE-4-5] [INFO] GATE 4: AP2 Merkle ledger anchoring...
[2026-09-05 01:07:29] [GATE-4-5] [INFO]   ✓ Collected      941 work receipts for Merkle tree
[2026-09-05 01:07:29] [GATE-4-5] [INFO]   ✓ AP2 Merkle tree entry created
[2026-09-05 01:07:29] [GATE-4-5] [INFO]   ✓ AP2 ledger entry integrity verified (SHA256: 38d5df7d9647a752...)
[2026-09-05 01:07:29] [GATE-4-5] [INFO]   ✓ AP2 ledger staged for commit
[2026-09-05 01:07:35] [GATE-4-5] [INFO]   ✓ AP2 ledger committed to git
[2026-09-05 01:07:35] [GATE-4-5] [INFO] GATE 5: Final compliance check...
[2026-09-05 01:08:11] [GATE-4-5] [INFO]   ✓ Git policy compliance verified
[2026-09-05 01:08:11] [GATE-4-5] [INFO]   ✓ Found 4/7 proof artifacts
[2026-09-05 01:08:11] [GATE-4-5] [INFO]   ✓ Evidence integrity verified (     950 files)
[2026-09-05 01:08:11] [GATE-4-5] [INFO]   ✓ Session validation passed (1788563291s duration)
[2026-09-05 01:08:11] [GATE-4-5] [INFO] Compliance report written to: /Users/andriileukhin/Documents/SovereignNexus/.smaos/compliance_check_1788563249.json
[2026-09-05 01:08:11] [GATE-4-5] [INFO] =========================================
[2026-09-05 01:08:11] [GATE-4-5] [INFO] Gate 4-5 Summary:
[2026-09-05 01:08:11] [GATE-4-5] [INFO]   Gate 4 (AP2 anchor):     PASS (4/4)
[2026-09-05 01:08:11] [GATE-4-5] [INFO]   Gate 5 (compliance):     PASS (4/5)
[2026-09-05 01:08:11] [GATE-4-5] [INFO]   Compliance Report:       compliance_check_1788563249.json
[2026-09-05 01:08:11] [GATE-4-5] [INFO] =========================================
[2026-09-05 01:08:11] [GATE-4-5] [INFO] Gate 4-5 PASSED: Session compliance verified, ready for shutdown
[2026-09-05 01:09:47] [GATE-4-5] [INFO] === Gate 4-5 Serial Verification ===
[2026-09-05 01:09:47] [GATE-4-5] [INFO] GATE 4: AP2 Merkle ledger anchoring...
[2026-09-05 01:09:47] [GATE-4-5] [INFO]   ✓ Collected      951 work receipts for Merkle tree
[2026-09-05 01:09:48] [GATE-4-5] [INFO]   ✓ AP2 Merkle tree entry created
[2026-09-05 01:09:48] [GATE-4-5] [INFO]   ✓ AP2 ledger entry integrity verified (SHA256: 4b952f56a7521b98...)
[2026-09-05 01:09:48] [GATE-4-5] [INFO]   ✓ AP2 ledger staged for commit
[2026-09-05 01:09:56] [GATE-4-5] [INFO]   ✓ AP2 ledger committed to git
[2026-09-05 01:09:56] [GATE-4-5] [INFO] GATE 5: Final compliance check...
[2026-09-05 01:10:35] [GATE-4-5] [INFO]   ✓ Git policy compliance verified
[2026-09-05 01:10:35] [GATE-4-5] [INFO]   ✓ Found 4/7 proof artifacts
[2026-09-05 01:10:35] [GATE-4-5] [INFO]   ✓ Evidence integrity verified (     975 files)
[2026-09-05 01:10:35] [GATE-4-5] [INFO]   ✓ Session validation passed (1788563435s duration)
[2026-09-05 01:10:35] [GATE-4-5] [INFO] Compliance report written to: /Users/andriileukhin/Documents/SovereignNexus/.smaos/compliance_check_1788563387.json
[2026-09-05 01:10:35] [GATE-4-5] [INFO] =========================================
[2026-09-05 01:10:35] [GATE-4-5] [INFO] Gate 4-5 Summary:
[2026-09-05 01:10:35] [GATE-4-5] [INFO]   Gate 4 (AP2 anchor):     PASS (4/4)
[2026-09-05 01:10:35] [GATE-4-5] [INFO]   Gate 5 (compliance):     PASS (4/5)
[2026-09-05 01:10:35] [GATE-4-5] [INFO]   Compliance Report:       compliance_check_1788563387.json
[2026-09-05 01:10:35] [GATE-4-5] [INFO] =========================================
[2026-09-05 01:10:35] [GATE-4-5] [INFO] Gate 4-5 PASSED: Session compliance verified, ready for shutdown
[2026-09-05 01:13:19] [GATE-4-5] [INFO] === Gate 4-5 Serial Verification ===
[2026-09-05 01:13:19] [GATE-4-5] [INFO] GATE 4: AP2 Merkle ledger anchoring...
[2026-09-05 01:13:19] [GATE-4-5] [INFO]   ✓ Collected     1019 work receipts for Merkle tree
[2026-09-05 01:13:19] [GATE-4-5] [INFO]   ✓ AP2 Merkle tree entry created
[2026-09-05 01:13:19] [GATE-4-5] [INFO]   ✓ AP2 ledger entry integrity verified (SHA256: a2f1be7acac75b17...)
[2026-09-05 01:13:19] [GATE-4-5] [WARN]   ⚠ Could not stage AP2 ledger for commit
[2026-09-05 01:13:19] [GATE-4-5] [INFO] GATE 5: Final compliance check...
[2026-09-05 01:13:57] [GATE-4-5] [INFO]   ✓ Git policy compliance verified
[2026-09-05 01:13:57] [GATE-4-5] [INFO]   ✓ Found 4/7 proof artifacts
[2026-09-05 01:13:57] [GATE-4-5] [INFO]   ✓ Evidence integrity verified (    1034 files)
[2026-09-05 01:13:57] [GATE-4-5] [INFO]   ✓ Session validation passed (1788563637s duration)
[2026-09-05 01:13:57] [GATE-4-5] [INFO] Compliance report written to: /Users/andriileukhin/Documents/SovereignNexus/.smaos/compliance_check_1788563599.json
[2026-09-05 01:13:57] [GATE-4-5] [INFO] =========================================
[2026-09-05 01:13:57] [GATE-4-5] [INFO] Gate 4-5 Summary:
[2026-09-05 01:13:57] [GATE-4-5] [INFO]   Gate 4 (AP2 anchor):     PASS (3/4)
[2026-09-05 01:13:57] [GATE-4-5] [INFO]   Gate 5 (compliance):     PASS (4/5)
[2026-09-05 01:13:57] [GATE-4-5] [INFO]   Compliance Report:       compliance_check_1788563599.json
[2026-09-05 01:13:57] [GATE-4-5] [INFO] =========================================
[2026-09-05 01:13:57] [GATE-4-5] [INFO] Gate 4-5 PASSED: Session compliance verified, ready for shutdown
[2026-09-05 01:14:22] [GATE-4-5] [INFO] === Gate 4-5 Serial Verification ===
[2026-09-05 01:14:22] [GATE-4-5] [INFO] GATE 4: AP2 Merkle ledger anchoring...
[2026-09-05 01:14:22] [GATE-4-5] [INFO]   ✓ Collected     1032 work receipts for Merkle tree
[2026-09-05 01:14:23] [GATE-4-5] [INFO]   ✓ AP2 Merkle tree entry created
[2026-09-05 01:14:23] [GATE-4-5] [INFO]   ✓ AP2 ledger entry integrity verified (SHA256: 515530c43da507a2...)
[2026-09-05 01:14:23] [GATE-4-5] [WARN]   ⚠ Could not stage AP2 ledger for commit
[2026-09-05 01:14:23] [GATE-4-5] [INFO] GATE 5: Final compliance check...
[2026-09-05 01:15:00] [GATE-4-5] [INFO]   ✓ Git policy compliance verified
[2026-09-05 01:15:00] [GATE-4-5] [INFO]   ✓ Found 4/7 proof artifacts
[2026-09-05 01:15:00] [GATE-4-5] [INFO]   ✓ Evidence integrity verified (    1049 files)
[2026-09-05 01:15:00] [GATE-4-5] [INFO]   ✓ Session validation passed (1788563700s duration)
[2026-09-05 01:15:00] [GATE-4-5] [INFO] Compliance report written to: /Users/andriileukhin/Documents/SovereignNexus/.smaos/compliance_check_1788563662.json
[2026-09-05 01:15:00] [GATE-4-5] [INFO] =========================================
[2026-09-05 01:15:00] [GATE-4-5] [INFO] Gate 4-5 Summary:
[2026-09-05 01:15:00] [GATE-4-5] [INFO]   Gate 4 (AP2 anchor):     PASS (3/4)
[2026-09-05 01:15:00] [GATE-4-5] [INFO]   Gate 5 (compliance):     PASS (4/5)
[2026-09-05 01:15:00] [GATE-4-5] [INFO]   Compliance Report:       compliance_check_1788563662.json
[2026-09-05 01:15:00] [GATE-4-5] [INFO] =========================================
[2026-09-05 01:15:00] [GATE-4-5] [INFO] Gate 4-5 PASSED: Session compliance verified, ready for shutdown
[2026-09-05 01:23:20] [GATE-4-5] [INFO] === Gate 4-5 Serial Verification ===
[2026-09-05 01:23:20] [GATE-4-5] [INFO] GATE 4: AP2 Merkle ledger anchoring...
[2026-09-05 01:23:20] [GATE-4-5] [INFO]   ✓ Collected     1100 work receipts for Merkle tree
[2026-09-05 01:23:20] [GATE-4-5] [INFO]   ✓ AP2 Merkle tree entry created
[2026-09-05 01:23:20] [GATE-4-5] [INFO]   ✓ AP2 ledger entry integrity verified (SHA256: aef8b9f7a39bd647...)
[2026-09-05 01:23:20] [GATE-4-5] [INFO]   ✓ AP2 ledger staged for commit
[2026-09-05 01:23:21] [GATE-4-5] [INFO]   ✓ AP2 ledger committed to git
[2026-09-05 01:23:21] [GATE-4-5] [INFO] GATE 5: Final compliance check...
[2026-09-05 01:23:58] [GATE-4-5] [INFO]   ✓ Git policy compliance verified
[2026-09-05 01:23:58] [GATE-4-5] [INFO]   ✓ Found 4/7 proof artifacts
[2026-09-05 01:23:58] [GATE-4-5] [INFO]   ✓ Evidence integrity verified (    1109 files)
[2026-09-05 01:23:58] [GATE-4-5] [INFO]   ✓ Session validation passed (1788564238s duration)
[2026-09-05 01:23:58] [GATE-4-5] [INFO] Compliance report written to: /Users/andriileukhin/Documents/SovereignNexus/.smaos/compliance_check_1788564200.json
[2026-09-05 01:23:58] [GATE-4-5] [INFO] =========================================
[2026-09-05 01:23:58] [GATE-4-5] [INFO] Gate 4-5 Summary:
[2026-09-05 01:23:58] [GATE-4-5] [INFO]   Gate 4 (AP2 anchor):     PASS (4/4)
[2026-09-05 01:23:58] [GATE-4-5] [INFO]   Gate 5 (compliance):     PASS (4/5)
[2026-09-05 01:23:58] [GATE-4-5] [INFO]   Compliance Report:       compliance_check_1788564200.json
[2026-09-05 01:23:58] [GATE-4-5] [INFO] =========================================
[2026-09-05 01:23:58] [GATE-4-5] [INFO] Gate 4-5 PASSED: Session compliance verified, ready for shutdown
[2026-09-05 01:24:16] [GATE-4-5] [INFO] === Gate 4-5 Serial Verification ===
[2026-09-05 01:24:16] [GATE-4-5] [INFO] GATE 4: AP2 Merkle ledger anchoring...
[2026-09-05 01:24:16] [GATE-4-5] [INFO]   ✓ Collected     1100 work receipts for Merkle tree
[2026-09-05 01:24:16] [GATE-4-5] [INFO]   ✓ AP2 Merkle tree entry created
[2026-09-05 01:24:16] [GATE-4-5] [INFO]   ✓ AP2 ledger entry integrity verified (SHA256: 51f8095bf7796c7f...)
[2026-09-05 01:24:16] [GATE-4-5] [INFO]   ✓ AP2 ledger staged for commit
[2026-09-05 01:24:17] [GATE-4-5] [INFO]   ✓ AP2 ledger committed to git
[2026-09-05 01:24:17] [GATE-4-5] [INFO] GATE 5: Final compliance check...
[2026-09-05 01:24:54] [GATE-4-5] [INFO]   ✓ Git policy compliance verified
[2026-09-05 01:24:54] [GATE-4-5] [INFO]   ✓ Found 4/7 proof artifacts
[2026-09-05 01:24:54] [GATE-4-5] [INFO]   ✓ Evidence integrity verified (    1109 files)
[2026-09-05 01:24:54] [GATE-4-5] [INFO]   ✓ Session validation passed (1788564294s duration)
[2026-09-05 01:24:54] [GATE-4-5] [INFO] Compliance report written to: /Users/andriileukhin/Documents/SovereignNexus/.smaos/compliance_check_1788564256.json
[2026-09-05 01:24:54] [GATE-4-5] [INFO] =========================================
[2026-09-05 01:24:54] [GATE-4-5] [INFO] Gate 4-5 Summary:
[2026-09-05 01:24:54] [GATE-4-5] [INFO]   Gate 4 (AP2 anchor):     PASS (4/4)
[2026-09-05 01:24:54] [GATE-4-5] [INFO]   Gate 5 (compliance):     PASS (4/5)
[2026-09-05 01:24:54] [GATE-4-5] [INFO]   Compliance Report:       compliance_check_1788564256.json
[2026-09-05 01:24:54] [GATE-4-5] [INFO] =========================================
[2026-09-05 01:24:54] [GATE-4-5] [INFO] Gate 4-5 PASSED: Session compliance verified, ready for shutdown
[2026-09-05 01:27:58] [GATE-4-5] [INFO] === Gate 4-5 Serial Verification ===
[2026-09-05 01:27:58] [GATE-4-5] [INFO] GATE 4: AP2 Merkle ledger anchoring...
[2026-09-05 01:27:58] [GATE-4-5] [INFO]   ✓ Collected     1106 work receipts for Merkle tree
[2026-09-05 01:27:58] [GATE-4-5] [INFO]   ✓ AP2 Merkle tree entry created
[2026-09-05 01:27:58] [GATE-4-5] [INFO]   ✓ AP2 ledger entry integrity verified (SHA256: 67b86b500ed8e57b...)
[2026-09-05 01:27:58] [GATE-4-5] [INFO]   ✓ AP2 ledger staged for commit
[2026-09-05 01:28:08] [GATE-4-5] [INFO]   ✓ AP2 ledger committed to git
[2026-09-05 01:28:08] [GATE-4-5] [INFO] GATE 5: Final compliance check...
[2026-09-05 01:28:44] [GATE-4-5] [INFO]   ✓ Git policy compliance verified
[2026-09-05 01:28:44] [GATE-4-5] [INFO]   ✓ Found 4/7 proof artifacts
[2026-09-05 01:28:44] [GATE-4-5] [INFO]   ✓ Evidence integrity verified (    1115 files)
[2026-09-05 01:28:44] [GATE-4-5] [INFO]   ✓ Session validation passed (1788564524s duration)
[2026-09-05 01:28:44] [GATE-4-5] [INFO] Compliance report written to: /Users/andriileukhin/Documents/SovereignNexus/.smaos/compliance_check_1788564478.json
[2026-09-05 01:28:44] [GATE-4-5] [INFO] =========================================
[2026-09-05 01:28:44] [GATE-4-5] [INFO] Gate 4-5 Summary:
[2026-09-05 01:28:44] [GATE-4-5] [INFO]   Gate 4 (AP2 anchor):     PASS (4/4)
[2026-09-05 01:28:44] [GATE-4-5] [INFO]   Gate 5 (compliance):     PASS (4/5)
[2026-09-05 01:28:44] [GATE-4-5] [INFO]   Compliance Report:       compliance_check_1788564478.json
[2026-09-05 01:28:44] [GATE-4-5] [INFO] =========================================
[2026-09-05 01:28:44] [GATE-4-5] [INFO] Gate 4-5 PASSED: Session compliance verified, ready for shutdown
[2026-09-05 01:31:08] [GATE-4-5] [INFO] === Gate 4-5 Serial Verification ===
[2026-09-05 01:31:08] [GATE-4-5] [INFO] GATE 4: AP2 Merkle ledger anchoring...
[2026-09-05 01:31:08] [GATE-4-5] [INFO]   ✓ Collected     1106 work receipts for Merkle tree
[2026-09-05 01:31:08] [GATE-4-5] [INFO]   ✓ AP2 Merkle tree entry created
[2026-09-05 01:31:08] [GATE-4-5] [INFO]   ✓ AP2 ledger entry integrity verified (SHA256: f02d566851f10baa...)
[2026-09-05 01:31:08] [GATE-4-5] [INFO]   ✓ AP2 ledger staged for commit
[2026-09-05 01:31:10] [GATE-4-5] [INFO]   ✓ AP2 ledger committed to git
[2026-09-05 01:31:10] [GATE-4-5] [INFO] GATE 5: Final compliance check...
[2026-09-05 01:31:45] [GATE-4-5] [INFO]   ✓ Git policy compliance verified
[2026-09-05 01:31:45] [GATE-4-5] [INFO]   ✓ Found 4/7 proof artifacts
[2026-09-05 01:31:45] [GATE-4-5] [INFO]   ✓ Evidence integrity verified (    1115 files)
[2026-09-05 01:31:45] [GATE-4-5] [INFO]   ✓ Session validation passed (1788564705s duration)
[2026-09-05 01:31:45] [GATE-4-5] [INFO] Compliance report written to: /Users/andriileukhin/Documents/SovereignNexus/.smaos/compliance_check_1788564668.json
[2026-09-05 01:31:45] [GATE-4-5] [INFO] =========================================
[2026-09-05 01:31:45] [GATE-4-5] [INFO] Gate 4-5 Summary:
[2026-09-05 01:31:45] [GATE-4-5] [INFO]   Gate 4 (AP2 anchor):     PASS (4/4)
[2026-09-05 01:31:45] [GATE-4-5] [INFO]   Gate 5 (compliance):     PASS (4/5)
[2026-09-05 01:31:45] [GATE-4-5] [INFO]   Compliance Report:       compliance_check_1788564668.json
[2026-09-05 01:31:45] [GATE-4-5] [INFO] =========================================
[2026-09-05 01:31:45] [GATE-4-5] [INFO] Gate 4-5 PASSED: Session compliance verified, ready for shutdown
[2026-09-05 01:33:26] [GATE-4-5] [INFO] === Gate 4-5 Serial Verification ===
[2026-09-05 01:33:26] [GATE-4-5] [INFO] GATE 4: AP2 Merkle ledger anchoring...
[2026-09-05 01:33:26] [GATE-4-5] [INFO]   ✓ Collected     1115 work receipts for Merkle tree
[2026-09-05 01:33:27] [GATE-4-5] [INFO]   ✓ AP2 Merkle tree entry created
[2026-09-05 01:33:27] [GATE-4-5] [INFO]   ✓ AP2 ledger entry integrity verified (SHA256: 3df9282b184a1a58...)
[2026-09-05 01:33:27] [GATE-4-5] [WARN]   ⚠ Could not stage AP2 ledger for commit
[2026-09-05 01:33:27] [GATE-4-5] [INFO] GATE 5: Final compliance check...
[2026-09-05 01:37:09] [GATE-4-5] [INFO] === Gate 4-5 Serial Verification ===
[2026-09-05 01:37:09] [GATE-4-5] [INFO] GATE 4: AP2 Merkle ledger anchoring...
[2026-09-05 01:37:09] [GATE-4-5] [INFO]   ✓ Collected     1224 work receipts for Merkle tree
[2026-09-05 01:37:10] [GATE-4-5] [INFO]   ✓ AP2 Merkle tree entry created
[2026-09-05 01:37:10] [GATE-4-5] [INFO]   ✓ AP2 ledger entry integrity verified (SHA256: e2b2e3e240a47287...)
[2026-09-05 01:37:10] [GATE-4-5] [INFO]   ✓ AP2 ledger staged for commit
[2026-09-05 01:37:10] [GATE-4-5] [INFO]   ✓ AP2 ledger committed to git
[2026-09-05 01:37:10] [GATE-4-5] [INFO] GATE 5: Final compliance check...
[2026-09-05 01:37:47] [GATE-4-5] [INFO]   ✓ Git policy compliance verified
[2026-09-05 01:37:47] [GATE-4-5] [INFO]   ✓ Found 4/7 proof artifacts
[2026-09-05 01:37:47] [GATE-4-5] [INFO]   ✓ Evidence integrity verified (    1243 files)
[2026-09-05 01:37:47] [GATE-4-5] [INFO]   ✓ Session validation passed (1788565067s duration)
[2026-09-05 01:37:47] [GATE-4-5] [INFO] Compliance report written to: /Users/andriileukhin/Documents/SovereignNexus/.smaos/compliance_check_1788565029.json
[2026-09-05 01:37:47] [GATE-4-5] [INFO] =========================================
[2026-09-05 01:37:47] [GATE-4-5] [INFO] Gate 4-5 Summary:
[2026-09-05 01:37:47] [GATE-4-5] [INFO]   Gate 4 (AP2 anchor):     PASS (4/4)
[2026-09-05 01:37:47] [GATE-4-5] [INFO]   Gate 5 (compliance):     PASS (4/5)
[2026-09-05 01:37:47] [GATE-4-5] [INFO]   Compliance Report:       compliance_check_1788565029.json
[2026-09-05 01:37:47] [GATE-4-5] [INFO] =========================================
[2026-09-05 01:37:47] [GATE-4-5] [INFO] Gate 4-5 PASSED: Session compliance verified, ready for shutdown
[2026-09-05 01:38:59] [GATE-4-5] [INFO] === Gate 4-5 Serial Verification ===
[2026-09-05 01:38:59] [GATE-4-5] [INFO] GATE 4: AP2 Merkle ledger anchoring...
[2026-09-05 01:38:59] [GATE-4-5] [INFO]   ✓ Collected     1260 work receipts for Merkle tree
[2026-09-05 01:38:59] [GATE-4-5] [INFO]   ✓ AP2 Merkle tree entry created
[2026-09-05 01:38:59] [GATE-4-5] [INFO]   ✓ AP2 ledger entry integrity verified (SHA256: 1ced89dbd5e34ef9...)
[2026-09-05 01:38:59] [GATE-4-5] [INFO]   ✓ AP2 ledger staged for commit
[2026-09-05 01:38:59] [GATE-4-5] [INFO]   ✓ AP2 ledger committed to git
[2026-09-05 01:38:59] [GATE-4-5] [INFO] GATE 5: Final compliance check...
[2026-09-05 01:39:36] [GATE-4-5] [INFO]   ✓ Git policy compliance verified
[2026-09-05 01:39:36] [GATE-4-5] [INFO]   ✓ Found 4/7 proof artifacts
[2026-09-05 01:39:36] [GATE-4-5] [INFO]   ✓ Evidence integrity verified (    1275 files)
[2026-09-05 01:39:36] [GATE-4-5] [INFO]   ✓ Session validation passed (1788565176s duration)
[2026-09-05 01:39:36] [GATE-4-5] [INFO] Compliance report written to: /Users/andriileukhin/Documents/SovereignNexus/.smaos/compliance_check_1788565139.json
[2026-09-05 01:39:36] [GATE-4-5] [INFO] =========================================
[2026-09-05 01:39:36] [GATE-4-5] [INFO] Gate 4-5 Summary:
[2026-09-05 01:39:36] [GATE-4-5] [INFO]   Gate 4 (AP2 anchor):     PASS (4/4)
[2026-09-05 01:39:36] [GATE-4-5] [INFO]   Gate 5 (compliance):     PASS (4/5)
[2026-09-05 01:39:36] [GATE-4-5] [INFO]   Compliance Report:       compliance_check_1788565139.json
[2026-09-05 01:39:36] [GATE-4-5] [INFO] =========================================
[2026-09-05 01:39:36] [GATE-4-5] [INFO] Gate 4-5 PASSED: Session compliance verified, ready for shutdown
[2026-09-05 01:39:47] [GATE-4-5] [INFO] === Gate 4-5 Serial Verification ===
[2026-09-05 01:39:47] [GATE-4-5] [INFO] GATE 4: AP2 Merkle ledger anchoring...
[2026-09-05 01:39:47] [GATE-4-5] [INFO]   ✓ Collected     1268 work receipts for Merkle tree
[2026-09-05 01:39:47] [GATE-4-5] [INFO]   ✓ AP2 Merkle tree entry created
[2026-09-05 01:39:47] [GATE-4-5] [INFO]   ✓ AP2 ledger entry integrity verified (SHA256: 73af8b67b25e0213...)
[2026-09-05 01:39:47] [GATE-4-5] [WARN]   ⚠ Could not stage AP2 ledger for commit
[2026-09-05 01:39:47] [GATE-4-5] [INFO] GATE 5: Final compliance check...
[2026-09-05 01:40:24] [GATE-4-5] [INFO]   ✓ Git policy compliance verified
[2026-09-05 01:40:24] [GATE-4-5] [INFO]   ✓ Found 4/7 proof artifacts
[2026-09-05 01:40:24] [GATE-4-5] [INFO]   ✓ Evidence integrity verified (    1287 files)
[2026-09-05 01:40:24] [GATE-4-5] [INFO]   ✓ Session validation passed (1788565224s duration)
[2026-09-05 01:40:24] [GATE-4-5] [INFO] Compliance report written to: /Users/andriileukhin/Documents/SovereignNexus/.smaos/compliance_check_1788565187.json
[2026-09-05 01:40:24] [GATE-4-5] [INFO] =========================================
[2026-09-05 01:40:24] [GATE-4-5] [INFO] Gate 4-5 Summary:
[2026-09-05 01:40:24] [GATE-4-5] [INFO]   Gate 4 (AP2 anchor):     PASS (3/4)
[2026-09-05 01:40:24] [GATE-4-5] [INFO]   Gate 5 (compliance):     PASS (4/5)
[2026-09-05 01:40:24] [GATE-4-5] [INFO]   Compliance Report:       compliance_check_1788565187.json
[2026-09-05 01:40:24] [GATE-4-5] [INFO] =========================================
[2026-09-05 01:40:24] [GATE-4-5] [INFO] Gate 4-5 PASSED: Session compliance verified, ready for shutdown
[2026-09-05 01:41:09] [GATE-4-5] [INFO] === Gate 4-5 Serial Verification ===
[2026-09-05 01:41:09] [GATE-4-5] [INFO] GATE 4: AP2 Merkle ledger anchoring...
[2026-09-05 01:41:09] [GATE-4-5] [INFO]   ✓ Collected     1287 work receipts for Merkle tree
[2026-09-05 01:41:10] [GATE-4-5] [INFO]   ✓ AP2 Merkle tree entry created
[2026-09-05 01:41:10] [GATE-4-5] [INFO]   ✓ AP2 ledger entry integrity verified (SHA256: edd1af831867286f...)
[2026-09-05 01:41:10] [GATE-4-5] [INFO]   ✓ AP2 ledger staged for commit
[2026-09-05 01:41:11] [GATE-4-5] [INFO]   ✓ AP2 ledger committed to git
[2026-09-05 01:41:11] [GATE-4-5] [INFO] GATE 5: Final compliance check...
[2026-09-05 01:41:48] [GATE-4-5] [INFO]   ✓ Git policy compliance verified
[2026-09-05 01:41:48] [GATE-4-5] [INFO]   ✓ Found 4/7 proof artifacts
[2026-09-05 01:41:48] [GATE-4-5] [INFO]   ✓ Evidence integrity verified (    1300 files)
[2026-09-05 01:41:48] [GATE-4-5] [INFO]   ✓ Session validation passed (1788565308s duration)
[2026-09-05 01:41:48] [GATE-4-5] [INFO] Compliance report written to: /Users/andriileukhin/Documents/SovereignNexus/.smaos/compliance_check_1788565269.json
[2026-09-05 01:41:48] [GATE-4-5] [INFO] =========================================
[2026-09-05 01:41:48] [GATE-4-5] [INFO] Gate 4-5 Summary:
[2026-09-05 01:41:48] [GATE-4-5] [INFO]   Gate 4 (AP2 anchor):     PASS (4/4)
[2026-09-05 01:41:48] [GATE-4-5] [INFO]   Gate 5 (compliance):     PASS (4/5)
[2026-09-05 01:41:48] [GATE-4-5] [INFO]   Compliance Report:       compliance_check_1788565269.json
[2026-09-05 01:41:48] [GATE-4-5] [INFO] =========================================
[2026-09-05 01:41:48] [GATE-4-5] [INFO] Gate 4-5 PASSED: Session compliance verified, ready for shutdown
[2026-09-05 01:42:00] [GATE-4-5] [INFO] === Gate 4-5 Serial Verification ===
[2026-09-05 01:42:00] [GATE-4-5] [INFO] GATE 4: AP2 Merkle ledger anchoring...
[2026-09-05 01:42:00] [GATE-4-5] [INFO]   ✓ Collected     1292 work receipts for Merkle tree
[2026-09-05 01:42:00] [GATE-4-5] [INFO]   ✓ AP2 Merkle tree entry created
[2026-09-05 01:42:00] [GATE-4-5] [INFO]   ✓ AP2 ledger entry integrity verified (SHA256: 69160caa60beb9fd...)
[2026-09-05 01:42:00] [GATE-4-5] [WARN]   ⚠ Could not stage AP2 ledger for commit
[2026-09-05 01:42:00] [GATE-4-5] [INFO] GATE 5: Final compliance check...
[2026-09-05 01:42:37] [GATE-4-5] [INFO]   ✓ Git policy compliance verified
[2026-09-05 01:42:37] [GATE-4-5] [INFO]   ✓ Found 4/7 proof artifacts
[2026-09-05 01:42:37] [GATE-4-5] [INFO]   ✓ Evidence integrity verified (    1306 files)
[2026-09-05 01:42:37] [GATE-4-5] [INFO]   ✓ Session validation passed (1788565357s duration)
[2026-09-05 01:42:37] [GATE-4-5] [INFO] Compliance report written to: /Users/andriileukhin/Documents/SovereignNexus/.smaos/compliance_check_1788565320.json
[2026-09-05 01:42:37] [GATE-4-5] [INFO] =========================================
[2026-09-05 01:42:37] [GATE-4-5] [INFO] Gate 4-5 Summary:
[2026-09-05 01:42:37] [GATE-4-5] [INFO]   Gate 4 (AP2 anchor):     PASS (3/4)
[2026-09-05 01:42:37] [GATE-4-5] [INFO]   Gate 5 (compliance):     PASS (4/5)
[2026-09-05 01:42:37] [GATE-4-5] [INFO]   Compliance Report:       compliance_check_1788565320.json
[2026-09-05 01:42:37] [GATE-4-5] [INFO] =========================================
[2026-09-05 01:42:37] [GATE-4-5] [INFO] Gate 4-5 PASSED: Session compliance verified, ready for shutdown
[2026-09-05 01:43:59] [GATE-4-5] [INFO] === Gate 4-5 Serial Verification ===
[2026-09-05 01:43:59] [GATE-4-5] [INFO] GATE 4: AP2 Merkle ledger anchoring...
[2026-09-05 01:43:59] [GATE-4-5] [INFO]   ✓ Collected     1307 work receipts for Merkle tree
[2026-09-05 01:43:59] [GATE-4-5] [INFO]   ✓ AP2 Merkle tree entry created
[2026-09-05 01:43:59] [GATE-4-5] [INFO]   ✓ AP2 ledger entry integrity verified (SHA256: 612ce51a2da9b201...)
[2026-09-05 01:43:59] [GATE-4-5] [INFO]   ✓ AP2 ledger staged for commit
[2026-09-05 01:44:00] [GATE-4-5] [INFO]   ✓ AP2 ledger committed to git
[2026-09-05 01:44:00] [GATE-4-5] [INFO] GATE 5: Final compliance check...
[2026-09-05 01:44:36] [GATE-4-5] [INFO]   ✓ Git policy compliance verified
[2026-09-05 01:44:36] [GATE-4-5] [INFO]   ✓ Found 4/7 proof artifacts
[2026-09-05 01:44:36] [GATE-4-5] [INFO]   ✓ Evidence integrity verified (    1316 files)
[2026-09-05 01:44:36] [GATE-4-5] [INFO]   ✓ Session validation passed (1788565476s duration)
[2026-09-05 01:44:36] [GATE-4-5] [INFO] Compliance report written to: /Users/andriileukhin/Documents/SovereignNexus/.smaos/compliance_check_1788565439.json
[2026-09-05 01:44:36] [GATE-4-5] [INFO] =========================================
[2026-09-05 01:44:36] [GATE-4-5] [INFO] Gate 4-5 Summary:
[2026-09-05 01:44:36] [GATE-4-5] [INFO]   Gate 4 (AP2 anchor):     PASS (4/4)
[2026-09-05 01:44:36] [GATE-4-5] [INFO]   Gate 5 (compliance):     PASS (4/5)
[2026-09-05 01:44:36] [GATE-4-5] [INFO]   Compliance Report:       compliance_check_1788565439.json
[2026-09-05 01:44:36] [GATE-4-5] [INFO] =========================================
[2026-09-05 01:44:36] [GATE-4-5] [INFO] Gate 4-5 PASSED: Session compliance verified, ready for shutdown
[2026-09-05 01:47:04] [GATE-4-5] [INFO] === Gate 4-5 Serial Verification ===
[2026-09-05 01:47:04] [GATE-4-5] [INFO] GATE 4: AP2 Merkle ledger anchoring...
[2026-09-05 01:47:04] [GATE-4-5] [INFO]   ✓ Collected     1308 work receipts for Merkle tree
[2026-09-05 01:47:04] [GATE-4-5] [INFO]   ✓ AP2 Merkle tree entry created
[2026-09-05 01:47:04] [GATE-4-5] [INFO]   ✓ AP2 ledger entry integrity verified (SHA256: 7d20abfcf6bffce3...)
[2026-09-05 01:47:04] [GATE-4-5] [INFO]   ✓ AP2 ledger staged for commit
[2026-09-05 01:47:06] [GATE-4-5] [INFO]   ✓ AP2 ledger committed to git
[2026-09-05 01:47:06] [GATE-4-5] [INFO] GATE 5: Final compliance check...
[2026-09-05 01:47:43] [GATE-4-5] [INFO]   ✓ Git policy compliance verified
[2026-09-05 01:47:43] [GATE-4-5] [INFO]   ✓ Found 4/7 proof artifacts
[2026-09-05 01:47:43] [GATE-4-5] [INFO]   ✓ Evidence integrity verified (    1321 files)
[2026-09-05 01:47:43] [GATE-4-5] [INFO]   ✓ Session validation passed (1788565663s duration)
[2026-09-05 01:47:43] [GATE-4-5] [INFO] Compliance report written to: /Users/andriileukhin/Documents/SovereignNexus/.smaos/compliance_check_1788565624.json
[2026-09-05 01:47:43] [GATE-4-5] [INFO] =========================================
[2026-09-05 01:47:43] [GATE-4-5] [INFO] Gate 4-5 Summary:
[2026-09-05 01:47:43] [GATE-4-5] [INFO]   Gate 4 (AP2 anchor):     PASS (4/4)
[2026-09-05 01:47:43] [GATE-4-5] [INFO]   Gate 5 (compliance):     PASS (4/5)
[2026-09-05 01:47:43] [GATE-4-5] [INFO]   Compliance Report:       compliance_check_1788565624.json
[2026-09-05 01:47:43] [GATE-4-5] [INFO] =========================================
[2026-09-05 01:47:43] [GATE-4-5] [INFO] Gate 4-5 PASSED: Session compliance verified, ready for shutdown
[2026-09-05 01:49:06] [GATE-4-5] [INFO] === Gate 4-5 Serial Verification ===
[2026-09-05 01:49:06] [GATE-4-5] [INFO] GATE 4: AP2 Merkle ledger anchoring...
[2026-09-05 01:49:06] [GATE-4-5] [INFO]   ✓ Collected     1342 work receipts for Merkle tree
[2026-09-05 01:49:06] [GATE-4-5] [INFO]   ✓ AP2 Merkle tree entry created
[2026-09-05 01:49:06] [GATE-4-5] [INFO]   ✓ AP2 ledger entry integrity verified (SHA256: bfad7d584893a332...)
[2026-09-05 01:49:06] [GATE-4-5] [WARN]   ⚠ Could not stage AP2 ledger for commit
[2026-09-05 01:49:06] [GATE-4-5] [INFO] GATE 5: Final compliance check...
[2026-09-05 01:49:56] [GATE-4-5] [INFO]   ✓ Git policy compliance verified
[2026-09-05 01:49:56] [GATE-4-5] [INFO]   ✓ Found 4/7 proof artifacts
[2026-09-05 01:49:56] [GATE-4-5] [INFO]   ✓ Evidence integrity verified (    1389 files)
[2026-09-05 01:49:56] [GATE-4-5] [INFO]   ✓ Session validation passed (1788565796s duration)
[2026-09-05 01:49:56] [GATE-4-5] [INFO] Compliance report written to: /Users/andriileukhin/Documents/SovereignNexus/.smaos/compliance_check_1788565746.json
[2026-09-05 01:49:56] [GATE-4-5] [INFO] =========================================
[2026-09-05 01:49:56] [GATE-4-5] [INFO] Gate 4-5 Summary:
[2026-09-05 01:49:56] [GATE-4-5] [INFO]   Gate 4 (AP2 anchor):     PASS (3/4)
[2026-09-05 01:49:56] [GATE-4-5] [INFO]   Gate 5 (compliance):     PASS (4/5)
[2026-09-05 01:49:56] [GATE-4-5] [INFO]   Compliance Report:       compliance_check_1788565746.json
[2026-09-05 01:49:56] [GATE-4-5] [INFO] =========================================
[2026-09-05 01:49:56] [GATE-4-5] [INFO] Gate 4-5 PASSED: Session compliance verified, ready for shutdown
[2026-09-05 01:50:12] [GATE-4-5] [INFO] === Gate 4-5 Serial Verification ===
[2026-09-05 01:50:12] [GATE-4-5] [INFO] GATE 4: AP2 Merkle ledger anchoring...
[2026-09-05 01:50:12] [GATE-4-5] [INFO]   ✓ Collected     1394 work receipts for Merkle tree
[2026-09-05 01:50:12] [GATE-4-5] [INFO]   ✓ AP2 Merkle tree entry created
[2026-09-05 01:50:12] [GATE-4-5] [INFO]   ✓ AP2 ledger entry integrity verified (SHA256: 91fb37b85d60b9bc...)
[2026-09-05 01:50:13] [GATE-4-5] [WARN]   ⚠ Could not stage AP2 ledger for commit
[2026-09-05 01:50:13] [GATE-4-5] [INFO] GATE 5: Final compliance check...
[2026-09-05 01:51:09] [GATE-4-5] [INFO]   ✓ Git policy compliance verified
[2026-09-05 01:51:09] [GATE-4-5] [INFO]   ✓ Found 4/7 proof artifacts
[2026-09-05 01:51:09] [GATE-4-5] [INFO]   ✓ Evidence integrity verified (    1441 files)
[2026-09-05 01:51:09] [GATE-4-5] [INFO]   ✓ Session validation passed (1788565869s duration)
[2026-09-05 01:51:09] [GATE-4-5] [INFO] Compliance report written to: /Users/andriileukhin/Documents/SovereignNexus/.smaos/compliance_check_1788565812.json
[2026-09-05 01:51:09] [GATE-4-5] [INFO] =========================================
[2026-09-05 01:51:09] [GATE-4-5] [INFO] Gate 4-5 Summary:
[2026-09-05 01:51:09] [GATE-4-5] [INFO]   Gate 4 (AP2 anchor):     PASS (3/4)
[2026-09-05 01:51:09] [GATE-4-5] [INFO]   Gate 5 (compliance):     PASS (4/5)
[2026-09-05 01:51:09] [GATE-4-5] [INFO]   Compliance Report:       compliance_check_1788565812.json
[2026-09-05 01:51:09] [GATE-4-5] [INFO] =========================================
[2026-09-05 01:51:09] [GATE-4-5] [INFO] Gate 4-5 PASSED: Session compliance verified, ready for shutdown
[2026-09-05 01:51:16] [GATE-4-5] [INFO] === Gate 4-5 Serial Verification ===
[2026-09-05 01:51:16] [GATE-4-5] [INFO] GATE 4: AP2 Merkle ledger anchoring...
[2026-09-05 01:51:16] [GATE-4-5] [INFO]   ✓ Collected     1439 work receipts for Merkle tree
[2026-09-05 01:51:16] [GATE-4-5] [INFO]   ✓ AP2 Merkle tree entry created
[2026-09-05 01:51:16] [GATE-4-5] [INFO]   ✓ AP2 ledger entry integrity verified (SHA256: 2cf02aa40a63d999...)
[2026-09-05 01:51:16] [GATE-4-5] [WARN]   ⚠ Could not stage AP2 ledger for commit
[2026-09-05 01:51:16] [GATE-4-5] [INFO] GATE 5: Final compliance check...
[2026-09-05 01:52:05] [GATE-4-5] [INFO]   ✓ Git policy compliance verified
[2026-09-05 01:52:05] [GATE-4-5] [INFO]   ✓ Found 4/7 proof artifacts
[2026-09-05 01:52:05] [GATE-4-5] [INFO]   ✓ Evidence integrity verified (    1489 files)
[2026-09-05 01:52:05] [GATE-4-5] [INFO]   ✓ Session validation passed (1788565925s duration)
[2026-09-05 01:52:05] [GATE-4-5] [INFO] Compliance report written to: /Users/andriileukhin/Documents/SovereignNexus/.smaos/compliance_check_1788565876.json
[2026-09-05 01:52:05] [GATE-4-5] [INFO] =========================================
[2026-09-05 01:52:05] [GATE-4-5] [INFO] Gate 4-5 Summary:
[2026-09-05 01:52:05] [GATE-4-5] [INFO]   Gate 4 (AP2 anchor):     PASS (3/4)
[2026-09-05 01:52:05] [GATE-4-5] [INFO]   Gate 5 (compliance):     PASS (4/5)
[2026-09-05 01:52:05] [GATE-4-5] [INFO]   Compliance Report:       compliance_check_1788565876.json
[2026-09-05 01:52:05] [GATE-4-5] [INFO] =========================================
[2026-09-05 01:52:05] [GATE-4-5] [INFO] Gate 4-5 PASSED: Session compliance verified, ready for shutdown
[2026-09-05 01:52:35] [GATE-4-5] [INFO] === Gate 4-5 Serial Verification ===
[2026-09-05 01:52:35] [GATE-4-5] [INFO] GATE 4: AP2 Merkle ledger anchoring...
[2026-09-05 01:52:35] [GATE-4-5] [INFO]   ✓ Collected     1502 work receipts for Merkle tree
[2026-09-05 01:52:35] [GATE-4-5] [INFO]   ✓ AP2 Merkle tree entry created
[2026-09-05 01:52:35] [GATE-4-5] [INFO]   ✓ AP2 ledger entry integrity verified (SHA256: 05e11e5ca5a0cc1c...)
[2026-09-05 01:52:35] [GATE-4-5] [WARN]   ⚠ Could not stage AP2 ledger for commit
[2026-09-05 01:52:35] [GATE-4-5] [INFO] GATE 5: Final compliance check...
[2026-09-05 01:53:22] [GATE-4-5] [INFO]   ✓ Git policy compliance verified
[2026-09-05 01:53:22] [GATE-4-5] [INFO]   ✓ Found 4/7 proof artifacts
[2026-09-05 01:53:22] [GATE-4-5] [INFO]   ✓ Evidence integrity verified (    1546 files)
[2026-09-05 01:53:22] [GATE-4-5] [INFO]   ✓ Session validation passed (1788566002s duration)
[2026-09-05 01:53:22] [GATE-4-5] [INFO] Compliance report written to: /Users/andriileukhin/Documents/SovereignNexus/.smaos/compliance_check_1788565955.json
[2026-09-05 01:53:22] [GATE-4-5] [INFO] =========================================
[2026-09-05 01:53:22] [GATE-4-5] [INFO] Gate 4-5 Summary:
[2026-09-05 01:53:22] [GATE-4-5] [INFO]   Gate 4 (AP2 anchor):     PASS (3/4)
[2026-09-05 01:53:22] [GATE-4-5] [INFO]   Gate 5 (compliance):     PASS (4/5)
[2026-09-05 01:53:22] [GATE-4-5] [INFO]   Compliance Report:       compliance_check_1788565955.json
[2026-09-05 01:53:22] [GATE-4-5] [INFO] =========================================
[2026-09-05 01:53:22] [GATE-4-5] [INFO] Gate 4-5 PASSED: Session compliance verified, ready for shutdown
[2026-09-05 01:54:29] [GATE-4-5] [INFO] === Gate 4-5 Serial Verification ===
[2026-09-05 01:54:29] [GATE-4-5] [INFO] GATE 4: AP2 Merkle ledger anchoring...
[2026-09-05 01:54:29] [GATE-4-5] [INFO]   ✓ Collected     1613 work receipts for Merkle tree
[2026-09-05 01:54:30] [GATE-4-5] [INFO]   ✓ AP2 Merkle tree entry created
[2026-09-05 01:54:30] [GATE-4-5] [INFO]   ✓ AP2 ledger entry integrity verified (SHA256: 3e11df351a3d7583...)
[2026-09-05 01:54:30] [GATE-4-5] [INFO]   ✓ AP2 ledger staged for commit
[2026-09-05 01:54:30] [GATE-4-5] [INFO]   ✓ AP2 ledger committed to git
[2026-09-05 01:54:30] [GATE-4-5] [INFO] GATE 5: Final compliance check...
[2026-09-05 01:55:12] [GATE-4-5] [INFO]   ✓ Git policy compliance verified
[2026-09-05 01:55:12] [GATE-4-5] [INFO]   ✓ Found 4/7 proof artifacts
[2026-09-05 01:55:12] [GATE-4-5] [INFO]   ✓ Evidence integrity verified (    1656 files)
[2026-09-05 01:55:12] [GATE-4-5] [INFO]   ✓ Session validation passed (1788566112s duration)
[2026-09-05 01:55:12] [GATE-4-5] [INFO] Compliance report written to: /Users/andriileukhin/Documents/SovereignNexus/.smaos/compliance_check_1788566069.json
[2026-09-05 01:55:12] [GATE-4-5] [INFO] =========================================
[2026-09-05 01:55:12] [GATE-4-5] [INFO] Gate 4-5 Summary:
[2026-09-05 01:55:12] [GATE-4-5] [INFO]   Gate 4 (AP2 anchor):     PASS (4/4)
[2026-09-05 01:55:12] [GATE-4-5] [INFO]   Gate 5 (compliance):     PASS (4/5)
[2026-09-05 01:55:12] [GATE-4-5] [INFO]   Compliance Report:       compliance_check_1788566069.json
[2026-09-05 01:55:12] [GATE-4-5] [INFO] =========================================
[2026-09-05 01:55:12] [GATE-4-5] [INFO] Gate 4-5 PASSED: Session compliance verified, ready for shutdown
[2026-09-05 01:55:48] [GATE-4-5] [INFO] === Gate 4-5 Serial Verification ===
[2026-09-05 01:55:48] [GATE-4-5] [INFO] GATE 4: AP2 Merkle ledger anchoring...
[2026-09-05 01:55:48] [GATE-4-5] [INFO]   ✓ Collected     1654 work receipts for Merkle tree
[2026-09-05 01:55:48] [GATE-4-5] [INFO]   ✓ AP2 Merkle tree entry created
[2026-09-05 01:55:48] [GATE-4-5] [INFO]   ✓ AP2 ledger entry integrity verified (SHA256: 94cab614370d54e4...)
[2026-09-05 01:55:48] [GATE-4-5] [INFO]   ✓ AP2 ledger staged for commit
[2026-09-05 01:55:49] [GATE-4-5] [INFO]   ✓ AP2 ledger committed to git
[2026-09-05 01:55:49] [GATE-4-5] [INFO] GATE 5: Final compliance check...
[2026-09-05 01:56:26] [GATE-4-5] [INFO]   ✓ Git policy compliance verified
[2026-09-05 01:56:26] [GATE-4-5] [INFO]   ✓ Found 4/7 proof artifacts
[2026-09-05 01:56:26] [GATE-4-5] [INFO]   ✓ Evidence integrity verified (    1663 files)
[2026-09-05 01:56:26] [GATE-4-5] [INFO]   ✓ Session validation passed (1788566186s duration)
[2026-09-05 01:56:26] [GATE-4-5] [INFO] Compliance report written to: /Users/andriileukhin/Documents/SovereignNexus/.smaos/compliance_check_1788566148.json
[2026-09-05 01:56:26] [GATE-4-5] [INFO] =========================================
[2026-09-05 01:56:26] [GATE-4-5] [INFO] Gate 4-5 Summary:
[2026-09-05 01:56:26] [GATE-4-5] [INFO]   Gate 4 (AP2 anchor):     PASS (4/4)
[2026-09-05 01:56:26] [GATE-4-5] [INFO]   Gate 5 (compliance):     PASS (4/5)
[2026-09-05 01:56:26] [GATE-4-5] [INFO]   Compliance Report:       compliance_check_1788566148.json
[2026-09-05 01:56:26] [GATE-4-5] [INFO] =========================================
[2026-09-05 01:56:26] [GATE-4-5] [INFO] Gate 4-5 PASSED: Session compliance verified, ready for shutdown
[2026-09-05 01:56:39] [GATE-4-5] [INFO] === Gate 4-5 Serial Verification ===
[2026-09-05 01:56:39] [GATE-4-5] [INFO] GATE 4: AP2 Merkle ledger anchoring...
[2026-09-05 01:56:39] [GATE-4-5] [INFO]   ✓ Collected     1654 work receipts for Merkle tree
[2026-09-05 01:56:39] [GATE-4-5] [INFO]   ✓ AP2 Merkle tree entry created
[2026-09-05 01:56:39] [GATE-4-5] [INFO]   ✓ AP2 ledger entry integrity verified (SHA256: febb0b30a1ab63c7...)
[2026-09-05 01:56:40] [GATE-4-5] [INFO]   ✓ AP2 ledger staged for commit
[2026-09-05 01:56:40] [GATE-4-5] [INFO]   ✓ AP2 ledger committed to git
[2026-09-05 01:56:40] [GATE-4-5] [INFO] GATE 5: Final compliance check...
[2026-09-05 01:57:16] [GATE-4-5] [INFO]   ✓ Git policy compliance verified
[2026-09-05 01:57:16] [GATE-4-5] [INFO]   ✓ Found 4/7 proof artifacts
[2026-09-05 01:57:16] [GATE-4-5] [INFO]   ✓ Evidence integrity verified (    1663 files)
[2026-09-05 01:57:16] [GATE-4-5] [INFO]   ✓ Session validation passed (1788566236s duration)
[2026-09-05 01:57:16] [GATE-4-5] [INFO] Compliance report written to: /Users/andriileukhin/Documents/SovereignNexus/.smaos/compliance_check_1788566199.json
[2026-09-05 01:57:16] [GATE-4-5] [INFO] =========================================
[2026-09-05 01:57:16] [GATE-4-5] [INFO] Gate 4-5 Summary:
[2026-09-05 01:57:16] [GATE-4-5] [INFO]   Gate 4 (AP2 anchor):     PASS (4/4)
[2026-09-05 01:57:16] [GATE-4-5] [INFO]   Gate 5 (compliance):     PASS (4/5)
[2026-09-05 01:57:16] [GATE-4-5] [INFO]   Compliance Report:       compliance_check_1788566199.json
[2026-09-05 01:57:16] [GATE-4-5] [INFO] =========================================
[2026-09-05 01:57:16] [GATE-4-5] [INFO] Gate 4-5 PASSED: Session compliance verified, ready for shutdown
[2026-09-05 01:57:27] [GATE-4-5] [INFO] === Gate 4-5 Serial Verification ===
[2026-09-05 01:57:27] [GATE-4-5] [INFO] GATE 4: AP2 Merkle ledger anchoring...
[2026-09-05 01:57:27] [GATE-4-5] [INFO]   ✓ Collected     1654 work receipts for Merkle tree
[2026-09-05 01:57:27] [GATE-4-5] [INFO]   ✓ AP2 Merkle tree entry created
[2026-09-05 01:57:27] [GATE-4-5] [INFO]   ✓ AP2 ledger entry integrity verified (SHA256: 6abd0b227733b17c...)
[2026-09-05 01:57:27] [GATE-4-5] [INFO]   ✓ AP2 ledger staged for commit
[2026-09-05 01:57:28] [GATE-4-5] [INFO]   ✓ AP2 ledger committed to git
[2026-09-05 01:57:28] [GATE-4-5] [INFO] GATE 5: Final compliance check...
[2026-09-05 01:58:04] [GATE-4-5] [INFO]   ✓ Git policy compliance verified
[2026-09-05 01:58:04] [GATE-4-5] [INFO]   ✓ Found 4/7 proof artifacts
[2026-09-05 01:58:04] [GATE-4-5] [INFO]   ✓ Evidence integrity verified (    1663 files)
[2026-09-05 01:58:04] [GATE-4-5] [INFO]   ✓ Session validation passed (1788566284s duration)
[2026-09-05 01:58:04] [GATE-4-5] [INFO] Compliance report written to: /Users/andriileukhin/Documents/SovereignNexus/.smaos/compliance_check_1788566247.json
[2026-09-05 01:58:04] [GATE-4-5] [INFO] =========================================
[2026-09-05 01:58:04] [GATE-4-5] [INFO] Gate 4-5 Summary:
[2026-09-05 01:58:04] [GATE-4-5] [INFO]   Gate 4 (AP2 anchor):     PASS (4/4)
[2026-09-05 01:58:04] [GATE-4-5] [INFO]   Gate 5 (compliance):     PASS (4/5)
[2026-09-05 01:58:04] [GATE-4-5] [INFO]   Compliance Report:       compliance_check_1788566247.json
[2026-09-05 01:58:04] [GATE-4-5] [INFO] =========================================
[2026-09-05 01:58:04] [GATE-4-5] [INFO] Gate 4-5 PASSED: Session compliance verified, ready for shutdown
[2026-09-05 01:58:31] [GATE-4-5] [INFO] === Gate 4-5 Serial Verification ===
[2026-09-05 01:58:31] [GATE-4-5] [INFO] GATE 4: AP2 Merkle ledger anchoring...
[2026-09-05 01:58:31] [GATE-4-5] [INFO]   ✓ Collected     1655 work receipts for Merkle tree
[2026-09-05 01:58:31] [GATE-4-5] [INFO]   ✓ AP2 Merkle tree entry created
[2026-09-05 01:58:31] [GATE-4-5] [INFO]   ✓ AP2 ledger entry integrity verified (SHA256: eb3efb5822cdcfa1...)
[2026-09-05 01:58:31] [GATE-4-5] [INFO]   ✓ AP2 ledger staged for commit
[2026-09-05 01:58:31] [GATE-4-5] [INFO]   ✓ AP2 ledger committed to git
[2026-09-05 01:58:31] [GATE-4-5] [INFO] GATE 5: Final compliance check...
[2026-09-05 01:59:07] [GATE-4-5] [INFO]   ✓ Git policy compliance verified
[2026-09-05 01:59:07] [GATE-4-5] [INFO]   ✓ Found 4/7 proof artifacts
[2026-09-05 01:59:07] [GATE-4-5] [INFO]   ✓ Evidence integrity verified (    1665 files)
[2026-09-05 01:59:07] [GATE-4-5] [INFO]   ✓ Session validation passed (1788566347s duration)
[2026-09-05 01:59:07] [GATE-4-5] [INFO] Compliance report written to: /Users/andriileukhin/Documents/SovereignNexus/.smaos/compliance_check_1788566311.json
[2026-09-05 01:59:07] [GATE-4-5] [INFO] =========================================
[2026-09-05 01:59:07] [GATE-4-5] [INFO] Gate 4-5 Summary:
[2026-09-05 01:59:07] [GATE-4-5] [INFO]   Gate 4 (AP2 anchor):     PASS (4/4)
[2026-09-05 01:59:07] [GATE-4-5] [INFO]   Gate 5 (compliance):     PASS (4/5)
[2026-09-05 01:59:07] [GATE-4-5] [INFO]   Compliance Report:       compliance_check_1788566311.json
[2026-09-05 01:59:07] [GATE-4-5] [INFO] =========================================
[2026-09-05 01:59:07] [GATE-4-5] [INFO] Gate 4-5 PASSED: Session compliance verified, ready for shutdown
[2026-09-05 01:59:19] [GATE-4-5] [INFO] === Gate 4-5 Serial Verification ===
[2026-09-05 01:59:19] [GATE-4-5] [INFO] GATE 4: AP2 Merkle ledger anchoring...
[2026-09-05 01:59:19] [GATE-4-5] [INFO]   ✓ Collected     1656 work receipts for Merkle tree
[2026-09-05 01:59:19] [GATE-4-5] [INFO]   ✓ AP2 Merkle tree entry created
[2026-09-05 01:59:19] [GATE-4-5] [INFO]   ✓ AP2 ledger entry integrity verified (SHA256: dda4fd9a32f5b06d...)
[2026-09-05 01:59:19] [GATE-4-5] [INFO]   ✓ AP2 ledger staged for commit
[2026-09-05 01:59:19] [GATE-4-5] [INFO]   ✓ AP2 ledger committed to git
[2026-09-05 01:59:19] [GATE-4-5] [INFO] GATE 5: Final compliance check...
[2026-09-05 01:59:55] [GATE-4-5] [INFO]   ✓ Git policy compliance verified
[2026-09-05 01:59:55] [GATE-4-5] [INFO]   ✓ Found 4/7 proof artifacts
[2026-09-05 01:59:55] [GATE-4-5] [INFO]   ✓ Evidence integrity verified (    1665 files)
[2026-09-05 01:59:55] [GATE-4-5] [INFO]   ✓ Session validation passed (1788566395s duration)
[2026-09-05 01:59:55] [GATE-4-5] [INFO] Compliance report written to: /Users/andriileukhin/Documents/SovereignNexus/.smaos/compliance_check_1788566358.json
[2026-09-05 01:59:55] [GATE-4-5] [INFO] =========================================
[2026-09-05 01:59:55] [GATE-4-5] [INFO] Gate 4-5 Summary:
[2026-09-05 01:59:55] [GATE-4-5] [INFO]   Gate 4 (AP2 anchor):     PASS (4/4)
[2026-09-05 01:59:55] [GATE-4-5] [INFO]   Gate 5 (compliance):     PASS (4/5)
[2026-09-05 01:59:55] [GATE-4-5] [INFO]   Compliance Report:       compliance_check_1788566358.json
[2026-09-05 01:59:55] [GATE-4-5] [INFO] =========================================
[2026-09-05 01:59:55] [GATE-4-5] [INFO] Gate 4-5 PASSED: Session compliance verified, ready for shutdown
[2026-09-05 02:00:24] [GATE-4-5] [INFO] === Gate 4-5 Serial Verification ===
[2026-09-05 02:00:24] [GATE-4-5] [INFO] GATE 4: AP2 Merkle ledger anchoring...
[2026-09-05 02:00:24] [GATE-4-5] [INFO]   ✓ Collected     1657 work receipts for Merkle tree
[2026-09-05 02:00:24] [GATE-4-5] [INFO]   ✓ AP2 Merkle tree entry created
[2026-09-05 02:00:24] [GATE-4-5] [INFO]   ✓ AP2 ledger entry integrity verified (SHA256: 0c05ae199dfad604...)
[2026-09-05 02:00:24] [GATE-4-5] [INFO]   ✓ AP2 ledger staged for commit
[2026-09-05 02:00:25] [GATE-4-5] [INFO]   ✓ AP2 ledger committed to git
[2026-09-05 02:00:25] [GATE-4-5] [INFO] GATE 5: Final compliance check...
[2026-09-05 02:01:02] [GATE-4-5] [INFO]   ✓ Git policy compliance verified
[2026-09-05 02:01:02] [GATE-4-5] [INFO]   ✓ Found 4/7 proof artifacts
[2026-09-05 02:01:02] [GATE-4-5] [INFO]   ✓ Evidence integrity verified (    1677 files)
[2026-09-05 02:01:02] [GATE-4-5] [INFO]   ✓ Session validation passed (1788566462s duration)
[2026-09-05 02:01:02] [GATE-4-5] [INFO] Compliance report written to: /Users/andriileukhin/Documents/SovereignNexus/.smaos/compliance_check_1788566424.json
[2026-09-05 02:01:02] [GATE-4-5] [INFO] =========================================
[2026-09-05 02:01:02] [GATE-4-5] [INFO] Gate 4-5 Summary:
[2026-09-05 02:01:02] [GATE-4-5] [INFO]   Gate 4 (AP2 anchor):     PASS (4/4)
[2026-09-05 02:01:02] [GATE-4-5] [INFO]   Gate 5 (compliance):     PASS (4/5)
[2026-09-05 02:01:02] [GATE-4-5] [INFO]   Compliance Report:       compliance_check_1788566424.json
[2026-09-05 02:01:02] [GATE-4-5] [INFO] =========================================
[2026-09-05 02:01:02] [GATE-4-5] [INFO] Gate 4-5 PASSED: Session compliance verified, ready for shutdown
[2026-09-05 02:08:12] [GATE-4-5] [INFO] === Gate 4-5 Serial Verification ===
[2026-09-05 02:08:12] [GATE-4-5] [INFO] GATE 4: AP2 Merkle ledger anchoring...
[2026-09-05 02:08:12] [GATE-4-5] [INFO]   ✓ Collected     1908 work receipts for Merkle tree
[2026-09-05 02:08:13] [GATE-4-5] [INFO]   ✓ AP2 Merkle tree entry created
[2026-09-05 02:08:13] [GATE-4-5] [INFO]   ✓ AP2 ledger entry integrity verified (SHA256: 8e53f4f069687573...)
[2026-09-05 02:08:13] [GATE-4-5] [INFO]   ✓ AP2 ledger staged for commit
[2026-09-05 02:08:14] [GATE-4-5] [INFO]   ✓ AP2 ledger committed to git
[2026-09-05 02:08:14] [GATE-4-5] [INFO] GATE 5: Final compliance check...
[2026-09-05 02:08:55] [GATE-4-5] [INFO]   ✓ Git policy compliance verified
[2026-09-05 02:08:55] [GATE-4-5] [INFO]   ✓ Found 4/7 proof artifacts
[2026-09-05 02:08:55] [GATE-4-5] [INFO]   ✓ Evidence integrity verified (    1939 files)
[2026-09-05 02:08:55] [GATE-4-5] [INFO]   ✓ Session validation passed (1788566935s duration)
[2026-09-05 02:08:55] [GATE-4-5] [INFO] Compliance report written to: /Users/andriileukhin/Documents/SovereignNexus/.smaos/compliance_check_1788566892.json
[2026-09-05 02:08:55] [GATE-4-5] [INFO] =========================================
[2026-09-05 02:08:55] [GATE-4-5] [INFO] Gate 4-5 Summary:
[2026-09-05 02:08:55] [GATE-4-5] [INFO]   Gate 4 (AP2 anchor):     PASS (4/4)
[2026-09-05 02:08:55] [GATE-4-5] [INFO]   Gate 5 (compliance):     PASS (4/5)
[2026-09-05 02:08:55] [GATE-4-5] [INFO]   Compliance Report:       compliance_check_1788566892.json
[2026-09-05 02:08:55] [GATE-4-5] [INFO] =========================================
[2026-09-05 02:08:55] [GATE-4-5] [INFO] Gate 4-5 PASSED: Session compliance verified, ready for shutdown
[2026-09-05 02:09:12] [GATE-4-5] [INFO] === Gate 4-5 Serial Verification ===
[2026-09-05 02:09:12] [GATE-4-5] [INFO] GATE 4: AP2 Merkle ledger anchoring...
[2026-09-05 02:09:12] [GATE-4-5] [INFO]   ✓ Collected     1936 work receipts for Merkle tree
[2026-09-05 02:09:12] [GATE-4-5] [INFO]   ✓ AP2 Merkle tree entry created
[2026-09-05 02:09:12] [GATE-4-5] [INFO]   ✓ AP2 ledger entry integrity verified (SHA256: c87f0a06e3ade7e1...)
[2026-09-05 02:09:12] [GATE-4-5] [INFO]   ✓ AP2 ledger staged for commit
[2026-09-05 02:09:14] [GATE-4-5] [INFO]   ✓ AP2 ledger committed to git
[2026-09-05 02:09:14] [GATE-4-5] [INFO] GATE 5: Final compliance check...
[2026-09-05 02:09:54] [GATE-4-5] [INFO]   ✓ Git policy compliance verified
[2026-09-05 02:09:54] [GATE-4-5] [INFO]   ✓ Found 4/7 proof artifacts
[2026-09-05 02:09:54] [GATE-4-5] [INFO]   ✓ Evidence integrity verified (    1966 files)
[2026-09-05 02:09:54] [GATE-4-5] [INFO]   ✓ Session validation passed (1788566994s duration)
[2026-09-05 02:09:54] [GATE-4-5] [INFO] Compliance report written to: /Users/andriileukhin/Documents/SovereignNexus/.smaos/compliance_check_1788566952.json
[2026-09-05 02:09:54] [GATE-4-5] [INFO] =========================================
[2026-09-05 02:09:54] [GATE-4-5] [INFO] Gate 4-5 Summary:
[2026-09-05 02:09:54] [GATE-4-5] [INFO]   Gate 4 (AP2 anchor):     PASS (4/4)
[2026-09-05 02:09:54] [GATE-4-5] [INFO]   Gate 5 (compliance):     PASS (4/5)
[2026-09-05 02:09:54] [GATE-4-5] [INFO]   Compliance Report:       compliance_check_1788566952.json
[2026-09-05 02:09:54] [GATE-4-5] [INFO] =========================================
[2026-09-05 02:09:54] [GATE-4-5] [INFO] Gate 4-5 PASSED: Session compliance verified, ready for shutdown
[2026-09-05 02:10:01] [GATE-4-5] [INFO] === Gate 4-5 Serial Verification ===
[2026-09-05 02:10:01] [GATE-4-5] [INFO] GATE 4: AP2 Merkle ledger anchoring...
[2026-09-05 02:10:01] [GATE-4-5] [INFO]   ✓ Collected     1958 work receipts for Merkle tree
[2026-09-05 02:10:01] [GATE-4-5] [INFO]   ✓ AP2 Merkle tree entry created
[2026-09-05 02:10:01] [GATE-4-5] [INFO]   ✓ AP2 ledger entry integrity verified (SHA256: d5a85249f7de7ac0...)
[2026-09-05 02:10:01] [GATE-4-5] [INFO]   ✓ AP2 ledger staged for commit
[2026-09-05 02:10:02] [GATE-4-5] [INFO]   ✓ AP2 ledger committed to git
[2026-09-05 02:10:02] [GATE-4-5] [INFO] GATE 5: Final compliance check...
[2026-09-05 02:10:41] [GATE-4-5] [INFO]   ✓ Git policy compliance verified
[2026-09-05 02:10:41] [GATE-4-5] [INFO]   ✓ Found 4/7 proof artifacts
[2026-09-05 02:10:41] [GATE-4-5] [INFO]   ✓ Evidence integrity verified (    1977 files)
[2026-09-05 02:10:41] [GATE-4-5] [INFO]   ✓ Session validation passed (1788567041s duration)
[2026-09-05 02:10:41] [GATE-4-5] [INFO] Compliance report written to: /Users/andriileukhin/Documents/SovereignNexus/.smaos/compliance_check_1788567001.json
[2026-09-05 02:10:41] [GATE-4-5] [INFO] =========================================
[2026-09-05 02:10:41] [GATE-4-5] [INFO] Gate 4-5 Summary:
[2026-09-05 02:10:41] [GATE-4-5] [INFO]   Gate 4 (AP2 anchor):     PASS (4/4)
[2026-09-05 02:10:41] [GATE-4-5] [INFO]   Gate 5 (compliance):     PASS (4/5)
[2026-09-05 02:10:41] [GATE-4-5] [INFO]   Compliance Report:       compliance_check_1788567001.json
[2026-09-05 02:10:41] [GATE-4-5] [INFO] =========================================
[2026-09-05 02:10:41] [GATE-4-5] [INFO] Gate 4-5 PASSED: Session compliance verified, ready for shutdown
[2026-09-05 02:10:45] [GATE-4-5] [INFO] === Gate 4-5 Serial Verification ===
[2026-09-05 02:10:45] [GATE-4-5] [INFO] GATE 4: AP2 Merkle ledger anchoring...
[2026-09-05 02:10:45] [GATE-4-5] [INFO]   ✓ Collected     1969 work receipts for Merkle tree
[2026-09-05 02:10:45] [GATE-4-5] [INFO]   ✓ AP2 Merkle tree entry created
[2026-09-05 02:10:45] [GATE-4-5] [INFO]   ✓ AP2 ledger entry integrity verified (SHA256: 8f11b211ddeeb6ae...)
[2026-09-05 02:10:45] [GATE-4-5] [INFO]   ✓ AP2 ledger staged for commit
[2026-09-05 02:10:46] [GATE-4-5] [INFO]   ✓ AP2 ledger committed to git
[2026-09-05 02:10:46] [GATE-4-5] [INFO] GATE 5: Final compliance check...
[2026-09-05 02:11:25] [GATE-4-5] [INFO]   ✓ Git policy compliance verified
[2026-09-05 02:11:25] [GATE-4-5] [INFO]   ✓ Found 4/7 proof artifacts
[2026-09-05 02:11:25] [GATE-4-5] [INFO]   ✓ Evidence integrity verified (    1992 files)
[2026-09-05 02:11:25] [GATE-4-5] [INFO]   ✓ Session validation passed (1788567085s duration)
[2026-09-05 02:11:25] [GATE-4-5] [INFO] Compliance report written to: /Users/andriileukhin/Documents/SovereignNexus/.smaos/compliance_check_1788567045.json
[2026-09-05 02:11:25] [GATE-4-5] [INFO] =========================================
[2026-09-05 02:11:25] [GATE-4-5] [INFO] Gate 4-5 Summary:
[2026-09-05 02:11:25] [GATE-4-5] [INFO]   Gate 4 (AP2 anchor):     PASS (4/4)
[2026-09-05 02:11:25] [GATE-4-5] [INFO]   Gate 5 (compliance):     PASS (4/5)
[2026-09-05 02:11:25] [GATE-4-5] [INFO]   Compliance Report:       compliance_check_1788567045.json
[2026-09-05 02:11:25] [GATE-4-5] [INFO] =========================================
[2026-09-05 02:11:25] [GATE-4-5] [INFO] Gate 4-5 PASSED: Session compliance verified, ready for shutdown
[2026-09-05 02:11:31] [GATE-4-5] [INFO] === Gate 4-5 Serial Verification ===
[2026-09-05 02:11:31] [GATE-4-5] [INFO] GATE 4: AP2 Merkle ledger anchoring...
[2026-09-05 02:11:31] [GATE-4-5] [INFO]   ✓ Collected     1984 work receipts for Merkle tree
[2026-09-05 02:11:32] [GATE-4-5] [INFO]   ✓ AP2 Merkle tree entry created
[2026-09-05 02:11:32] [GATE-4-5] [INFO]   ✓ AP2 ledger entry integrity verified (SHA256: 4c9add9652e584f6...)
[2026-09-05 02:11:32] [GATE-4-5] [INFO]   ✓ AP2 ledger staged for commit
[2026-09-05 02:11:33] [GATE-4-5] [INFO]   ✓ AP2 ledger committed to git
[2026-09-05 02:11:33] [GATE-4-5] [INFO] GATE 5: Final compliance check...
[2026-09-05 02:12:10] [GATE-4-5] [INFO]   ✓ Git policy compliance verified
[2026-09-05 02:12:10] [GATE-4-5] [INFO]   ✓ Found 4/7 proof artifacts
[2026-09-05 02:12:10] [GATE-4-5] [INFO]   ✓ Evidence integrity verified (    1994 files)
[2026-09-05 02:12:10] [GATE-4-5] [INFO]   ✓ Session validation passed (1788567130s duration)
[2026-09-05 02:12:10] [GATE-4-5] [INFO] Compliance report written to: /Users/andriileukhin/Documents/SovereignNexus/.smaos/compliance_check_1788567091.json
[2026-09-05 02:12:10] [GATE-4-5] [INFO] =========================================
[2026-09-05 02:12:10] [GATE-4-5] [INFO] Gate 4-5 Summary:
[2026-09-05 02:12:10] [GATE-4-5] [INFO]   Gate 4 (AP2 anchor):     PASS (4/4)
[2026-09-05 02:12:10] [GATE-4-5] [INFO]   Gate 5 (compliance):     PASS (4/5)
[2026-09-05 02:12:10] [GATE-4-5] [INFO]   Compliance Report:       compliance_check_1788567091.json
[2026-09-05 02:12:10] [GATE-4-5] [INFO] =========================================
[2026-09-05 02:12:10] [GATE-4-5] [INFO] Gate 4-5 PASSED: Session compliance verified, ready for shutdown
[2026-09-05 02:12:13] [GATE-4-5] [INFO] === Gate 4-5 Serial Verification ===
[2026-09-05 02:12:13] [GATE-4-5] [INFO] GATE 4: AP2 Merkle ledger anchoring...
[2026-09-05 02:12:13] [GATE-4-5] [INFO]   ✓ Collected     1985 work receipts for Merkle tree
[2026-09-05 02:12:13] [GATE-4-5] [INFO]   ✓ AP2 Merkle tree entry created
[2026-09-05 02:12:13] [GATE-4-5] [INFO]   ✓ AP2 ledger entry integrity verified (SHA256: ddbb51346cd564c2...)
[2026-09-05 02:12:13] [GATE-4-5] [INFO]   ✓ AP2 ledger staged for commit
[2026-09-05 02:12:14] [GATE-4-5] [INFO]   ✓ AP2 ledger committed to git
[2026-09-05 02:12:14] [GATE-4-5] [INFO] GATE 5: Final compliance check...
[2026-09-05 02:12:51] [GATE-4-5] [INFO]   ✓ Git policy compliance verified
[2026-09-05 02:12:51] [GATE-4-5] [INFO]   ✓ Found 4/7 proof artifacts
[2026-09-05 02:12:51] [GATE-4-5] [INFO]   ✓ Evidence integrity verified (    1994 files)
[2026-09-05 02:12:51] [GATE-4-5] [INFO]   ✓ Session validation passed (1788567171s duration)
[2026-09-05 02:12:51] [GATE-4-5] [INFO] Compliance report written to: /Users/andriileukhin/Documents/SovereignNexus/.smaos/compliance_check_1788567133.json
[2026-09-05 02:12:51] [GATE-4-5] [INFO] =========================================
[2026-09-05 02:12:51] [GATE-4-5] [INFO] Gate 4-5 Summary:
[2026-09-05 02:12:51] [GATE-4-5] [INFO]   Gate 4 (AP2 anchor):     PASS (4/4)
[2026-09-05 02:12:51] [GATE-4-5] [INFO]   Gate 5 (compliance):     PASS (4/5)
[2026-09-05 02:12:51] [GATE-4-5] [INFO]   Compliance Report:       compliance_check_1788567133.json
[2026-09-05 02:12:51] [GATE-4-5] [INFO] =========================================
[2026-09-05 02:12:51] [GATE-4-5] [INFO] Gate 4-5 PASSED: Session compliance verified, ready for shutdown
[2026-09-05 02:12:53] [GATE-4-5] [INFO] === Gate 4-5 Serial Verification ===
[2026-09-05 02:12:53] [GATE-4-5] [INFO] GATE 4: AP2 Merkle ledger anchoring...
[2026-09-05 02:12:53] [GATE-4-5] [INFO]   ✓ Collected     1985 work receipts for Merkle tree
[2026-09-05 02:12:53] [GATE-4-5] [INFO]   ✓ AP2 Merkle tree entry created
[2026-09-05 02:12:53] [GATE-4-5] [INFO]   ✓ AP2 ledger entry integrity verified (SHA256: 2788690e329e069b...)
[2026-09-05 02:12:54] [GATE-4-5] [INFO]   ✓ AP2 ledger staged for commit
[2026-09-05 02:12:55] [GATE-4-5] [INFO]   ✓ AP2 ledger committed to git
[2026-09-05 02:12:55] [GATE-4-5] [INFO] GATE 5: Final compliance check...
[2026-09-05 02:13:31] [GATE-4-5] [INFO]   ✓ Git policy compliance verified
[2026-09-05 02:13:31] [GATE-4-5] [INFO]   ✓ Found 4/7 proof artifacts
[2026-09-05 02:13:31] [GATE-4-5] [INFO]   ✓ Evidence integrity verified (    1994 files)
[2026-09-05 02:13:31] [GATE-4-5] [INFO]   ✓ Session validation passed (1788567211s duration)
[2026-09-05 02:13:31] [GATE-4-5] [INFO] Compliance report written to: /Users/andriileukhin/Documents/SovereignNexus/.smaos/compliance_check_1788567173.json
[2026-09-05 02:13:31] [GATE-4-5] [INFO] =========================================
[2026-09-05 02:13:31] [GATE-4-5] [INFO] Gate 4-5 Summary:
[2026-09-05 02:13:31] [GATE-4-5] [INFO]   Gate 4 (AP2 anchor):     PASS (4/4)
[2026-09-05 02:13:31] [GATE-4-5] [INFO]   Gate 5 (compliance):     PASS (4/5)
[2026-09-05 02:13:31] [GATE-4-5] [INFO]   Compliance Report:       compliance_check_1788567173.json
[2026-09-05 02:13:31] [GATE-4-5] [INFO] =========================================
[2026-09-05 02:13:31] [GATE-4-5] [INFO] Gate 4-5 PASSED: Session compliance verified, ready for shutdown
[2026-09-05 02:13:38] [GATE-4-5] [INFO] === Gate 4-5 Serial Verification ===
[2026-09-05 02:13:38] [GATE-4-5] [INFO] GATE 4: AP2 Merkle ledger anchoring...
[2026-09-05 02:13:38] [GATE-4-5] [INFO]   ✓ Collected     1985 work receipts for Merkle tree
[2026-09-05 02:13:38] [GATE-4-5] [INFO]   ✓ AP2 Merkle tree entry created
[2026-09-05 02:13:38] [GATE-4-5] [INFO]   ✓ AP2 ledger entry integrity verified (SHA256: be7f4ce23de4cc32...)
[2026-09-05 02:13:38] [GATE-4-5] [INFO]   ✓ AP2 ledger staged for commit
[2026-09-05 02:13:39] [GATE-4-5] [INFO]   ✓ AP2 ledger committed to git
[2026-09-05 02:13:39] [GATE-4-5] [INFO] GATE 5: Final compliance check...
[2026-09-05 02:14:16] [GATE-4-5] [INFO]   ✓ Git policy compliance verified
[2026-09-05 02:14:16] [GATE-4-5] [INFO]   ✓ Found 4/7 proof artifacts
[2026-09-05 02:14:16] [GATE-4-5] [INFO]   ✓ Evidence integrity verified (    1994 files)
[2026-09-05 02:14:16] [GATE-4-5] [INFO]   ✓ Session validation passed (1788567256s duration)
[2026-09-05 02:14:16] [GATE-4-5] [INFO] Compliance report written to: /Users/andriileukhin/Documents/SovereignNexus/.smaos/compliance_check_1788567218.json
[2026-09-05 02:14:16] [GATE-4-5] [INFO] =========================================
[2026-09-05 02:14:16] [GATE-4-5] [INFO] Gate 4-5 Summary:
[2026-09-05 02:14:16] [GATE-4-5] [INFO]   Gate 4 (AP2 anchor):     PASS (4/4)
[2026-09-05 02:14:16] [GATE-4-5] [INFO]   Gate 5 (compliance):     PASS (4/5)
[2026-09-05 02:14:16] [GATE-4-5] [INFO]   Compliance Report:       compliance_check_1788567218.json
[2026-09-05 02:14:16] [GATE-4-5] [INFO] =========================================
[2026-09-05 02:14:16] [GATE-4-5] [INFO] Gate 4-5 PASSED: Session compliance verified, ready for shutdown
[2026-09-05 02:36:14] [GATE-4-5] [INFO] === Gate 4-5 Serial Verification ===
[2026-09-05 02:36:14] [GATE-4-5] [INFO] GATE 4: AP2 Merkle ledger anchoring...
[2026-09-05 02:36:14] [GATE-4-5] [INFO]   ✓ Collected     1985 work receipts for Merkle tree
[2026-09-05 02:36:14] [GATE-4-5] [INFO]   ✓ AP2 Merkle tree entry created
[2026-09-05 02:36:14] [GATE-4-5] [INFO]   ✓ AP2 ledger entry integrity verified (SHA256: 42ad845dd0e865e0...)
[2026-09-05 02:36:14] [GATE-4-5] [INFO]   ✓ AP2 ledger staged for commit
[2026-09-05 02:36:17] [GATE-4-5] [INFO]   ✓ AP2 ledger committed to git
[2026-09-05 02:36:17] [GATE-4-5] [INFO] GATE 5: Final compliance check...
[2026-09-05 02:36:54] [GATE-4-5] [INFO]   ✓ Git policy compliance verified
[2026-09-05 02:36:54] [GATE-4-5] [INFO]   ✓ Found 4/7 proof artifacts
[2026-09-05 02:36:54] [GATE-4-5] [INFO]   ✓ Evidence integrity verified (    1994 files)
[2026-09-05 02:36:54] [GATE-4-5] [INFO]   ✓ Session validation passed (1788568614s duration)
[2026-09-05 02:36:54] [GATE-4-5] [INFO] Compliance report written to: /Users/andriileukhin/Documents/SovereignNexus/.smaos/compliance_check_1788568574.json
[2026-09-05 02:36:54] [GATE-4-5] [INFO] =========================================
[2026-09-05 02:36:54] [GATE-4-5] [INFO] Gate 4-5 Summary:
[2026-09-05 02:36:54] [GATE-4-5] [INFO]   Gate 4 (AP2 anchor):     PASS (4/4)
[2026-09-05 02:36:54] [GATE-4-5] [INFO]   Gate 5 (compliance):     PASS (4/5)
[2026-09-05 02:36:54] [GATE-4-5] [INFO]   Compliance Report:       compliance_check_1788568574.json
[2026-09-05 02:36:54] [GATE-4-5] [INFO] =========================================
[2026-09-05 02:36:54] [GATE-4-5] [INFO] Gate 4-5 PASSED: Session compliance verified, ready for shutdown
[2026-09-05 02:40:20] [GATE-4-5] [INFO] === Gate 4-5 Serial Verification ===
[2026-09-05 02:40:20] [GATE-4-5] [INFO] GATE 4: AP2 Merkle ledger anchoring...
[2026-09-05 02:40:20] [GATE-4-5] [INFO]   ✓ Collected     1985 work receipts for Merkle tree
[2026-09-05 02:40:21] [GATE-4-5] [INFO]   ✓ AP2 Merkle tree entry created
[2026-09-05 02:40:21] [GATE-4-5] [INFO]   ✓ AP2 ledger entry integrity verified (SHA256: 8b6ab4b6a3e07f0c...)
[2026-09-05 02:40:21] [GATE-4-5] [INFO]   ✓ AP2 ledger staged for commit
[2026-09-05 02:40:22] [GATE-4-5] [INFO]   ✓ AP2 ledger committed to git
[2026-09-05 02:40:22] [GATE-4-5] [INFO] GATE 5: Final compliance check...
[2026-09-05 02:40:59] [GATE-4-5] [INFO]   ✓ Git policy compliance verified
[2026-09-05 02:40:59] [GATE-4-5] [INFO]   ✓ Found 4/7 proof artifacts
[2026-09-05 02:40:59] [GATE-4-5] [INFO]   ✓ Evidence integrity verified (    1994 files)
[2026-09-05 02:40:59] [GATE-4-5] [INFO]   ✓ Session validation passed (1788568859s duration)
[2026-09-05 02:40:59] [GATE-4-5] [INFO] Compliance report written to: /Users/andriileukhin/Documents/SovereignNexus/.smaos/compliance_check_1788568820.json
[2026-09-05 02:40:59] [GATE-4-5] [INFO] =========================================
[2026-09-05 02:40:59] [GATE-4-5] [INFO] Gate 4-5 Summary:
[2026-09-05 02:40:59] [GATE-4-5] [INFO]   Gate 4 (AP2 anchor):     PASS (4/4)
[2026-09-05 02:40:59] [GATE-4-5] [INFO]   Gate 5 (compliance):     PASS (4/5)
[2026-09-05 02:40:59] [GATE-4-5] [INFO]   Compliance Report:       compliance_check_1788568820.json
[2026-09-05 02:40:59] [GATE-4-5] [INFO] =========================================
[2026-09-05 02:40:59] [GATE-4-5] [INFO] Gate 4-5 PASSED: Session compliance verified, ready for shutdown
[2026-09-05 02:41:02] [GATE-4-5] [INFO] === Gate 4-5 Serial Verification ===
[2026-09-05 02:41:02] [GATE-4-5] [INFO] GATE 4: AP2 Merkle ledger anchoring...
[2026-09-05 02:41:03] [GATE-4-5] [INFO]   ✓ Collected     1985 work receipts for Merkle tree
[2026-09-05 02:41:03] [GATE-4-5] [INFO]   ✓ AP2 Merkle tree entry created
[2026-09-05 02:41:03] [GATE-4-5] [INFO]   ✓ AP2 ledger entry integrity verified (SHA256: 0b1c57fb39e1a244...)
[2026-09-05 02:41:03] [GATE-4-5] [INFO]   ✓ AP2 ledger staged for commit
[2026-09-05 02:41:04] [GATE-4-5] [INFO]   ✓ AP2 ledger committed to git
[2026-09-05 02:41:04] [GATE-4-5] [INFO] GATE 5: Final compliance check...
[2026-09-05 02:41:41] [GATE-4-5] [INFO]   ✓ Git policy compliance verified
[2026-09-05 02:41:41] [GATE-4-5] [INFO]   ✓ Found 4/7 proof artifacts
[2026-09-05 02:41:41] [GATE-4-5] [INFO]   ✓ Evidence integrity verified (    1994 files)
[2026-09-05 02:41:41] [GATE-4-5] [INFO]   ✓ Session validation passed (1788568901s duration)
[2026-09-05 02:41:41] [GATE-4-5] [INFO] Compliance report written to: /Users/andriileukhin/Documents/SovereignNexus/.smaos/compliance_check_1788568862.json
[2026-09-05 02:41:41] [GATE-4-5] [INFO] =========================================
[2026-09-05 02:41:41] [GATE-4-5] [INFO] Gate 4-5 Summary:
[2026-09-05 02:41:41] [GATE-4-5] [INFO]   Gate 4 (AP2 anchor):     PASS (4/4)
[2026-09-05 02:41:41] [GATE-4-5] [INFO]   Gate 5 (compliance):     PASS (4/5)
[2026-09-05 02:41:41] [GATE-4-5] [INFO]   Compliance Report:       compliance_check_1788568862.json
[2026-09-05 02:41:41] [GATE-4-5] [INFO] =========================================
[2026-09-05 02:41:41] [GATE-4-5] [INFO] Gate 4-5 PASSED: Session compliance verified, ready for shutdown
[2026-09-05 02:41:44] [GATE-4-5] [INFO] === Gate 4-5 Serial Verification ===
[2026-09-05 02:41:44] [GATE-4-5] [INFO] GATE 4: AP2 Merkle ledger anchoring...
[2026-09-05 02:41:44] [GATE-4-5] [INFO]   ✓ Collected     1985 work receipts for Merkle tree
[2026-09-05 02:41:44] [GATE-4-5] [INFO]   ✓ AP2 Merkle tree entry created
[2026-09-05 02:41:44] [GATE-4-5] [INFO]   ✓ AP2 ledger entry integrity verified (SHA256: 1ba905404f4815ef...)
[2026-09-05 02:41:44] [GATE-4-5] [INFO]   ✓ AP2 ledger staged for commit
[2026-09-05 02:41:45] [GATE-4-5] [INFO]   ✓ AP2 ledger committed to git
[2026-09-05 02:41:45] [GATE-4-5] [INFO] GATE 5: Final compliance check...
[2026-09-05 02:42:23] [GATE-4-5] [INFO]   ✓ Git policy compliance verified
[2026-09-05 02:42:23] [GATE-4-5] [INFO]   ✓ Found 4/7 proof artifacts
[2026-09-05 02:42:23] [GATE-4-5] [INFO]   ✓ Evidence integrity verified (    1994 files)
[2026-09-05 02:42:23] [GATE-4-5] [INFO]   ✓ Session validation passed (1788568943s duration)
[2026-09-05 02:42:23] [GATE-4-5] [INFO] Compliance report written to: /Users/andriileukhin/Documents/SovereignNexus/.smaos/compliance_check_1788568904.json
[2026-09-05 02:42:23] [GATE-4-5] [INFO] =========================================
[2026-09-05 02:42:23] [GATE-4-5] [INFO] Gate 4-5 Summary:
[2026-09-05 02:42:23] [GATE-4-5] [INFO]   Gate 4 (AP2 anchor):     PASS (4/4)
[2026-09-05 02:42:23] [GATE-4-5] [INFO]   Gate 5 (compliance):     PASS (4/5)
[2026-09-05 02:42:23] [GATE-4-5] [INFO]   Compliance Report:       compliance_check_1788568904.json
[2026-09-05 02:42:23] [GATE-4-5] [INFO] =========================================
[2026-09-05 02:42:23] [GATE-4-5] [INFO] Gate 4-5 PASSED: Session compliance verified, ready for shutdown
[2026-09-05 02:42:31] [GATE-4-5] [INFO] === Gate 4-5 Serial Verification ===
[2026-09-05 02:42:31] [GATE-4-5] [INFO] GATE 4: AP2 Merkle ledger anchoring...
[2026-09-05 02:42:31] [GATE-4-5] [INFO]   ✓ Collected     1985 work receipts for Merkle tree
[2026-09-05 02:42:31] [GATE-4-5] [INFO]   ✓ AP2 Merkle tree entry created
[2026-09-05 02:42:31] [GATE-4-5] [INFO]   ✓ AP2 ledger entry integrity verified (SHA256: 4555968a92ee1399...)
[2026-09-05 02:42:31] [GATE-4-5] [INFO]   ✓ AP2 ledger staged for commit
[2026-09-05 02:42:33] [GATE-4-5] [INFO]   ✓ AP2 ledger committed to git
[2026-09-05 02:42:33] [GATE-4-5] [INFO] GATE 5: Final compliance check...
[2026-09-05 02:43:10] [GATE-4-5] [INFO]   ✓ Git policy compliance verified
[2026-09-05 02:43:10] [GATE-4-5] [INFO]   ✓ Found 4/7 proof artifacts
[2026-09-05 02:43:10] [GATE-4-5] [INFO]   ✓ Evidence integrity verified (    1994 files)
[2026-09-05 02:43:10] [GATE-4-5] [INFO]   ✓ Session validation passed (1788568990s duration)
[2026-09-05 02:43:10] [GATE-4-5] [INFO] Compliance report written to: /Users/andriileukhin/Documents/SovereignNexus/.smaos/compliance_check_1788568951.json
[2026-09-05 02:43:10] [GATE-4-5] [INFO] =========================================
[2026-09-05 02:43:10] [GATE-4-5] [INFO] Gate 4-5 Summary:
[2026-09-05 02:43:10] [GATE-4-5] [INFO]   Gate 4 (AP2 anchor):     PASS (4/4)
[2026-09-05 02:43:10] [GATE-4-5] [INFO]   Gate 5 (compliance):     PASS (4/5)
[2026-09-05 02:43:10] [GATE-4-5] [INFO]   Compliance Report:       compliance_check_1788568951.json
[2026-09-05 02:43:10] [GATE-4-5] [INFO] =========================================
[2026-09-05 02:43:10] [GATE-4-5] [INFO] Gate 4-5 PASSED: Session compliance verified, ready for shutdown
[2026-09-05 02:43:14] [GATE-4-5] [INFO] === Gate 4-5 Serial Verification ===
[2026-09-05 02:43:14] [GATE-4-5] [INFO] GATE 4: AP2 Merkle ledger anchoring...
[2026-09-05 02:43:14] [GATE-4-5] [INFO]   ✓ Collected     1985 work receipts for Merkle tree
[2026-09-05 02:43:14] [GATE-4-5] [INFO]   ✓ AP2 Merkle tree entry created
[2026-09-05 02:43:14] [GATE-4-5] [INFO]   ✓ AP2 ledger entry integrity verified (SHA256: a290d259a2879c0a...)
[2026-09-05 02:43:14] [GATE-4-5] [INFO]   ✓ AP2 ledger staged for commit
[2026-09-05 02:43:15] [GATE-4-5] [INFO]   ✓ AP2 ledger committed to git
[2026-09-05 02:43:15] [GATE-4-5] [INFO] GATE 5: Final compliance check...
[2026-09-05 02:43:52] [GATE-4-5] [INFO]   ✓ Git policy compliance verified
[2026-09-05 02:43:52] [GATE-4-5] [INFO]   ✓ Found 4/7 proof artifacts
[2026-09-05 02:43:52] [GATE-4-5] [INFO]   ✓ Evidence integrity verified (    1994 files)
[2026-09-05 02:43:52] [GATE-4-5] [INFO]   ✓ Session validation passed (1788569032s duration)
[2026-09-05 02:43:52] [GATE-4-5] [INFO] Compliance report written to: /Users/andriileukhin/Documents/SovereignNexus/.smaos/compliance_check_1788568994.json
[2026-09-05 02:43:52] [GATE-4-5] [INFO] =========================================
[2026-09-05 02:43:52] [GATE-4-5] [INFO] Gate 4-5 Summary:
[2026-09-05 02:43:52] [GATE-4-5] [INFO]   Gate 4 (AP2 anchor):     PASS (4/4)
[2026-09-05 02:43:52] [GATE-4-5] [INFO]   Gate 5 (compliance):     PASS (4/5)
[2026-09-05 02:43:52] [GATE-4-5] [INFO]   Compliance Report:       compliance_check_1788568994.json
[2026-09-05 02:43:52] [GATE-4-5] [INFO] =========================================
[2026-09-05 02:43:52] [GATE-4-5] [INFO] Gate 4-5 PASSED: Session compliance verified, ready for shutdown
[2026-09-05 02:47:45] [GATE-4-5] [INFO] === Gate 4-5 Serial Verification ===
[2026-09-05 02:47:45] [GATE-4-5] [INFO] GATE 4: AP2 Merkle ledger anchoring...
[2026-09-05 02:47:45] [GATE-4-5] [INFO]   ✓ Collected     1985 work receipts for Merkle tree
[2026-09-05 02:47:46] [GATE-4-5] [INFO]   ✓ AP2 Merkle tree entry created
[2026-09-05 02:47:46] [GATE-4-5] [INFO]   ✓ AP2 ledger entry integrity verified (SHA256: 39899807d68516ce...)
[2026-09-05 02:47:46] [GATE-4-5] [INFO]   ✓ AP2 ledger staged for commit
[2026-09-05 02:47:48] [GATE-4-5] [INFO]   ✓ AP2 ledger committed to git
[2026-09-05 02:47:48] [GATE-4-5] [INFO] GATE 5: Final compliance check...
[2026-09-05 02:48:25] [GATE-4-5] [INFO]   ✓ Git policy compliance verified
[2026-09-05 02:48:25] [GATE-4-5] [INFO]   ✓ Found 4/7 proof artifacts
[2026-09-05 02:48:25] [GATE-4-5] [INFO]   ✓ Evidence integrity verified (    1994 files)
[2026-09-05 02:48:25] [GATE-4-5] [INFO]   ✓ Session validation passed (1788569305s duration)
[2026-09-05 02:48:25] [GATE-4-5] [INFO] Compliance report written to: /Users/andriileukhin/Documents/SovereignNexus/.smaos/compliance_check_1788569265.json
[2026-09-05 02:48:25] [GATE-4-5] [INFO] =========================================
[2026-09-05 02:48:25] [GATE-4-5] [INFO] Gate 4-5 Summary:
[2026-09-05 02:48:25] [GATE-4-5] [INFO]   Gate 4 (AP2 anchor):     PASS (4/4)
[2026-09-05 02:48:25] [GATE-4-5] [INFO]   Gate 5 (compliance):     PASS (4/5)
[2026-09-05 02:48:25] [GATE-4-5] [INFO]   Compliance Report:       compliance_check_1788569265.json
[2026-09-05 02:48:25] [GATE-4-5] [INFO] =========================================
[2026-09-05 02:48:25] [GATE-4-5] [INFO] Gate 4-5 PASSED: Session compliance verified, ready for shutdown
[2026-09-05 02:48:34] [GATE-4-5] [INFO] === Gate 4-5 Serial Verification ===
[2026-09-05 02:48:34] [GATE-4-5] [INFO] GATE 4: AP2 Merkle ledger anchoring...
[2026-09-05 02:48:34] [GATE-4-5] [INFO]   ✓ Collected     1985 work receipts for Merkle tree
[2026-09-05 02:48:35] [GATE-4-5] [INFO]   ✓ AP2 Merkle tree entry created
[2026-09-05 02:48:35] [GATE-4-5] [INFO]   ✓ AP2 ledger entry integrity verified (SHA256: 5454864e41a80a49...)
[2026-09-05 02:48:35] [GATE-4-5] [INFO]   ✓ AP2 ledger staged for commit
[2026-09-05 02:48:35] [GATE-4-5] [INFO]   ✓ AP2 ledger committed to git
[2026-09-05 02:48:35] [GATE-4-5] [INFO] GATE 5: Final compliance check...
[2026-09-05 02:49:12] [GATE-4-5] [INFO]   ✓ Git policy compliance verified
[2026-09-05 02:49:12] [GATE-4-5] [INFO]   ✓ Found 4/7 proof artifacts
[2026-09-05 02:49:12] [GATE-4-5] [INFO]   ✓ Evidence integrity verified (    1994 files)
[2026-09-05 02:49:12] [GATE-4-5] [INFO]   ✓ Session validation passed (1788569352s duration)
[2026-09-05 02:49:12] [GATE-4-5] [INFO] Compliance report written to: /Users/andriileukhin/Documents/SovereignNexus/.smaos/compliance_check_1788569314.json
[2026-09-05 02:49:12] [GATE-4-5] [INFO] =========================================
[2026-09-05 02:49:12] [GATE-4-5] [INFO] Gate 4-5 Summary:
[2026-09-05 02:49:12] [GATE-4-5] [INFO]   Gate 4 (AP2 anchor):     PASS (4/4)
[2026-09-05 02:49:12] [GATE-4-5] [INFO]   Gate 5 (compliance):     PASS (4/5)
[2026-09-05 02:49:12] [GATE-4-5] [INFO]   Compliance Report:       compliance_check_1788569314.json
[2026-09-05 02:49:12] [GATE-4-5] [INFO] =========================================
[2026-09-05 02:49:12] [GATE-4-5] [INFO] Gate 4-5 PASSED: Session compliance verified, ready for shutdown
[2026-09-05 02:49:20] [GATE-4-5] [INFO] === Gate 4-5 Serial Verification ===
[2026-09-05 02:49:20] [GATE-4-5] [INFO] GATE 4: AP2 Merkle ledger anchoring...
[2026-09-05 02:49:20] [GATE-4-5] [INFO]   ✓ Collected     1985 work receipts for Merkle tree
[2026-09-05 02:49:20] [GATE-4-5] [INFO]   ✓ AP2 Merkle tree entry created
[2026-09-05 02:49:20] [GATE-4-5] [INFO]   ✓ AP2 ledger entry integrity verified (SHA256: 243d71214daacf3d...)
[2026-09-05 02:49:20] [GATE-4-5] [INFO]   ✓ AP2 ledger staged for commit
[2026-09-05 02:49:22] [GATE-4-5] [INFO]   ✓ AP2 ledger committed to git
[2026-09-05 02:49:22] [GATE-4-5] [INFO] GATE 5: Final compliance check...
[2026-09-05 02:49:59] [GATE-4-5] [INFO]   ✓ Git policy compliance verified
[2026-09-05 02:49:59] [GATE-4-5] [INFO]   ✓ Found 4/7 proof artifacts
[2026-09-05 02:49:59] [GATE-4-5] [INFO]   ✓ Evidence integrity verified (    1994 files)
[2026-09-05 02:49:59] [GATE-4-5] [INFO]   ✓ Session validation passed (1788569399s duration)
[2026-09-05 02:49:59] [GATE-4-5] [INFO] Compliance report written to: /Users/andriileukhin/Documents/SovereignNexus/.smaos/compliance_check_1788569360.json
[2026-09-05 02:49:59] [GATE-4-5] [INFO] =========================================
[2026-09-05 02:49:59] [GATE-4-5] [INFO] Gate 4-5 Summary:
[2026-09-05 02:49:59] [GATE-4-5] [INFO]   Gate 4 (AP2 anchor):     PASS (4/4)
[2026-09-05 02:49:59] [GATE-4-5] [INFO]   Gate 5 (compliance):     PASS (4/5)
[2026-09-05 02:49:59] [GATE-4-5] [INFO]   Compliance Report:       compliance_check_1788569360.json
[2026-09-05 02:49:59] [GATE-4-5] [INFO] =========================================
[2026-09-05 02:49:59] [GATE-4-5] [INFO] Gate 4-5 PASSED: Session compliance verified, ready for shutdown
[2026-09-05 02:51:48] [GATE-4-5] [INFO] === Gate 4-5 Serial Verification ===
[2026-09-05 02:51:48] [GATE-4-5] [INFO] GATE 4: AP2 Merkle ledger anchoring...
[2026-09-05 02:51:48] [GATE-4-5] [INFO]   ✓ Collected     1985 work receipts for Merkle tree
[2026-09-05 02:51:48] [GATE-4-5] [INFO]   ✓ AP2 Merkle tree entry created
[2026-09-05 02:51:48] [GATE-4-5] [INFO]   ✓ AP2 ledger entry integrity verified (SHA256: 95ec38af9f002189...)
[2026-09-05 02:51:48] [GATE-4-5] [INFO]   ✓ AP2 ledger staged for commit
[2026-09-05 02:51:49] [GATE-4-5] [INFO]   ✓ AP2 ledger committed to git
[2026-09-05 02:51:49] [GATE-4-5] [INFO] GATE 5: Final compliance check...
[2026-09-05 02:52:27] [GATE-4-5] [INFO]   ✓ Git policy compliance verified
[2026-09-05 02:52:27] [GATE-4-5] [INFO]   ✓ Found 4/7 proof artifacts
[2026-09-05 02:52:27] [GATE-4-5] [INFO]   ✓ Evidence integrity verified (    1994 files)
[2026-09-05 02:52:27] [GATE-4-5] [INFO]   ✓ Session validation passed (1788569547s duration)
[2026-09-05 02:52:27] [GATE-4-5] [INFO] Compliance report written to: /Users/andriileukhin/Documents/SovereignNexus/.smaos/compliance_check_1788569508.json
[2026-09-05 02:52:27] [GATE-4-5] [INFO] =========================================
[2026-09-05 02:52:27] [GATE-4-5] [INFO] Gate 4-5 Summary:
[2026-09-05 02:52:27] [GATE-4-5] [INFO]   Gate 4 (AP2 anchor):     PASS (4/4)
[2026-09-05 02:52:27] [GATE-4-5] [INFO]   Gate 5 (compliance):     PASS (4/5)
[2026-09-05 02:52:27] [GATE-4-5] [INFO]   Compliance Report:       compliance_check_1788569508.json
[2026-09-05 02:52:27] [GATE-4-5] [INFO] =========================================
[2026-09-05 02:52:27] [GATE-4-5] [INFO] Gate 4-5 PASSED: Session compliance verified, ready for shutdown
[2026-09-05 02:52:34] [GATE-4-5] [INFO] === Gate 4-5 Serial Verification ===
[2026-09-05 02:52:34] [GATE-4-5] [INFO] GATE 4: AP2 Merkle ledger anchoring...
[2026-09-05 02:52:34] [GATE-4-5] [INFO]   ✓ Collected     1985 work receipts for Merkle tree
[2026-09-05 02:52:34] [GATE-4-5] [INFO]   ✓ AP2 Merkle tree entry created
[2026-09-05 02:52:34] [GATE-4-5] [INFO]   ✓ AP2 ledger entry integrity verified (SHA256: 6db91aeed70d5a74...)
[2026-09-05 02:52:34] [GATE-4-5] [INFO]   ✓ AP2 ledger staged for commit
[2026-09-05 02:52:36] [GATE-4-5] [INFO]   ✓ AP2 ledger committed to git
[2026-09-05 02:52:36] [GATE-4-5] [INFO] GATE 5: Final compliance check...
[2026-09-05 02:53:12] [GATE-4-5] [INFO]   ✓ Git policy compliance verified
[2026-09-05 02:53:12] [GATE-4-5] [INFO]   ✓ Found 4/7 proof artifacts
[2026-09-05 02:53:12] [GATE-4-5] [INFO]   ✓ Evidence integrity verified (    1994 files)
[2026-09-05 02:53:13] [GATE-4-5] [INFO]   ✓ Session validation passed (1788569592s duration)
[2026-09-05 02:53:13] [GATE-4-5] [INFO] Compliance report written to: /Users/andriileukhin/Documents/SovereignNexus/.smaos/compliance_check_1788569554.json
[2026-09-05 02:53:13] [GATE-4-5] [INFO] =========================================
[2026-09-05 02:53:13] [GATE-4-5] [INFO] Gate 4-5 Summary:
[2026-09-05 02:53:13] [GATE-4-5] [INFO]   Gate 4 (AP2 anchor):     PASS (4/4)
[2026-09-05 02:53:13] [GATE-4-5] [INFO]   Gate 5 (compliance):     PASS (4/5)
[2026-09-05 02:53:13] [GATE-4-5] [INFO]   Compliance Report:       compliance_check_1788569554.json
[2026-09-05 02:53:13] [GATE-4-5] [INFO] =========================================
[2026-09-05 02:53:13] [GATE-4-5] [INFO] Gate 4-5 PASSED: Session compliance verified, ready for shutdown
[2026-09-05 02:55:33] [GATE-4-5] [INFO] === Gate 4-5 Serial Verification ===
[2026-09-05 02:55:33] [GATE-4-5] [INFO] GATE 4: AP2 Merkle ledger anchoring...
[2026-09-05 02:55:33] [GATE-4-5] [INFO]   ✓ Collected     1985 work receipts for Merkle tree
[2026-09-05 02:55:33] [GATE-4-5] [INFO]   ✓ AP2 Merkle tree entry created
[2026-09-05 02:55:33] [GATE-4-5] [INFO]   ✓ AP2 ledger entry integrity verified (SHA256: 08d4aa3af6f8a353...)
[2026-09-05 02:55:33] [GATE-4-5] [INFO]   ✓ AP2 ledger staged for commit
[2026-09-05 02:55:34] [GATE-4-5] [INFO]   ✓ AP2 ledger committed to git
[2026-09-05 02:55:34] [GATE-4-5] [INFO] GATE 5: Final compliance check...
[2026-09-05 02:56:11] [GATE-4-5] [INFO]   ✓ Git policy compliance verified
[2026-09-05 02:56:11] [GATE-4-5] [INFO]   ✓ Found 4/7 proof artifacts
[2026-09-05 02:56:11] [GATE-4-5] [INFO]   ✓ Evidence integrity verified (    1994 files)
[2026-09-05 02:56:11] [GATE-4-5] [INFO]   ✓ Session validation passed (1788569771s duration)
[2026-09-05 02:56:11] [GATE-4-5] [INFO] Compliance report written to: /Users/andriileukhin/Documents/SovereignNexus/.smaos/compliance_check_1788569733.json
[2026-09-05 02:56:11] [GATE-4-5] [INFO] =========================================
[2026-09-05 02:56:11] [GATE-4-5] [INFO] Gate 4-5 Summary:
[2026-09-05 02:56:11] [GATE-4-5] [INFO]   Gate 4 (AP2 anchor):     PASS (4/4)
[2026-09-05 02:56:11] [GATE-4-5] [INFO]   Gate 5 (compliance):     PASS (4/5)
[2026-09-05 02:56:11] [GATE-4-5] [INFO]   Compliance Report:       compliance_check_1788569733.json
[2026-09-05 02:56:11] [GATE-4-5] [INFO] =========================================
[2026-09-05 02:56:11] [GATE-4-5] [INFO] Gate 4-5 PASSED: Session compliance verified, ready for shutdown
[2026-09-05 02:56:15] [GATE-4-5] [INFO] === Gate 4-5 Serial Verification ===
[2026-09-05 02:56:15] [GATE-4-5] [INFO] GATE 4: AP2 Merkle ledger anchoring...
[2026-09-05 02:56:15] [GATE-4-5] [INFO]   ✓ Collected     1985 work receipts for Merkle tree
[2026-09-05 02:56:15] [GATE-4-5] [INFO]   ✓ AP2 Merkle tree entry created
[2026-09-05 02:56:15] [GATE-4-5] [INFO]   ✓ AP2 ledger entry integrity verified (SHA256: d6b8f9688dd2a8e4...)
[2026-09-05 02:56:16] [GATE-4-5] [INFO]   ✓ AP2 ledger staged for commit
[2026-09-05 02:56:17] [GATE-4-5] [INFO]   ✓ AP2 ledger committed to git
[2026-09-05 02:56:17] [GATE-4-5] [INFO] GATE 5: Final compliance check...
[2026-09-05 02:56:55] [GATE-4-5] [INFO]   ✓ Git policy compliance verified
[2026-09-05 02:56:55] [GATE-4-5] [INFO]   ✓ Found 4/7 proof artifacts
[2026-09-05 02:56:55] [GATE-4-5] [INFO]   ✓ Evidence integrity verified (    1994 files)
[2026-09-05 02:56:55] [GATE-4-5] [INFO]   ✓ Session validation passed (1788569815s duration)
[2026-09-05 02:56:55] [GATE-4-5] [INFO] Compliance report written to: /Users/andriileukhin/Documents/SovereignNexus/.smaos/compliance_check_1788569775.json
[2026-09-05 02:56:55] [GATE-4-5] [INFO] =========================================
[2026-09-05 02:56:55] [GATE-4-5] [INFO] Gate 4-5 Summary:
[2026-09-05 02:56:55] [GATE-4-5] [INFO]   Gate 4 (AP2 anchor):     PASS (4/4)
[2026-09-05 02:56:55] [GATE-4-5] [INFO]   Gate 5 (compliance):     PASS (4/5)
[2026-09-05 02:56:55] [GATE-4-5] [INFO]   Compliance Report:       compliance_check_1788569775.json
[2026-09-05 02:56:55] [GATE-4-5] [INFO] =========================================
[2026-09-05 02:56:55] [GATE-4-5] [INFO] Gate 4-5 PASSED: Session compliance verified, ready for shutdown
[2026-09-05 02:57:06] [GATE-4-5] [INFO] === Gate 4-5 Serial Verification ===
[2026-09-05 02:57:06] [GATE-4-5] [INFO] GATE 4: AP2 Merkle ledger anchoring...
[2026-09-05 02:57:06] [GATE-4-5] [INFO]   ✓ Collected     1985 work receipts for Merkle tree
[2026-09-05 02:57:06] [GATE-4-5] [INFO]   ✓ AP2 Merkle tree entry created
[2026-09-05 02:57:06] [GATE-4-5] [INFO]   ✓ AP2 ledger entry integrity verified (SHA256: f1c419fb227f98ac...)
[2026-09-05 02:57:06] [GATE-4-5] [INFO]   ✓ AP2 ledger staged for commit
[2026-09-05 02:57:07] [GATE-4-5] [INFO]   ✓ AP2 ledger committed to git
[2026-09-05 02:57:07] [GATE-4-5] [INFO] GATE 5: Final compliance check...
[2026-09-05 02:57:44] [GATE-4-5] [INFO]   ✓ Git policy compliance verified
[2026-09-05 02:57:44] [GATE-4-5] [INFO]   ✓ Found 4/7 proof artifacts
[2026-09-05 02:57:44] [GATE-4-5] [INFO]   ✓ Evidence integrity verified (    1994 files)
[2026-09-05 02:57:44] [GATE-4-5] [INFO]   ✓ Session validation passed (1788569864s duration)
[2026-09-05 02:57:44] [GATE-4-5] [INFO] Compliance report written to: /Users/andriileukhin/Documents/SovereignNexus/.smaos/compliance_check_1788569826.json
[2026-09-05 02:57:44] [GATE-4-5] [INFO] =========================================
[2026-09-05 02:57:44] [GATE-4-5] [INFO] Gate 4-5 Summary:
[2026-09-05 02:57:44] [GATE-4-5] [INFO]   Gate 4 (AP2 anchor):     PASS (4/4)
[2026-09-05 02:57:44] [GATE-4-5] [INFO]   Gate 5 (compliance):     PASS (4/5)
[2026-09-05 02:57:44] [GATE-4-5] [INFO]   Compliance Report:       compliance_check_1788569826.json
[2026-09-05 02:57:44] [GATE-4-5] [INFO] =========================================
[2026-09-05 02:57:44] [GATE-4-5] [INFO] Gate 4-5 PASSED: Session compliance verified, ready for shutdown
[2026-09-05 02:57:47] [GATE-4-5] [INFO] === Gate 4-5 Serial Verification ===
[2026-09-05 02:57:47] [GATE-4-5] [INFO] GATE 4: AP2 Merkle ledger anchoring...
[2026-09-05 02:57:47] [GATE-4-5] [INFO]   ✓ Collected     1985 work receipts for Merkle tree
[2026-09-05 02:57:48] [GATE-4-5] [INFO]   ✓ AP2 Merkle tree entry created
[2026-09-05 02:57:48] [GATE-4-5] [INFO]   ✓ AP2 ledger entry integrity verified (SHA256: 710aa09376b3d559...)
[2026-09-05 02:57:48] [GATE-4-5] [INFO]   ✓ AP2 ledger staged for commit
[2026-09-05 02:57:49] [GATE-4-5] [INFO]   ✓ AP2 ledger committed to git
[2026-09-05 02:57:49] [GATE-4-5] [INFO] GATE 5: Final compliance check...
[2026-09-05 02:58:26] [GATE-4-5] [INFO]   ✓ Git policy compliance verified
[2026-09-05 02:58:26] [GATE-4-5] [INFO]   ✓ Found 4/7 proof artifacts
[2026-09-05 02:58:26] [GATE-4-5] [INFO]   ✓ Evidence integrity verified (    1994 files)
[2026-09-05 02:58:26] [GATE-4-5] [INFO]   ✓ Session validation passed (1788569906s duration)
[2026-09-05 02:58:26] [GATE-4-5] [INFO] Compliance report written to: /Users/andriileukhin/Documents/SovereignNexus/.smaos/compliance_check_1788569867.json
[2026-09-05 02:58:26] [GATE-4-5] [INFO] =========================================
[2026-09-05 02:58:26] [GATE-4-5] [INFO] Gate 4-5 Summary:
[2026-09-05 02:58:26] [GATE-4-5] [INFO]   Gate 4 (AP2 anchor):     PASS (4/4)
[2026-09-05 02:58:26] [GATE-4-5] [INFO]   Gate 5 (compliance):     PASS (4/5)
[2026-09-05 02:58:26] [GATE-4-5] [INFO]   Compliance Report:       compliance_check_1788569867.json
[2026-09-05 02:58:26] [GATE-4-5] [INFO] =========================================
[2026-09-05 02:58:26] [GATE-4-5] [INFO] Gate 4-5 PASSED: Session compliance verified, ready for shutdown
[2026-09-05 03:00:24] [GATE-4-5] [INFO] === Gate 4-5 Serial Verification ===
[2026-09-05 03:00:24] [GATE-4-5] [INFO] GATE 4: AP2 Merkle ledger anchoring...
[2026-09-05 03:00:24] [GATE-4-5] [INFO]   ✓ Collected     1985 work receipts for Merkle tree
[2026-09-05 03:00:24] [GATE-4-5] [INFO]   ✓ AP2 Merkle tree entry created
[2026-09-05 03:00:24] [GATE-4-5] [INFO]   ✓ AP2 ledger entry integrity verified (SHA256: b5b971017bb45e30...)
[2026-09-05 03:00:24] [GATE-4-5] [INFO]   ✓ AP2 ledger staged for commit
[2026-09-05 03:00:26] [GATE-4-5] [INFO]   ✓ AP2 ledger committed to git
[2026-09-05 03:00:26] [GATE-4-5] [INFO] GATE 5: Final compliance check...
[2026-09-05 03:01:03] [GATE-4-5] [INFO]   ✓ Git policy compliance verified
[2026-09-05 03:01:03] [GATE-4-5] [INFO]   ✓ Found 4/7 proof artifacts
[2026-09-05 03:01:03] [GATE-4-5] [INFO]   ✓ Evidence integrity verified (    2002 files)
[2026-09-05 03:01:03] [GATE-4-5] [INFO]   ✓ Session validation passed (1788570063s duration)
[2026-09-05 03:01:03] [GATE-4-5] [INFO] Compliance report written to: /Users/andriileukhin/Documents/SovereignNexus/.smaos/compliance_check_1788570024.json
[2026-09-05 03:01:03] [GATE-4-5] [INFO] =========================================
[2026-09-05 03:01:03] [GATE-4-5] [INFO] Gate 4-5 Summary:
[2026-09-05 03:01:03] [GATE-4-5] [INFO]   Gate 4 (AP2 anchor):     PASS (4/4)
[2026-09-05 03:01:03] [GATE-4-5] [INFO]   Gate 5 (compliance):     PASS (4/5)
[2026-09-05 03:01:03] [GATE-4-5] [INFO]   Compliance Report:       compliance_check_1788570024.json
[2026-09-05 03:01:03] [GATE-4-5] [INFO] =========================================
[2026-09-05 03:01:03] [GATE-4-5] [INFO] Gate 4-5 PASSED: Session compliance verified, ready for shutdown
[2026-09-05 03:01:16] [GATE-4-5] [INFO] === Gate 4-5 Serial Verification ===
[2026-09-05 03:01:16] [GATE-4-5] [INFO] GATE 4: AP2 Merkle ledger anchoring...
[2026-09-05 03:01:16] [GATE-4-5] [INFO]   ✓ Collected     1995 work receipts for Merkle tree
[2026-09-05 03:01:16] [GATE-4-5] [INFO]   ✓ AP2 Merkle tree entry created
[2026-09-05 03:01:16] [GATE-4-5] [INFO]   ✓ AP2 ledger entry integrity verified (SHA256: 4cda4d9ce2035c8d...)
[2026-09-05 03:01:16] [GATE-4-5] [INFO]   ✓ AP2 ledger staged for commit
[2026-09-05 03:01:17] [GATE-4-5] [INFO]   ✓ AP2 ledger committed to git
[2026-09-05 03:01:17] [GATE-4-5] [INFO] GATE 5: Final compliance check...
[2026-09-05 03:01:55] [GATE-4-5] [INFO]   ✓ Git policy compliance verified
[2026-09-05 03:01:55] [GATE-4-5] [INFO]   ✓ Found 4/7 proof artifacts
[2026-09-05 03:01:55] [GATE-4-5] [INFO]   ✓ Evidence integrity verified (    2007 files)
[2026-09-05 03:01:55] [GATE-4-5] [INFO]   ✓ Session validation passed (1788570115s duration)
[2026-09-05 03:01:55] [GATE-4-5] [INFO] Compliance report written to: /Users/andriileukhin/Documents/SovereignNexus/.smaos/compliance_check_1788570076.json
[2026-09-05 03:01:55] [GATE-4-5] [INFO] =========================================
[2026-09-05 03:01:55] [GATE-4-5] [INFO] Gate 4-5 Summary:
[2026-09-05 03:01:55] [GATE-4-5] [INFO]   Gate 4 (AP2 anchor):     PASS (4/4)
[2026-09-05 03:01:55] [GATE-4-5] [INFO]   Gate 5 (compliance):     PASS (4/5)
[2026-09-05 03:01:55] [GATE-4-5] [INFO]   Compliance Report:       compliance_check_1788570076.json
[2026-09-05 03:01:55] [GATE-4-5] [INFO] =========================================
[2026-09-05 03:01:55] [GATE-4-5] [INFO] Gate 4-5 PASSED: Session compliance verified, ready for shutdown
[2026-09-05 03:02:15] [GATE-4-5] [INFO] === Gate 4-5 Serial Verification ===
[2026-09-05 03:02:15] [GATE-4-5] [INFO] GATE 4: AP2 Merkle ledger anchoring...
[2026-09-05 03:02:15] [GATE-4-5] [INFO]   ✓ Collected     2003 work receipts for Merkle tree
[2026-09-05 03:02:15] [GATE-4-5] [INFO]   ✓ AP2 Merkle tree entry created
[2026-09-05 03:02:15] [GATE-4-5] [INFO]   ✓ AP2 ledger entry integrity verified (SHA256: 0e7246fbc85135d8...)
[2026-09-05 03:02:16] [GATE-4-5] [INFO]   ✓ AP2 ledger staged for commit
[2026-09-05 03:02:18] [GATE-4-5] [INFO]   ✓ AP2 ledger committed to git
[2026-09-05 03:02:18] [GATE-4-5] [INFO] GATE 5: Final compliance check...
[2026-09-05 03:02:54] [GATE-4-5] [INFO]   ✓ Git policy compliance verified
[2026-09-05 03:02:54] [GATE-4-5] [INFO]   ✓ Found 4/7 proof artifacts
[2026-09-05 03:02:54] [GATE-4-5] [INFO]   ✓ Evidence integrity verified (    2020 files)
[2026-09-05 03:02:54] [GATE-4-5] [INFO]   ✓ Session validation passed (1788570174s duration)
[2026-09-05 03:02:54] [GATE-4-5] [INFO] Compliance report written to: /Users/andriileukhin/Documents/SovereignNexus/.smaos/compliance_check_1788570135.json
[2026-09-05 03:02:54] [GATE-4-5] [INFO] =========================================
[2026-09-05 03:02:54] [GATE-4-5] [INFO] Gate 4-5 Summary:
[2026-09-05 03:02:54] [GATE-4-5] [INFO]   Gate 4 (AP2 anchor):     PASS (4/4)
[2026-09-05 03:02:54] [GATE-4-5] [INFO]   Gate 5 (compliance):     PASS (4/5)
[2026-09-05 03:02:54] [GATE-4-5] [INFO]   Compliance Report:       compliance_check_1788570135.json
[2026-09-05 03:02:54] [GATE-4-5] [INFO] =========================================
[2026-09-05 03:02:54] [GATE-4-5] [INFO] Gate 4-5 PASSED: Session compliance verified, ready for shutdown
[2026-09-05 03:03:07] [GATE-4-5] [INFO] === Gate 4-5 Serial Verification ===
[2026-09-05 03:03:07] [GATE-4-5] [INFO] GATE 4: AP2 Merkle ledger anchoring...
[2026-09-05 03:03:07] [GATE-4-5] [INFO]   ✓ Collected     2012 work receipts for Merkle tree
[2026-09-05 03:03:08] [GATE-4-5] [INFO]   ✓ AP2 Merkle tree entry created
[2026-09-05 03:03:08] [GATE-4-5] [INFO]   ✓ AP2 ledger entry integrity verified (SHA256: 81e9ca429e2a7825...)
[2026-09-05 03:03:08] [GATE-4-5] [INFO]   ✓ AP2 ledger staged for commit
[2026-09-05 03:03:09] [GATE-4-5] [INFO]   ✓ AP2 ledger committed to git
[2026-09-05 03:03:09] [GATE-4-5] [INFO] GATE 5: Final compliance check...
[2026-09-05 03:03:46] [GATE-4-5] [INFO]   ✓ Git policy compliance verified
[2026-09-05 03:03:46] [GATE-4-5] [INFO]   ✓ Found 4/7 proof artifacts
[2026-09-05 03:03:46] [GATE-4-5] [INFO]   ✓ Evidence integrity verified (    2028 files)
[2026-09-05 03:03:46] [GATE-4-5] [INFO]   ✓ Session validation passed (1788570226s duration)
[2026-09-05 03:03:46] [GATE-4-5] [INFO] Compliance report written to: /Users/andriileukhin/Documents/SovereignNexus/.smaos/compliance_check_1788570187.json
[2026-09-05 03:03:46] [GATE-4-5] [INFO] =========================================
[2026-09-05 03:03:46] [GATE-4-5] [INFO] Gate 4-5 Summary:
[2026-09-05 03:03:46] [GATE-4-5] [INFO]   Gate 4 (AP2 anchor):     PASS (4/4)
[2026-09-05 03:03:46] [GATE-4-5] [INFO]   Gate 5 (compliance):     PASS (4/5)
[2026-09-05 03:03:46] [GATE-4-5] [INFO]   Compliance Report:       compliance_check_1788570187.json
[2026-09-05 03:03:46] [GATE-4-5] [INFO] =========================================
[2026-09-05 03:03:46] [GATE-4-5] [INFO] Gate 4-5 PASSED: Session compliance verified, ready for shutdown
[2026-09-05 03:03:52] [GATE-4-5] [INFO] === Gate 4-5 Serial Verification ===
[2026-09-05 03:03:52] [GATE-4-5] [INFO] GATE 4: AP2 Merkle ledger anchoring...
[2026-09-05 03:03:52] [GATE-4-5] [INFO]   ✓ Collected     2020 work receipts for Merkle tree
[2026-09-05 03:03:52] [GATE-4-5] [INFO]   ✓ AP2 Merkle tree entry created
[2026-09-05 03:03:52] [GATE-4-5] [INFO]   ✓ AP2 ledger entry integrity verified (SHA256: 388ce9d5f10138f8...)
[2026-09-05 03:03:52] [GATE-4-5] [INFO]   ✓ AP2 ledger staged for commit
[2026-09-05 03:03:53] [GATE-4-5] [INFO]   ✓ AP2 ledger committed to git
[2026-09-05 03:03:53] [GATE-4-5] [INFO] GATE 5: Final compliance check...
[2026-09-05 03:04:30] [GATE-4-5] [INFO]   ✓ Git policy compliance verified
[2026-09-05 03:04:30] [GATE-4-5] [INFO]   ✓ Found 4/7 proof artifacts
[2026-09-05 03:04:30] [GATE-4-5] [INFO]   ✓ Evidence integrity verified (    2037 files)
[2026-09-05 03:04:30] [GATE-4-5] [INFO]   ✓ Session validation passed (1788570270s duration)
[2026-09-05 03:04:30] [GATE-4-5] [INFO] Compliance report written to: /Users/andriileukhin/Documents/SovereignNexus/.smaos/compliance_check_1788570232.json
[2026-09-05 03:04:30] [GATE-4-5] [INFO] =========================================
[2026-09-05 03:04:30] [GATE-4-5] [INFO] Gate 4-5 Summary:
[2026-09-05 03:04:30] [GATE-4-5] [INFO]   Gate 4 (AP2 anchor):     PASS (4/4)
[2026-09-05 03:04:30] [GATE-4-5] [INFO]   Gate 5 (compliance):     PASS (4/5)
[2026-09-05 03:04:30] [GATE-4-5] [INFO]   Compliance Report:       compliance_check_1788570232.json
[2026-09-05 03:04:30] [GATE-4-5] [INFO] =========================================
[2026-09-05 03:04:30] [GATE-4-5] [INFO] Gate 4-5 PASSED: Session compliance verified, ready for shutdown
[2026-09-05 03:05:50] [GATE-4-5] [INFO] === Gate 4-5 Serial Verification ===
[2026-09-05 03:05:50] [GATE-4-5] [INFO] GATE 4: AP2 Merkle ledger anchoring...
[2026-09-05 03:05:50] [GATE-4-5] [INFO]   ✓ Collected     2043 work receipts for Merkle tree
[2026-09-05 03:05:50] [GATE-4-5] [INFO]   ✓ AP2 Merkle tree entry created
[2026-09-05 03:05:50] [GATE-4-5] [INFO]   ✓ AP2 ledger entry integrity verified (SHA256: 57e54b18c43fcf36...)
[2026-09-05 03:05:50] [GATE-4-5] [INFO]   ✓ AP2 ledger staged for commit
[2026-09-05 03:05:52] [GATE-4-5] [INFO]   ✓ AP2 ledger committed to git
[2026-09-05 03:05:52] [GATE-4-5] [INFO] GATE 5: Final compliance check...
[2026-09-05 03:06:29] [GATE-4-5] [INFO]   ✓ Git policy compliance verified
[2026-09-05 03:06:29] [GATE-4-5] [INFO]   ✓ Found 4/7 proof artifacts
[2026-09-05 03:06:29] [GATE-4-5] [INFO]   ✓ Evidence integrity verified (    2056 files)
[2026-09-05 03:06:29] [GATE-4-5] [INFO]   ✓ Session validation passed (1788570389s duration)
[2026-09-05 03:06:29] [GATE-4-5] [INFO] Compliance report written to: /Users/andriileukhin/Documents/SovereignNexus/.smaos/compliance_check_1788570350.json
[2026-09-05 03:06:29] [GATE-4-5] [INFO] =========================================
[2026-09-05 03:06:29] [GATE-4-5] [INFO] Gate 4-5 Summary:
[2026-09-05 03:06:29] [GATE-4-5] [INFO]   Gate 4 (AP2 anchor):     PASS (4/4)
[2026-09-05 03:06:29] [GATE-4-5] [INFO]   Gate 5 (compliance):     PASS (4/5)
[2026-09-05 03:06:29] [GATE-4-5] [INFO]   Compliance Report:       compliance_check_1788570350.json
[2026-09-05 03:06:29] [GATE-4-5] [INFO] =========================================
[2026-09-05 03:06:29] [GATE-4-5] [INFO] Gate 4-5 PASSED: Session compliance verified, ready for shutdown
[2026-09-05 03:07:51] [GATE-4-5] [INFO] === Gate 4-5 Serial Verification ===
[2026-09-05 03:07:51] [GATE-4-5] [INFO] GATE 4: AP2 Merkle ledger anchoring...
[2026-09-05 03:07:51] [GATE-4-5] [INFO]   ✓ Collected     2060 work receipts for Merkle tree
[2026-09-05 03:07:51] [GATE-4-5] [INFO]   ✓ AP2 Merkle tree entry created
[2026-09-05 03:07:51] [GATE-4-5] [INFO]   ✓ AP2 ledger entry integrity verified (SHA256: 0b527e8766d3e0e6...)
[2026-09-05 03:07:51] [GATE-4-5] [INFO]   ✓ AP2 ledger staged for commit
[2026-09-05 03:07:52] [GATE-4-5] [INFO]   ✓ AP2 ledger committed to git
[2026-09-05 03:07:52] [GATE-4-5] [INFO] GATE 5: Final compliance check...
[2026-09-05 03:08:29] [GATE-4-5] [INFO]   ✓ Git policy compliance verified
[2026-09-05 03:08:29] [GATE-4-5] [INFO]   ✓ Found 4/7 proof artifacts
[2026-09-05 03:08:29] [GATE-4-5] [INFO]   ✓ Evidence integrity verified (    2069 files)
[2026-09-05 03:08:29] [GATE-4-5] [INFO]   ✓ Session validation passed (1788570509s duration)
[2026-09-05 03:08:29] [GATE-4-5] [INFO] Compliance report written to: /Users/andriileukhin/Documents/SovereignNexus/.smaos/compliance_check_1788570471.json
[2026-09-05 03:08:29] [GATE-4-5] [INFO] =========================================
[2026-09-05 03:08:29] [GATE-4-5] [INFO] Gate 4-5 Summary:
[2026-09-05 03:08:29] [GATE-4-5] [INFO]   Gate 4 (AP2 anchor):     PASS (4/4)
[2026-09-05 03:08:29] [GATE-4-5] [INFO]   Gate 5 (compliance):     PASS (4/5)
[2026-09-05 03:08:29] [GATE-4-5] [INFO]   Compliance Report:       compliance_check_1788570471.json
[2026-09-05 03:08:29] [GATE-4-5] [INFO] =========================================
[2026-09-05 03:08:29] [GATE-4-5] [INFO] Gate 4-5 PASSED: Session compliance verified, ready for shutdown
[2026-09-05 03:08:54] [GATE-4-5] [INFO] === Gate 4-5 Serial Verification ===
[2026-09-05 03:08:54] [GATE-4-5] [INFO] GATE 4: AP2 Merkle ledger anchoring...
[2026-09-05 03:08:54] [GATE-4-5] [INFO]   ✓ Collected     2060 work receipts for Merkle tree
[2026-09-05 03:08:54] [GATE-4-5] [INFO]   ✓ AP2 Merkle tree entry created
[2026-09-05 03:08:54] [GATE-4-5] [INFO]   ✓ AP2 ledger entry integrity verified (SHA256: 78e93a31fa2fbb57...)
[2026-09-05 03:08:54] [GATE-4-5] [INFO]   ✓ AP2 ledger staged for commit
[2026-09-05 03:08:55] [GATE-4-5] [INFO]   ✓ AP2 ledger committed to git
[2026-09-05 03:08:55] [GATE-4-5] [INFO] GATE 5: Final compliance check...
[2026-09-05 03:09:32] [GATE-4-5] [INFO]   ✓ Git policy compliance verified
[2026-09-05 03:09:32] [GATE-4-5] [INFO]   ✓ Found 4/7 proof artifacts
[2026-09-05 03:09:32] [GATE-4-5] [INFO]   ✓ Evidence integrity verified (    2069 files)
[2026-09-05 03:09:32] [GATE-4-5] [INFO]   ✓ Session validation passed (1788570572s duration)
[2026-09-05 03:09:32] [GATE-4-5] [INFO] Compliance report written to: /Users/andriileukhin/Documents/SovereignNexus/.smaos/compliance_check_1788570534.json
[2026-09-05 03:09:32] [GATE-4-5] [INFO] =========================================
[2026-09-05 03:09:32] [GATE-4-5] [INFO] Gate 4-5 Summary:
[2026-09-05 03:09:32] [GATE-4-5] [INFO]   Gate 4 (AP2 anchor):     PASS (4/4)
[2026-09-05 03:09:32] [GATE-4-5] [INFO]   Gate 5 (compliance):     PASS (4/5)
[2026-09-05 03:09:32] [GATE-4-5] [INFO]   Compliance Report:       compliance_check_1788570534.json
[2026-09-05 03:09:32] [GATE-4-5] [INFO] =========================================
[2026-09-05 03:09:32] [GATE-4-5] [INFO] Gate 4-5 PASSED: Session compliance verified, ready for shutdown
[2026-09-05 03:11:10] [GATE-4-5] [INFO] === Gate 4-5 Serial Verification ===
[2026-09-05 03:11:10] [GATE-4-5] [INFO] GATE 4: AP2 Merkle ledger anchoring...
[2026-09-05 03:11:10] [GATE-4-5] [INFO]   ✓ Collected     2060 work receipts for Merkle tree
[2026-09-05 03:11:11] [GATE-4-5] [INFO]   ✓ AP2 Merkle tree entry created
[2026-09-05 03:11:11] [GATE-4-5] [INFO]   ✓ AP2 ledger entry integrity verified (SHA256: 36759927e88bd053...)
[2026-09-05 03:11:11] [GATE-4-5] [INFO]   ✓ AP2 ledger staged for commit
[2026-09-05 03:11:13] [GATE-4-5] [INFO]   ✓ AP2 ledger committed to git
[2026-09-05 03:11:13] [GATE-4-5] [INFO] GATE 5: Final compliance check...
[2026-09-05 03:11:49] [GATE-4-5] [INFO]   ✓ Git policy compliance verified
[2026-09-05 03:11:49] [GATE-4-5] [INFO]   ✓ Found 4/7 proof artifacts
[2026-09-05 03:11:49] [GATE-4-5] [INFO]   ✓ Evidence integrity verified (    2069 files)
[2026-09-05 03:11:49] [GATE-4-5] [INFO]   ✓ Session validation passed (1788570709s duration)
[2026-09-05 03:11:49] [GATE-4-5] [INFO] Compliance report written to: /Users/andriileukhin/Documents/SovereignNexus/.smaos/compliance_check_1788570670.json
[2026-09-05 03:11:49] [GATE-4-5] [INFO] =========================================
[2026-09-05 03:11:49] [GATE-4-5] [INFO] Gate 4-5 Summary:
[2026-09-05 03:11:49] [GATE-4-5] [INFO]   Gate 4 (AP2 anchor):     PASS (4/4)
[2026-09-05 03:11:49] [GATE-4-5] [INFO]   Gate 5 (compliance):     PASS (4/5)
[2026-09-05 03:11:49] [GATE-4-5] [INFO]   Compliance Report:       compliance_check_1788570670.json
[2026-09-05 03:11:49] [GATE-4-5] [INFO] =========================================
[2026-09-05 03:11:49] [GATE-4-5] [INFO] Gate 4-5 PASSED: Session compliance verified, ready for shutdown
[2026-09-05 03:19:22] [GATE-4-5] [INFO] === Gate 4-5 Serial Verification ===
[2026-09-05 03:19:22] [GATE-4-5] [INFO] GATE 4: AP2 Merkle ledger anchoring...
[2026-09-05 03:19:22] [GATE-4-5] [INFO]   ✓ Collected     2093 work receipts for Merkle tree
[2026-09-05 03:19:23] [GATE-4-5] [INFO]   ✓ AP2 Merkle tree entry created
[2026-09-05 03:19:23] [GATE-4-5] [INFO]   ✓ AP2 ledger entry integrity verified (SHA256: f974be1386e8e82f...)
[2026-09-05 03:19:23] [GATE-4-5] [WARN]   ⚠ Could not stage AP2 ledger for commit
[2026-09-05 03:19:23] [GATE-4-5] [INFO] GATE 5: Final compliance check...
[2026-09-05 03:20:05] [GATE-4-5] [INFO]   ✓ Git policy compliance verified
[2026-09-05 03:20:05] [GATE-4-5] [INFO]   ✓ Found 4/7 proof artifacts
[2026-09-05 03:20:05] [GATE-4-5] [INFO]   ✓ Evidence integrity verified (    2131 files)
[2026-09-05 03:20:05] [GATE-4-5] [INFO]   ✓ Session validation passed (1788571205s duration)
[2026-09-05 03:20:05] [GATE-4-5] [INFO] Compliance report written to: /Users/andriileukhin/Documents/SovereignNexus/.smaos/compliance_check_1788571162.json
[2026-09-05 03:20:05] [GATE-4-5] [INFO] =========================================
[2026-09-05 03:20:05] [GATE-4-5] [INFO] Gate 4-5 Summary:
[2026-09-05 03:20:05] [GATE-4-5] [INFO]   Gate 4 (AP2 anchor):     PASS (3/4)
[2026-09-05 03:20:05] [GATE-4-5] [INFO]   Gate 5 (compliance):     PASS (4/5)
[2026-09-05 03:20:05] [GATE-4-5] [INFO]   Compliance Report:       compliance_check_1788571162.json
[2026-09-05 03:20:05] [GATE-4-5] [INFO] =========================================
[2026-09-05 03:20:05] [GATE-4-5] [INFO] Gate 4-5 PASSED: Session compliance verified, ready for shutdown
[2026-09-05 03:22:12] [GATE-4-5] [INFO] === Gate 4-5 Serial Verification ===
[2026-09-05 03:22:12] [GATE-4-5] [INFO] GATE 4: AP2 Merkle ledger anchoring...
[2026-09-05 03:22:12] [GATE-4-5] [INFO]   ✓ Collected     2225 work receipts for Merkle tree
[2026-09-05 03:22:12] [GATE-4-5] [INFO]   ✓ AP2 Merkle tree entry created
[2026-09-05 03:22:12] [GATE-4-5] [INFO]   ✓ AP2 ledger entry integrity verified (SHA256: cf21ebc398fe62b9...)
[2026-09-05 03:22:12] [GATE-4-5] [INFO]   ✓ AP2 ledger staged for commit
[2026-09-05 03:22:14] [GATE-4-5] [INFO]   ✓ AP2 ledger committed to git
[2026-09-05 03:22:14] [GATE-4-5] [INFO] GATE 5: Final compliance check...
[2026-09-05 03:22:54] [GATE-4-5] [INFO]   ✓ Git policy compliance verified
[2026-09-05 03:22:54] [GATE-4-5] [INFO]   ✓ Found 4/7 proof artifacts
[2026-09-05 03:22:54] [GATE-4-5] [INFO]   ✓ Evidence integrity verified (    2267 files)
[2026-09-05 03:22:54] [GATE-4-5] [INFO]   ✓ Session validation passed (1788571374s duration)
[2026-09-05 03:22:54] [GATE-4-5] [INFO] Compliance report written to: /Users/andriileukhin/Documents/SovereignNexus/.smaos/compliance_check_1788571332.json
[2026-09-05 03:22:54] [GATE-4-5] [INFO] =========================================
[2026-09-05 03:22:54] [GATE-4-5] [INFO] Gate 4-5 Summary:
[2026-09-05 03:22:54] [GATE-4-5] [INFO]   Gate 4 (AP2 anchor):     PASS (4/4)
[2026-09-05 03:22:54] [GATE-4-5] [INFO]   Gate 5 (compliance):     PASS (4/5)
[2026-09-05 03:22:54] [GATE-4-5] [INFO]   Compliance Report:       compliance_check_1788571332.json
[2026-09-05 03:22:54] [GATE-4-5] [INFO] =========================================
[2026-09-05 03:22:54] [GATE-4-5] [INFO] Gate 4-5 PASSED: Session compliance verified, ready for shutdown
[2026-09-05 03:23:01] [GATE-4-5] [INFO] === Gate 4-5 Serial Verification ===
[2026-09-05 03:23:01] [GATE-4-5] [INFO] GATE 4: AP2 Merkle ledger anchoring...
[2026-09-05 03:23:01] [GATE-4-5] [INFO]   ✓ Collected     2266 work receipts for Merkle tree
[2026-09-05 03:23:02] [GATE-4-5] [INFO]   ✓ AP2 Merkle tree entry created
[2026-09-05 03:23:02] [GATE-4-5] [INFO]   ✓ AP2 ledger entry integrity verified (SHA256: f1921266ab159b5f...)
[2026-09-05 03:23:02] [GATE-4-5] [WARN]   ⚠ Could not stage AP2 ledger for commit
[2026-09-05 03:23:02] [GATE-4-5] [INFO] GATE 5: Final compliance check...
[2026-09-05 03:23:44] [GATE-4-5] [INFO]   ✓ Git policy compliance verified
[2026-09-05 03:23:44] [GATE-4-5] [INFO]   ✓ Found 4/7 proof artifacts
[2026-09-05 03:23:44] [GATE-4-5] [INFO]   ✓ Evidence integrity verified (    2303 files)
[2026-09-05 03:23:44] [GATE-4-5] [INFO]   ✓ Session validation passed (1788571424s duration)
[2026-09-05 03:23:44] [GATE-4-5] [INFO] Compliance report written to: /Users/andriileukhin/Documents/SovereignNexus/.smaos/compliance_check_1788571381.json
[2026-09-05 03:23:44] [GATE-4-5] [INFO] =========================================
[2026-09-05 03:23:44] [GATE-4-5] [INFO] Gate 4-5 Summary:
[2026-09-05 03:23:44] [GATE-4-5] [INFO]   Gate 4 (AP2 anchor):     PASS (3/4)
[2026-09-05 03:23:44] [GATE-4-5] [INFO]   Gate 5 (compliance):     PASS (4/5)
[2026-09-05 03:23:44] [GATE-4-5] [INFO]   Compliance Report:       compliance_check_1788571381.json
[2026-09-05 03:23:44] [GATE-4-5] [INFO] =========================================
[2026-09-05 03:23:44] [GATE-4-5] [INFO] Gate 4-5 PASSED: Session compliance verified, ready for shutdown
[2026-09-05 03:23:49] [GATE-4-5] [INFO] === Gate 4-5 Serial Verification ===
[2026-09-05 03:23:49] [GATE-4-5] [INFO] GATE 4: AP2 Merkle ledger anchoring...
[2026-09-05 03:23:49] [GATE-4-5] [INFO]   ✓ Collected     2297 work receipts for Merkle tree
[2026-09-05 03:23:50] [GATE-4-5] [INFO]   ✓ AP2 Merkle tree entry created
[2026-09-05 03:23:50] [GATE-4-5] [INFO]   ✓ AP2 ledger entry integrity verified (SHA256: 196f864cecb47b38...)
[2026-09-05 03:23:50] [GATE-4-5] [WARN]   ⚠ Could not stage AP2 ledger for commit
[2026-09-05 03:23:50] [GATE-4-5] [INFO] GATE 5: Final compliance check...
[2026-09-05 03:24:31] [GATE-4-5] [INFO]   ✓ Git policy compliance verified
[2026-09-05 03:24:31] [GATE-4-5] [INFO]   ✓ Found 4/7 proof artifacts
[2026-09-05 03:24:31] [GATE-4-5] [INFO]   ✓ Evidence integrity verified (    2328 files)
[2026-09-05 03:24:31] [GATE-4-5] [INFO]   ✓ Session validation passed (1788571471s duration)
[2026-09-05 03:24:31] [GATE-4-5] [INFO] Compliance report written to: /Users/andriileukhin/Documents/SovereignNexus/.smaos/compliance_check_1788571429.json
[2026-09-05 03:24:31] [GATE-4-5] [INFO] =========================================
[2026-09-05 03:24:31] [GATE-4-5] [INFO] Gate 4-5 Summary:
[2026-09-05 03:24:31] [GATE-4-5] [INFO]   Gate 4 (AP2 anchor):     PASS (3/4)
[2026-09-05 03:24:31] [GATE-4-5] [INFO]   Gate 5 (compliance):     PASS (4/5)
[2026-09-05 03:24:31] [GATE-4-5] [INFO]   Compliance Report:       compliance_check_1788571429.json
[2026-09-05 03:24:31] [GATE-4-5] [INFO] =========================================
[2026-09-05 03:24:31] [GATE-4-5] [INFO] Gate 4-5 PASSED: Session compliance verified, ready for shutdown
[2026-09-05 03:24:36] [GATE-4-5] [INFO] === Gate 4-5 Serial Verification ===
[2026-09-05 03:24:36] [GATE-4-5] [INFO] GATE 4: AP2 Merkle ledger anchoring...
[2026-09-05 03:24:36] [GATE-4-5] [INFO]   ✓ Collected     2321 work receipts for Merkle tree
[2026-09-05 03:24:36] [GATE-4-5] [INFO]   ✓ AP2 Merkle tree entry created
[2026-09-05 03:24:36] [GATE-4-5] [INFO]   ✓ AP2 ledger entry integrity verified (SHA256: 30e38edc3915b171...)
[2026-09-05 03:24:36] [GATE-4-5] [INFO]   ✓ AP2 ledger staged for commit
[2026-09-05 03:24:37] [GATE-4-5] [INFO]   ✓ AP2 ledger committed to git
[2026-09-05 03:24:37] [GATE-4-5] [INFO] GATE 5: Final compliance check...
[2026-09-05 03:25:15] [GATE-4-5] [INFO]   ✓ Git policy compliance verified
[2026-09-05 03:25:15] [GATE-4-5] [INFO]   ✓ Found 4/7 proof artifacts
[2026-09-05 03:25:15] [GATE-4-5] [INFO]   ✓ Evidence integrity verified (    2338 files)
[2026-09-05 03:25:15] [GATE-4-5] [INFO]   ✓ Session validation passed (1788571515s duration)
[2026-09-05 03:25:15] [GATE-4-5] [INFO] Compliance report written to: /Users/andriileukhin/Documents/SovereignNexus/.smaos/compliance_check_1788571476.json
[2026-09-05 03:25:15] [GATE-4-5] [INFO] =========================================
[2026-09-05 03:25:15] [GATE-4-5] [INFO] Gate 4-5 Summary:
[2026-09-05 03:25:15] [GATE-4-5] [INFO]   Gate 4 (AP2 anchor):     PASS (4/4)
[2026-09-05 03:25:15] [GATE-4-5] [INFO]   Gate 5 (compliance):     PASS (4/5)
[2026-09-05 03:25:15] [GATE-4-5] [INFO]   Compliance Report:       compliance_check_1788571476.json
[2026-09-05 03:25:15] [GATE-4-5] [INFO] =========================================
[2026-09-05 03:25:15] [GATE-4-5] [INFO] Gate 4-5 PASSED: Session compliance verified, ready for shutdown
[2026-09-05 03:25:23] [GATE-4-5] [INFO] === Gate 4-5 Serial Verification ===
[2026-09-05 03:25:23] [GATE-4-5] [INFO] GATE 4: AP2 Merkle ledger anchoring...
[2026-09-05 03:25:23] [GATE-4-5] [INFO]   ✓ Collected     2329 work receipts for Merkle tree
[2026-09-05 03:25:23] [GATE-4-5] [INFO]   ✓ AP2 Merkle tree entry created
[2026-09-05 03:25:23] [GATE-4-5] [INFO]   ✓ AP2 ledger entry integrity verified (SHA256: eda62ad70953c8a5...)
[2026-09-05 03:25:23] [GATE-4-5] [INFO]   ✓ AP2 ledger staged for commit
[2026-09-05 03:25:24] [GATE-4-5] [INFO]   ✓ AP2 ledger committed to git
[2026-09-05 03:25:24] [GATE-4-5] [INFO] GATE 5: Final compliance check...
[2026-09-05 03:26:02] [GATE-4-5] [INFO]   ✓ Git policy compliance verified
[2026-09-05 03:26:02] [GATE-4-5] [INFO]   ✓ Found 4/7 proof artifacts
[2026-09-05 03:26:02] [GATE-4-5] [INFO]   ✓ Evidence integrity verified (    2339 files)
[2026-09-05 03:26:02] [GATE-4-5] [INFO]   ✓ Session validation passed (1788571562s duration)
[2026-09-05 03:26:02] [GATE-4-5] [INFO] Compliance report written to: /Users/andriileukhin/Documents/SovereignNexus/.smaos/compliance_check_1788571523.json
[2026-09-05 03:26:02] [GATE-4-5] [INFO] =========================================
[2026-09-05 03:26:02] [GATE-4-5] [INFO] Gate 4-5 Summary:
[2026-09-05 03:26:02] [GATE-4-5] [INFO]   Gate 4 (AP2 anchor):     PASS (4/4)
[2026-09-05 03:26:02] [GATE-4-5] [INFO]   Gate 5 (compliance):     PASS (4/5)
[2026-09-05 03:26:02] [GATE-4-5] [INFO]   Compliance Report:       compliance_check_1788571523.json
[2026-09-05 03:26:02] [GATE-4-5] [INFO] =========================================
[2026-09-05 03:26:02] [GATE-4-5] [INFO] Gate 4-5 PASSED: Session compliance verified, ready for shutdown
[2026-09-05 03:26:12] [GATE-4-5] [INFO] === Gate 4-5 Serial Verification ===
[2026-09-05 03:26:12] [GATE-4-5] [INFO] GATE 4: AP2 Merkle ledger anchoring...
[2026-09-05 03:26:12] [GATE-4-5] [INFO]   ✓ Collected     2330 work receipts for Merkle tree
[2026-09-05 03:26:12] [GATE-4-5] [INFO]   ✓ AP2 Merkle tree entry created
[2026-09-05 03:26:12] [GATE-4-5] [INFO]   ✓ AP2 ledger entry integrity verified (SHA256: 1f8fe1598e74c1c3...)
[2026-09-05 03:26:12] [GATE-4-5] [INFO]   ✓ AP2 ledger staged for commit
[2026-09-05 03:26:15] [GATE-4-5] [INFO]   ✓ AP2 ledger committed to git
[2026-09-05 03:26:15] [GATE-4-5] [INFO] GATE 5: Final compliance check...
[2026-09-05 03:26:54] [GATE-4-5] [INFO]   ✓ Git policy compliance verified
[2026-09-05 03:26:54] [GATE-4-5] [INFO]   ✓ Found 4/7 proof artifacts
[2026-09-05 03:26:54] [GATE-4-5] [INFO]   ✓ Evidence integrity verified (    2339 files)
[2026-09-05 03:26:54] [GATE-4-5] [INFO]   ✓ Session validation passed (1788571614s duration)
[2026-09-05 03:26:54] [GATE-4-5] [INFO] Compliance report written to: /Users/andriileukhin/Documents/SovereignNexus/.smaos/compliance_check_1788571572.json
[2026-09-05 03:26:54] [GATE-4-5] [INFO] =========================================
[2026-09-05 03:26:54] [GATE-4-5] [INFO] Gate 4-5 Summary:
[2026-09-05 03:26:54] [GATE-4-5] [INFO]   Gate 4 (AP2 anchor):     PASS (4/4)
[2026-09-05 03:26:54] [GATE-4-5] [INFO]   Gate 5 (compliance):     PASS (4/5)
[2026-09-05 03:26:54] [GATE-4-5] [INFO]   Compliance Report:       compliance_check_1788571572.json
[2026-09-05 03:26:54] [GATE-4-5] [INFO] =========================================
[2026-09-05 03:26:54] [GATE-4-5] [INFO] Gate 4-5 PASSED: Session compliance verified, ready for shutdown
[2026-09-05 03:27:21] [GATE-4-5] [INFO] === Gate 4-5 Serial Verification ===
[2026-09-05 03:27:21] [GATE-4-5] [INFO] GATE 4: AP2 Merkle ledger anchoring...
[2026-09-05 03:27:21] [GATE-4-5] [INFO]   ✓ Collected     2334 work receipts for Merkle tree
[2026-09-05 03:27:22] [GATE-4-5] [INFO]   ✓ AP2 Merkle tree entry created
[2026-09-05 03:27:22] [GATE-4-5] [INFO]   ✓ AP2 ledger entry integrity verified (SHA256: 973741d8330a2222...)
[2026-09-05 03:27:22] [GATE-4-5] [INFO]   ✓ AP2 ledger staged for commit
[2026-09-05 03:27:24] [GATE-4-5] [INFO]   ✓ AP2 ledger committed to git
[2026-09-05 03:27:24] [GATE-4-5] [INFO] GATE 5: Final compliance check...
[2026-09-05 03:28:04] [GATE-4-5] [INFO]   ✓ Git policy compliance verified
[2026-09-05 03:28:04] [GATE-4-5] [INFO]   ✓ Found 4/7 proof artifacts
[2026-09-05 03:28:05] [GATE-4-5] [INFO]   ✓ Evidence integrity verified (    2349 files)
[2026-09-05 03:28:05] [GATE-4-5] [INFO]   ✓ Session validation passed (1788571685s duration)
[2026-09-05 03:28:05] [GATE-4-5] [INFO] Compliance report written to: /Users/andriileukhin/Documents/SovereignNexus/.smaos/compliance_check_1788571641.json
[2026-09-05 03:28:05] [GATE-4-5] [INFO] =========================================
[2026-09-05 03:28:05] [GATE-4-5] [INFO] Gate 4-5 Summary:
[2026-09-05 03:28:05] [GATE-4-5] [INFO]   Gate 4 (AP2 anchor):     PASS (4/4)
[2026-09-05 03:28:05] [GATE-4-5] [INFO]   Gate 5 (compliance):     PASS (4/5)
[2026-09-05 03:28:05] [GATE-4-5] [INFO]   Compliance Report:       compliance_check_1788571641.json
[2026-09-05 03:28:05] [GATE-4-5] [INFO] =========================================
[2026-09-05 03:28:05] [GATE-4-5] [INFO] Gate 4-5 PASSED: Session compliance verified, ready for shutdown
[2026-09-05 03:28:58] [GATE-4-5] [INFO] === Gate 4-5 Serial Verification ===
[2026-09-05 03:28:58] [GATE-4-5] [INFO] GATE 4: AP2 Merkle ledger anchoring...
[2026-09-05 03:28:58] [GATE-4-5] [INFO]   ✓ Collected     2361 work receipts for Merkle tree
[2026-09-05 03:28:59] [GATE-4-5] [INFO]   ✓ AP2 Merkle tree entry created
[2026-09-05 03:28:59] [GATE-4-5] [INFO]   ✓ AP2 ledger entry integrity verified (SHA256: 5d3794dd01347778...)
[2026-09-05 03:28:59] [GATE-4-5] [WARN]   ⚠ Could not stage AP2 ledger for commit
[2026-09-05 03:28:59] [GATE-4-5] [INFO] GATE 5: Final compliance check...
[2026-09-05 03:29:37] [GATE-4-5] [INFO]   ✓ Git policy compliance verified
[2026-09-05 03:29:37] [GATE-4-5] [INFO]   ✓ Found 4/7 proof artifacts
[2026-09-05 03:29:37] [GATE-4-5] [INFO]   ✓ Evidence integrity verified (    2379 files)
[2026-09-05 03:29:37] [GATE-4-5] [INFO]   ✓ Session validation passed (1788571777s duration)
[2026-09-05 03:29:37] [GATE-4-5] [INFO] Compliance report written to: /Users/andriileukhin/Documents/SovereignNexus/.smaos/compliance_check_1788571738.json
[2026-09-05 03:29:37] [GATE-4-5] [INFO] =========================================
[2026-09-05 03:29:37] [GATE-4-5] [INFO] Gate 4-5 Summary:
[2026-09-05 03:29:37] [GATE-4-5] [INFO]   Gate 4 (AP2 anchor):     PASS (3/4)
[2026-09-05 03:29:37] [GATE-4-5] [INFO]   Gate 5 (compliance):     PASS (4/5)
[2026-09-05 03:29:37] [GATE-4-5] [INFO]   Compliance Report:       compliance_check_1788571738.json
[2026-09-05 03:29:37] [GATE-4-5] [INFO] =========================================
[2026-09-05 03:29:37] [GATE-4-5] [INFO] Gate 4-5 PASSED: Session compliance verified, ready for shutdown
[2026-09-05 03:33:02] [GATE-4-5] [INFO] === Gate 4-5 Serial Verification ===
[2026-09-05 03:33:02] [GATE-4-5] [INFO] GATE 4: AP2 Merkle ledger anchoring...
[2026-09-05 03:33:02] [GATE-4-5] [INFO]   ✓ Collected     2399 work receipts for Merkle tree
[2026-09-05 03:33:02] [GATE-4-5] [INFO]   ✓ AP2 Merkle tree entry created
[2026-09-05 03:33:02] [GATE-4-5] [INFO]   ✓ AP2 ledger entry integrity verified (SHA256: 015d575087a89ac1...)
[2026-09-05 03:33:02] [GATE-4-5] [INFO]   ✓ AP2 ledger staged for commit
[2026-09-05 03:33:05] [GATE-4-5] [INFO]   ✓ AP2 ledger committed to git
[2026-09-05 03:33:05] [GATE-4-5] [INFO] GATE 5: Final compliance check...
[2026-09-05 03:33:44] [GATE-4-5] [INFO]   ✓ Git policy compliance verified
[2026-09-05 03:33:44] [GATE-4-5] [INFO]   ✓ Found 4/7 proof artifacts
[2026-09-05 03:33:44] [GATE-4-5] [INFO]   ✓ Evidence integrity verified (    2408 files)
[2026-09-05 03:33:44] [GATE-4-5] [INFO]   ✓ Session validation passed (1788572024s duration)
[2026-09-05 03:33:44] [GATE-4-5] [INFO] Compliance report written to: /Users/andriileukhin/Documents/SovereignNexus/.smaos/compliance_check_1788571982.json
[2026-09-05 03:33:44] [GATE-4-5] [INFO] =========================================
[2026-09-05 03:33:44] [GATE-4-5] [INFO] Gate 4-5 Summary:
[2026-09-05 03:33:44] [GATE-4-5] [INFO]   Gate 4 (AP2 anchor):     PASS (4/4)
[2026-09-05 03:33:44] [GATE-4-5] [INFO]   Gate 5 (compliance):     PASS (4/5)
[2026-09-05 03:33:44] [GATE-4-5] [INFO]   Compliance Report:       compliance_check_1788571982.json
[2026-09-05 03:33:44] [GATE-4-5] [INFO] =========================================
[2026-09-05 03:33:44] [GATE-4-5] [INFO] Gate 4-5 PASSED: Session compliance verified, ready for shutdown
[2026-09-05 04:00:33] [GATE-4-5] [INFO] === Gate 4-5 Serial Verification ===
[2026-09-05 04:00:33] [GATE-4-5] [INFO] GATE 4: AP2 Merkle ledger anchoring...
[2026-09-05 04:00:33] [GATE-4-5] [INFO]   ✓ Collected     2399 work receipts for Merkle tree
[2026-09-05 04:00:34] [GATE-4-5] [INFO]   ✓ AP2 Merkle tree entry created
[2026-09-05 04:00:34] [GATE-4-5] [INFO]   ✓ AP2 ledger entry integrity verified (SHA256: 0d8aae330ae07d93...)
[2026-09-05 04:00:34] [GATE-4-5] [INFO]   ✓ AP2 ledger staged for commit
[2026-09-05 04:00:36] [GATE-4-5] [INFO]   ✓ AP2 ledger committed to git
[2026-09-05 04:00:36] [GATE-4-5] [INFO] GATE 5: Final compliance check...
[2026-09-05 04:01:15] [GATE-4-5] [INFO]   ✓ Git policy compliance verified
[2026-09-05 04:01:15] [GATE-4-5] [INFO]   ✓ Found 4/7 proof artifacts
[2026-09-05 04:01:15] [GATE-4-5] [INFO]   ✓ Evidence integrity verified (    2414 files)
[2026-09-05 04:01:15] [GATE-4-5] [INFO]   ✓ Session validation passed (1788573675s duration)
[2026-09-05 04:01:15] [GATE-4-5] [INFO] Compliance report written to: /Users/andriileukhin/Documents/SovereignNexus/.smaos/compliance_check_1788573633.json
[2026-09-05 04:01:15] [GATE-4-5] [INFO] =========================================
[2026-09-05 04:01:15] [GATE-4-5] [INFO] Gate 4-5 Summary:
[2026-09-05 04:01:15] [GATE-4-5] [INFO]   Gate 4 (AP2 anchor):     PASS (4/4)
[2026-09-05 04:01:15] [GATE-4-5] [INFO]   Gate 5 (compliance):     PASS (4/5)
[2026-09-05 04:01:15] [GATE-4-5] [INFO]   Compliance Report:       compliance_check_1788573633.json
[2026-09-05 04:01:15] [GATE-4-5] [INFO] =========================================
[2026-09-05 04:01:15] [GATE-4-5] [INFO] Gate 4-5 PASSED: Session compliance verified, ready for shutdown
[2026-09-05 04:04:03] [GATE-4-5] [INFO] === Gate 4-5 Serial Verification ===
[2026-09-05 04:04:03] [GATE-4-5] [INFO] GATE 4: AP2 Merkle ledger anchoring...
[2026-09-05 04:04:03] [GATE-4-5] [INFO]   ✓ Collected     2431 work receipts for Merkle tree
[2026-09-05 04:04:03] [GATE-4-5] [INFO]   ✓ AP2 Merkle tree entry created
[2026-09-05 04:04:03] [GATE-4-5] [INFO]   ✓ AP2 ledger entry integrity verified (SHA256: a6888937d1086610...)
[2026-09-05 04:04:03] [GATE-4-5] [INFO]   ✓ AP2 ledger staged for commit
[2026-09-05 04:04:06] [GATE-4-5] [INFO]   ✓ AP2 ledger committed to git
[2026-09-05 04:04:06] [GATE-4-5] [INFO] GATE 5: Final compliance check...
